time,location,Y,carts,payment,purchase
2024-06-28,tlaxcala,270,15,16,0
2024-06-28,michoacán,1266,67,44,3
2024-06-28,yucatán,1249,46,40,4
2024-06-28,guerrero,576,9,7,0
2024-06-28,tamaulipas,1138,30,23,1
2024-06-28,san luis potosí,592,21,19,2
2024-06-28,sinaloa,1620,57,51,6
2024-06-28,zacatecas,408,12,11,0
2024-06-28,morelos,960,30,26,0
2024-06-28,coahuila,1443,146,126,5
2024-06-28,jalisco,5327,227,189,18
2024-06-28,aguascalientes,415,11,7,1
2024-06-28,nuevo león,4774,198,147,16
2024-06-28,chihuahua,1515,64,45,4
2024-06-28,quintana roo,1433,42,42,3
2024-06-28,méxico,6615,239,195,23
2024-06-28,puebla,1785,78,60,4
2024-06-28,hidalgo,645,25,20,3
2024-06-28,querétaro,1430,69,31,6
2024-06-28,oaxaca,279,11,5,1
2024-06-28,nayarit,222,7,4,2
2024-06-28,durango,301,11,7,1
2024-06-28,colima,314,13,10,0
2024-06-28,baja california,1597,70,53,4
2024-06-28,mexico city,14072,664,567,44
2024-06-28,chiapas,516,24,18,0
2024-06-28,guanajuato,1962,65,55,4
2024-06-28,veracruz,1952,75,65,6
2024-06-28,campeche,333,13,15,1
2024-06-28,tabasco,1015,41,28,2
2024-06-28,baja california sur,388,16,12,1
2024-06-28,sonora,1484,49,44,5
2024-06-29,tlaxcala,241,15,11,0
2024-06-29,michoacán,1111,39,30,2
2024-06-29,yucatán,1151,43,36,3
2024-06-29,guerrero,507,22,16,2
2024-06-29,tamaulipas,1033,35,26,1
2024-06-29,san luis potosí,546,27,10,1
2024-06-29,sinaloa,1201,42,27,1
2024-06-29,zacatecas,323,9,10,1
2024-06-29,morelos,851,24,21,6
2024-06-29,coahuila,1226,131,118,2
2024-06-29,jalisco,4673,193,164,23
2024-06-29,aguascalientes,405,16,10,3
2024-06-29,nuevo león,4211,156,123,17
2024-06-29,chihuahua,1331,57,38,5
2024-06-29,quintana roo,1451,63,40,8
2024-06-29,méxico,5608,210,177,15
2024-06-29,puebla,1630,64,60,7
2024-06-29,hidalgo,519,23,23,1
2024-06-29,querétaro,1327,48,49,10
2024-06-29,oaxaca,230,10,5,0
2024-06-29,nayarit,208,11,7,0
2024-06-29,durango,268,12,7,1
2024-06-29,colima,262,12,9,0
2024-06-29,baja california,1442,40,35,1
2024-06-29,mexico city,12302,585,474,50
2024-06-29,chiapas,492,21,17,1
2024-06-29,guanajuato,1662,63,38,3
2024-06-29,veracruz,1539,62,36,5
2024-06-29,campeche,295,11,9,1
2024-06-29,tabasco,937,37,18,1
2024-06-29,baja california sur,304,11,12,3
2024-06-29,sonora,1161,37,24,0
2024-06-30,tlaxcala,324,12,11,0
2024-06-30,michoacán,1387,62,37,2
2024-06-30,yucatán,1205,42,28,8
2024-06-30,guerrero,619,20,15,2
2024-06-30,tamaulipas,1247,29,26,1
2024-06-30,san luis potosí,691,30,16,1
2024-06-30,sinaloa,1458,49,29,3
2024-06-30,zacatecas,399,14,17,0
2024-06-30,morelos,979,41,16,1
2024-06-30,coahuila,1484,142,114,5
2024-06-30,jalisco,5354,211,175,15
2024-06-30,aguascalientes,453,16,7,1
2024-06-30,nuevo león,5384,204,134,23
2024-06-30,chihuahua,1494,48,36,3
2024-06-30,quintana roo,1465,46,37,5
2024-06-30,méxico,7374,267,221,30
2024-06-30,puebla,1979,68,54,5
2024-06-30,hidalgo,731,25,25,2
2024-06-30,querétaro,1623,69,32,1
2024-06-30,oaxaca,291,13,8,2
2024-06-30,nayarit,242,11,8,2
2024-06-30,durango,332,8,3,0
2024-06-30,colima,311,19,20,3
2024-06-30,baja california,1484,50,36,2
2024-06-30,mexico city,14939,668,522,45
2024-06-30,chiapas,543,21,13,0
2024-06-30,guanajuato,2084,70,47,7
2024-06-30,veracruz,2217,71,58,8
2024-06-30,campeche,379,15,17,2
2024-06-30,tabasco,1105,46,38,4
2024-06-30,baja california sur,318,7,5,0
2024-06-30,sonora,1405,49,41,3
2024-07-01,tlaxcala,307,20,14,1
2024-07-01,michoacán,1526,59,46,7
2024-07-01,yucatán,1376,37,36,4
2024-07-01,guerrero,682,20,18,4
2024-07-01,tamaulipas,1301,38,28,4
2024-07-01,san luis potosí,741,24,9,3
2024-07-01,sinaloa,1668,65,40,3
2024-07-01,zacatecas,426,18,11,0
2024-07-01,morelos,1116,36,15,1
2024-07-01,coahuila,1773,161,137,1
2024-07-01,jalisco,6316,233,163,18
2024-07-01,aguascalientes,434,18,8,2
2024-07-01,nuevo león,5925,223,157,20
2024-07-01,chihuahua,1690,64,38,2
2024-07-01,quintana roo,1598,58,51,4
2024-07-01,méxico,8728,322,263,28
2024-07-01,puebla,2273,83,63,6
2024-07-01,hidalgo,817,30,23,1
2024-07-01,querétaro,1879,71,70,10
2024-07-01,oaxaca,309,8,9,0
2024-07-01,nayarit,276,18,16,1
2024-07-01,durango,362,12,6,2
2024-07-01,colima,349,22,14,3
2024-07-01,baja california,1746,51,39,1
2024-07-01,mexico city,18769,826,690,84
2024-07-01,chiapas,653,17,19,1
2024-07-01,guanajuato,2320,83,48,6
2024-07-01,veracruz,2293,68,52,3
2024-07-01,campeche,394,24,14,0
2024-07-01,tabasco,1194,45,42,5
2024-07-01,baja california sur,397,14,11,1
2024-07-01,sonora,1644,76,56,6
2024-07-02,tlaxcala,354,14,13,3
2024-07-02,michoacán,1626,64,52,3
2024-07-02,yucatán,1547,52,56,6
2024-07-02,guerrero,736,21,16,1
2024-07-02,tamaulipas,1392,45,32,3
2024-07-02,san luis potosí,810,26,20,2
2024-07-02,sinaloa,1722,61,54,7
2024-07-02,zacatecas,557,27,21,4
2024-07-02,morelos,1224,36,21,2
2024-07-02,coahuila,1909,246,238,33
2024-07-02,jalisco,7198,264,193,22
2024-07-02,aguascalientes,587,20,16,0
2024-07-02,nuevo león,6580,269,202,26
2024-07-02,chihuahua,1871,68,46,7
2024-07-02,quintana roo,1554,40,29,4
2024-07-02,méxico,9707,322,257,24
2024-07-02,puebla,2666,93,75,8
2024-07-02,hidalgo,844,34,25,3
2024-07-02,querétaro,2118,88,70,5
2024-07-02,oaxaca,367,11,12,0
2024-07-02,nayarit,288,14,7,1
2024-07-02,durango,415,13,11,2
2024-07-02,colima,395,15,9,3
2024-07-02,baja california,1852,65,46,3
2024-07-02,mexico city,21622,1019,813,102
2024-07-02,chiapas,649,27,17,0
2024-07-02,guanajuato,2546,78,59,5
2024-07-02,veracruz,2436,83,69,8
2024-07-02,campeche,402,14,8,1
2024-07-02,tabasco,1322,46,32,2
2024-07-02,baja california sur,422,18,14,2
2024-07-02,sonora,1736,65,47,1
2024-07-03,tlaxcala,363,13,10,2
2024-07-03,michoacán,1584,62,40,6
2024-07-03,yucatán,1566,55,43,4
2024-07-03,guerrero,764,22,18,0
2024-07-03,tamaulipas,1488,47,28,3
2024-07-03,san luis potosí,906,30,28,3
2024-07-03,sinaloa,1852,63,49,7
2024-07-03,zacatecas,550,19,8,0
2024-07-03,morelos,1231,38,31,6
2024-07-03,coahuila,2055,310,285,48
2024-07-03,jalisco,7347,299,218,19
2024-07-03,aguascalientes,591,24,18,1
2024-07-03,nuevo león,7099,275,209,17
2024-07-03,chihuahua,1888,75,50,7
2024-07-03,quintana roo,1467,46,42,5
2024-07-03,méxico,10047,352,286,34
2024-07-03,puebla,2776,111,81,9
2024-07-03,hidalgo,912,36,33,4
2024-07-03,querétaro,2192,81,38,3
2024-07-03,oaxaca,381,15,15,0
2024-07-03,nayarit,281,9,5,0
2024-07-03,durango,415,10,6,0
2024-07-03,colima,357,18,8,1
2024-07-03,baja california,1909,61,44,3
2024-07-03,mexico city,22804,1085,878,103
2024-07-03,chiapas,647,40,18,1
2024-07-03,guanajuato,2812,103,67,5
2024-07-03,veracruz,2493,88,67,10
2024-07-03,campeche,482,19,16,1
2024-07-03,tabasco,1351,62,42,3
2024-07-03,baja california sur,424,14,11,0
2024-07-03,sonora,1831,53,35,4
2024-07-04,tlaxcala,308,18,19,1
2024-07-04,michoacán,1308,50,54,5
2024-07-04,yucatán,1007,26,28,4
2024-07-04,guerrero,574,21,18,3
2024-07-04,tamaulipas,1142,48,32,1
2024-07-04,san luis potosí,642,20,20,1
2024-07-04,sinaloa,1434,56,41,10
2024-07-04,zacatecas,372,8,8,0
2024-07-04,morelos,974,41,29,1
2024-07-04,coahuila,1629,281,267,3
2024-07-04,jalisco,5649,213,160,12
2024-07-04,aguascalientes,452,13,11,0
2024-07-04,nuevo león,5356,211,176,21
2024-07-04,chihuahua,1443,44,38,0
2024-07-04,quintana roo,1113,26,19,1
2024-07-04,méxico,7756,298,244,32
2024-07-04,puebla,2161,64,53,5
2024-07-04,hidalgo,656,23,20,2
2024-07-04,querétaro,1586,58,51,9
2024-07-04,oaxaca,309,14,12,1
2024-07-04,nayarit,235,7,9,0
2024-07-04,durango,323,6,12,1
2024-07-04,colima,272,9,11,3
2024-07-04,baja california,1681,50,46,3
2024-07-04,mexico city,17590,857,762,54
2024-07-04,chiapas,496,18,19,5
2024-07-04,guanajuato,2138,54,54,8
2024-07-04,veracruz,1966,69,56,6
2024-07-04,campeche,318,8,7,1
2024-07-04,tabasco,1059,36,39,4
2024-07-04,baja california sur,337,20,9,1
2024-07-04,sonora,1268,38,16,1
2024-07-05,tlaxcala,223,1,5,1
2024-07-05,michoacán,1013,41,36,5
2024-07-05,yucatán,1203,46,38,3
2024-07-05,guerrero,495,16,12,0
2024-07-05,tamaulipas,934,23,14,3
2024-07-05,san luis potosí,563,27,19,4
2024-07-05,sinaloa,1204,36,44,6
2024-07-05,zacatecas,304,9,5,0
2024-07-05,morelos,786,24,20,0
2024-07-05,coahuila,1221,187,175,4
2024-07-05,jalisco,4537,212,177,18
2024-07-05,aguascalientes,344,6,8,0
2024-07-05,nuevo león,4529,179,158,24
2024-07-05,chihuahua,1185,40,39,4
2024-07-05,quintana roo,1139,33,26,2
2024-07-05,méxico,6388,262,211,30
2024-07-05,puebla,1661,53,45,7
2024-07-05,hidalgo,554,17,19,5
2024-07-05,querétaro,1296,43,35,5
2024-07-05,oaxaca,236,11,12,0
2024-07-05,nayarit,155,4,7,2
2024-07-05,durango,257,11,12,0
2024-07-05,colima,229,12,11,2
2024-07-05,baja california,1300,45,38,0
2024-07-05,mexico city,14276,681,616,61
2024-07-05,chiapas,389,11,10,3
2024-07-05,guanajuato,1725,61,52,6
2024-07-05,veracruz,1649,60,55,8
2024-07-05,campeche,348,18,10,1
2024-07-05,tabasco,951,33,25,4
2024-07-05,baja california sur,255,10,2,0
2024-07-05,sonora,1011,38,33,3
2024-07-06,tlaxcala,238,10,11,1
2024-07-06,michoacán,970,30,27,4
2024-07-06,yucatán,1279,54,52,5
2024-07-06,guerrero,567,17,21,1
2024-07-06,tamaulipas,1023,34,25,1
2024-07-06,san luis potosí,501,18,16,1
2024-07-06,sinaloa,1237,45,44,12
2024-07-06,zacatecas,334,18,14,0
2024-07-06,morelos,868,31,18,1
2024-07-06,coahuila,1074,38,30,5
2024-07-06,jalisco,4655,206,184,21
2024-07-06,aguascalientes,332,15,15,1
2024-07-06,nuevo león,4532,196,144,18
2024-07-06,chihuahua,1285,44,42,8
2024-07-06,quintana roo,1241,42,45,5
2024-07-06,méxico,6407,233,198,18
2024-07-06,puebla,1588,52,59,6
2024-07-06,hidalgo,508,18,13,2
2024-07-06,querétaro,1264,51,38,6
2024-07-06,oaxaca,205,4,3,0
2024-07-06,nayarit,170,5,3,0
2024-07-06,durango,260,7,12,3
2024-07-06,colima,239,7,7,0
2024-07-06,baja california,1358,47,36,8
2024-07-06,mexico city,14079,534,486,66
2024-07-06,chiapas,456,18,20,4
2024-07-06,guanajuato,1779,52,61,5
2024-07-06,veracruz,1649,56,50,8
2024-07-06,campeche,340,18,8,0
2024-07-06,tabasco,834,29,28,2
2024-07-06,baja california sur,266,8,9,2
2024-07-06,sonora,1091,37,27,2
2024-07-07,tlaxcala,269,16,20,2
2024-07-07,michoacán,1046,39,45,7
2024-07-07,yucatán,1228,54,49,9
2024-07-07,guerrero,510,9,10,1
2024-07-07,tamaulipas,1006,37,35,4
2024-07-07,san luis potosí,538,26,26,5
2024-07-07,sinaloa,1207,55,54,5
2024-07-07,zacatecas,287,6,9,2
2024-07-07,morelos,842,26,31,5
2024-07-07,coahuila,1189,55,45,6
2024-07-07,jalisco,4684,212,149,17
2024-07-07,aguascalientes,330,12,13,0
2024-07-07,nuevo león,4915,198,158,13
2024-07-07,chihuahua,1344,62,41,2
2024-07-07,quintana roo,1281,52,45,3
2024-07-07,méxico,6402,250,258,36
2024-07-07,puebla,1665,54,58,5
2024-07-07,hidalgo,515,20,17,2
2024-07-07,querétaro,1350,52,42,6
2024-07-07,oaxaca,231,8,8,0
2024-07-07,nayarit,178,10,4,0
2024-07-07,durango,324,7,7,1
2024-07-07,colima,223,6,5,3
2024-07-07,baja california,1456,46,28,0
2024-07-07,mexico city,13584,536,500,80
2024-07-07,chiapas,446,14,12,0
2024-07-07,guanajuato,1792,72,69,7
2024-07-07,veracruz,1715,69,60,8
2024-07-07,campeche,350,13,13,0
2024-07-07,tabasco,884,34,30,3
2024-07-07,baja california sur,291,7,7,2
2024-07-07,sonora,1177,39,36,1
2024-07-08,tlaxcala,260,12,12,2
2024-07-08,michoacán,1258,42,31,4
2024-07-08,yucatán,1498,50,42,5
2024-07-08,guerrero,601,28,19,0
2024-07-08,tamaulipas,1310,42,43,3
2024-07-08,san luis potosí,682,30,25,6
2024-07-08,sinaloa,1560,60,55,7
2024-07-08,zacatecas,402,16,10,2
2024-07-08,morelos,936,40,27,1
2024-07-08,coahuila,1565,159,129,3
2024-07-08,jalisco,6003,237,201,25
2024-07-08,aguascalientes,447,20,19,2
2024-07-08,nuevo león,6098,204,166,28
2024-07-08,chihuahua,1672,63,50,6
2024-07-08,quintana roo,1449,58,45,2
2024-07-08,méxico,7724,286,249,32
2024-07-08,puebla,2034,71,66,6
2024-07-08,hidalgo,631,16,23,4
2024-07-08,querétaro,1587,54,49,9
2024-07-08,oaxaca,273,15,12,0
2024-07-08,nayarit,219,6,2,0
2024-07-08,durango,303,10,6,0
2024-07-08,colima,318,13,8,2
2024-07-08,baja california,1615,58,45,6
2024-07-08,mexico city,16788,788,628,68
2024-07-08,chiapas,535,21,23,4
2024-07-08,guanajuato,2152,68,63,5
2024-07-08,veracruz,1944,85,64,4
2024-07-08,campeche,401,9,12,3
2024-07-08,tabasco,1176,45,47,5
2024-07-08,baja california sur,349,11,7,0
2024-07-08,sonora,1464,51,51,5
2024-07-09,tlaxcala,298,9,10,1
2024-07-09,michoacán,1508,60,46,5
2024-07-09,yucatán,1542,52,42,6
2024-07-09,guerrero,649,25,23,2
2024-07-09,tamaulipas,1390,43,31,1
2024-07-09,san luis potosí,829,31,15,2
2024-07-09,sinaloa,1768,73,60,6
2024-07-09,zacatecas,463,18,16,1
2024-07-09,morelos,1136,30,35,7
2024-07-09,coahuila,1887,262,249,3
2024-07-09,jalisco,6476,266,194,28
2024-07-09,aguascalientes,571,15,25,1
2024-07-09,nuevo león,6596,276,218,23
2024-07-09,chihuahua,1858,74,52,7
2024-07-09,quintana roo,1513,48,50,8
2024-07-09,méxico,8951,354,293,20
2024-07-09,puebla,2393,96,84,7
2024-07-09,hidalgo,765,31,21,3
2024-07-09,querétaro,1869,81,69,11
2024-07-09,oaxaca,325,20,15,4
2024-07-09,nayarit,262,6,13,2
2024-07-09,durango,335,12,11,0
2024-07-09,colima,335,12,12,2
2024-07-09,baja california,1721,60,56,5
2024-07-09,mexico city,19865,1006,904,82
2024-07-09,chiapas,659,20,17,1
2024-07-09,guanajuato,2442,84,71,12
2024-07-09,veracruz,2308,81,66,3
2024-07-09,campeche,445,20,11,1
2024-07-09,tabasco,1268,44,39,2
2024-07-09,baja california sur,405,16,13,1
2024-07-09,sonora,1631,67,42,6
2024-07-10,tlaxcala,339,12,12,1
2024-07-10,michoacán,1581,68,44,5
2024-07-10,yucatán,1636,68,60,4
2024-07-10,guerrero,711,30,19,4
2024-07-10,tamaulipas,1434,58,44,3
2024-07-10,san luis potosí,836,30,32,4
2024-07-10,sinaloa,1905,69,45,5
2024-07-10,zacatecas,437,20,13,3
2024-07-10,morelos,1200,39,28,1
2024-07-10,coahuila,1872,321,304,9
2024-07-10,jalisco,7233,280,248,27
2024-07-10,aguascalientes,550,23,16,1
2024-07-10,nuevo león,7163,315,222,19
2024-07-10,chihuahua,2001,60,39,1
2024-07-10,quintana roo,1584,57,35,3
2024-07-10,méxico,9353,353,267,31
2024-07-10,puebla,2534,92,67,4
2024-07-10,hidalgo,773,29,32,3
2024-07-10,querétaro,2171,86,69,4
2024-07-10,oaxaca,338,8,12,3
2024-07-10,nayarit,230,14,6,0
2024-07-10,durango,349,11,5,0
2024-07-10,colima,358,19,18,1
2024-07-10,baja california,1841,59,49,6
2024-07-10,mexico city,22148,1130,965,90
2024-07-10,chiapas,652,34,26,4
2024-07-10,guanajuato,2494,110,78,12
2024-07-10,veracruz,2461,90,69,9
2024-07-10,campeche,463,23,26,4
2024-07-10,tabasco,1270,49,32,4
2024-07-10,baja california sur,446,14,10,1
2024-07-10,sonora,1719,68,39,2
2024-07-11,tlaxcala,341,12,5,0
2024-07-11,michoacán,1997,69,47,5
2024-07-11,yucatán,1906,66,43,4
2024-07-11,guerrero,840,33,26,4
2024-07-11,tamaulipas,1606,65,36,4
2024-07-11,san luis potosí,1082,53,27,3
2024-07-11,sinaloa,2245,93,59,4
2024-07-11,zacatecas,529,31,16,2
2024-07-11,morelos,1259,42,28,1
2024-07-11,coahuila,2086,324,303,5
2024-07-11,jalisco,6303,230,170,19
2024-07-11,aguascalientes,631,15,12,0
2024-07-11,nuevo león,8114,307,223,21
2024-07-11,chihuahua,2364,103,73,3
2024-07-11,quintana roo,1425,41,36,3
2024-07-11,méxico,8169,280,243,28
2024-07-11,puebla,2097,79,58,3
2024-07-11,hidalgo,845,26,21,2
2024-07-11,querétaro,2176,68,69,6
2024-07-11,oaxaca,365,11,9,1
2024-07-11,nayarit,289,8,7,1
2024-07-11,durango,421,23,14,2
2024-07-11,colima,407,20,16,0
2024-07-11,baja california,2107,69,43,2
2024-07-11,mexico city,20978,1055,903,97
2024-07-11,chiapas,729,35,21,3
2024-07-11,guanajuato,2938,112,89,8
2024-07-11,veracruz,2599,77,54,1
2024-07-11,campeche,535,23,21,2
2024-07-11,tabasco,1391,36,29,0
2024-07-11,baja california sur,505,18,11,3
2024-07-11,sonora,1914,62,47,3
2024-07-12,tlaxcala,307,19,12,0
2024-07-12,michoacán,1792,62,47,6
2024-07-12,yucatán,1685,67,46,6
2024-07-12,guerrero,807,31,20,0
2024-07-12,tamaulipas,1555,51,38,1
2024-07-12,san luis potosí,966,46,29,6
2024-07-12,sinaloa,2215,84,63,7
2024-07-12,zacatecas,540,13,12,1
2024-07-12,morelos,1226,40,33,2
2024-07-12,coahuila,2103,348,324,2
2024-07-12,jalisco,3867,153,142,20
2024-07-12,aguascalientes,643,23,19,3
2024-07-12,nuevo león,7560,242,181,29
2024-07-12,chihuahua,2263,90,71,6
2024-07-12,quintana roo,885,25,26,2
2024-07-12,méxico,5404,204,175,19
2024-07-12,puebla,1285,57,51,5
2024-07-12,hidalgo,797,34,28,2
2024-07-12,querétaro,2036,60,41,9
2024-07-12,oaxaca,347,10,7,0
2024-07-12,nayarit,297,13,5,1
2024-07-12,durango,460,20,20,1
2024-07-12,colima,354,12,6,1
2024-07-12,baja california,2047,87,64,6
2024-07-12,mexico city,17353,826,710,67
2024-07-12,chiapas,707,19,16,2
2024-07-12,guanajuato,2704,73,45,6
2024-07-12,veracruz,2504,78,51,4
2024-07-12,campeche,435,18,6,1
2024-07-12,tabasco,1215,46,42,2
2024-07-12,baja california sur,487,17,12,0
2024-07-12,sonora,1878,51,42,2
2024-07-13,tlaxcala,323,12,10,1
2024-07-13,michoacán,2280,80,50,2
2024-07-13,yucatán,2145,79,52,2
2024-07-13,guerrero,983,32,30,1
2024-07-13,tamaulipas,1803,69,47,2
2024-07-13,san luis potosí,1074,32,23,6
2024-07-13,sinaloa,2394,84,62,8
2024-07-13,zacatecas,568,23,22,3
2024-07-13,morelos,1568,54,46,7
2024-07-13,coahuila,2343,340,312,3
2024-07-13,jalisco,3863,148,122,17
2024-07-13,aguascalientes,703,11,17,1
2024-07-13,nuevo león,8607,273,208,22
2024-07-13,chihuahua,2514,83,66,11
2024-07-13,quintana roo,814,30,28,2
2024-07-13,méxico,5556,210,174,20
2024-07-13,puebla,1410,48,58,10
2024-07-13,hidalgo,926,42,34,6
2024-07-13,querétaro,2339,90,49,5
2024-07-13,oaxaca,404,17,11,0
2024-07-13,nayarit,318,7,6,3
2024-07-13,durango,545,25,13,0
2024-07-13,colima,378,8,7,1
2024-07-13,baja california,2148,66,49,2
2024-07-13,mexico city,18624,920,746,67
2024-07-13,chiapas,788,23,21,2
2024-07-13,guanajuato,3155,90,64,5
2024-07-13,veracruz,3050,95,69,7
2024-07-13,campeche,678,21,20,3
2024-07-13,tabasco,1518,54,32,3
2024-07-13,baja california sur,500,18,14,2
2024-07-13,sonora,2098,70,44,4
2024-07-14,tlaxcala,339,13,6,1
2024-07-14,michoacán,1826,79,63,8
2024-07-14,yucatán,1879,66,59,4
2024-07-14,guerrero,821,23,14,0
2024-07-14,tamaulipas,1618,50,50,4
2024-07-14,san luis potosí,916,30,25,8
2024-07-14,sinaloa,1985,69,59,7
2024-07-14,zacatecas,505,20,16,3
2024-07-14,morelos,1316,46,40,7
2024-07-14,coahuila,2064,337,312,3
2024-07-14,jalisco,3715,137,136,22
2024-07-14,aguascalientes,585,19,11,2
2024-07-14,nuevo león,7227,277,225,31
2024-07-14,chihuahua,2222,67,56,7
2024-07-14,quintana roo,777,30,36,6
2024-07-14,méxico,5357,235,205,28
2024-07-14,puebla,1243,37,33,5
2024-07-14,hidalgo,788,36,40,2
2024-07-14,querétaro,1976,94,60,7
2024-07-14,oaxaca,362,6,10,0
2024-07-14,nayarit,291,5,1,0
2024-07-14,durango,471,20,9,1
2024-07-14,colima,387,11,10,1
2024-07-14,baja california,1872,48,36,2
2024-07-14,mexico city,15994,876,766,62
2024-07-14,chiapas,742,33,22,0
2024-07-14,guanajuato,2768,94,56,8
2024-07-14,veracruz,2652,82,63,5
2024-07-14,campeche,525,20,15,0
2024-07-14,tabasco,1338,48,34,4
2024-07-14,baja california sur,482,16,11,2
2024-07-14,sonora,1803,53,36,3
2024-07-15,tlaxcala,261,7,6,1
2024-07-15,michoacán,1772,82,61,8
2024-07-15,yucatán,1862,59,59,8
2024-07-15,guerrero,747,27,21,4
2024-07-15,tamaulipas,1530,58,39,5
2024-07-15,san luis potosí,875,34,26,3
2024-07-15,sinaloa,2127,101,70,7
2024-07-15,zacatecas,485,14,11,0
2024-07-15,morelos,1154,36,25,4
2024-07-15,coahuila,2067,334,324,4
2024-07-15,jalisco,5689,284,222,32
2024-07-15,aguascalientes,563,20,16,0
2024-07-15,nuevo león,7105,307,237,30
2024-07-15,chihuahua,2183,91,73,10
2024-07-15,quintana roo,1212,46,38,4
2024-07-15,méxico,7291,324,267,36
2024-07-15,puebla,1752,87,69,7
2024-07-15,hidalgo,772,24,22,1
2024-07-15,querétaro,1955,97,69,6
2024-07-15,oaxaca,355,13,15,2
2024-07-15,nayarit,269,11,7,1
2024-07-15,durango,461,14,14,0
2024-07-15,colima,347,20,17,2
2024-07-15,baja california,1975,82,57,2
2024-07-15,mexico city,18284,973,815,84
2024-07-15,chiapas,589,22,18,3
2024-07-15,guanajuato,2671,107,71,10
2024-07-15,veracruz,2488,93,69,9
2024-07-15,campeche,486,23,8,1
2024-07-15,tabasco,1281,53,42,5
2024-07-15,baja california sur,442,20,12,0
2024-07-15,sonora,1890,70,50,6
2024-07-16,tlaxcala,443,21,21,2
2024-07-16,michoacán,2568,75,56,7
2024-07-16,yucatán,2475,105,79,8
2024-07-16,guerrero,1116,44,28,1
2024-07-16,tamaulipas,2197,95,75,10
2024-07-16,san luis potosí,1307,43,43,6
2024-07-16,sinaloa,2738,127,82,15
2024-07-16,zacatecas,638,24,14,2
2024-07-16,morelos,1606,50,33,4
2024-07-16,coahuila,2901,366,317,5
2024-07-16,jalisco,11098,540,361,48
2024-07-16,aguascalientes,874,34,26,7
2024-07-16,nuevo león,9489,401,287,34
2024-07-16,chihuahua,3112,133,83,10
2024-07-16,quintana roo,2666,139,89,11
2024-07-16,méxico,13878,586,422,67
2024-07-16,puebla,3868,183,122,19
2024-07-16,hidalgo,1136,51,41,6
2024-07-16,querétaro,2699,126,78,12
2024-07-16,oaxaca,575,15,9,1
2024-07-16,nayarit,365,17,18,2
2024-07-16,durango,693,25,11,2
2024-07-16,colima,533,25,18,1
2024-07-16,baja california,2805,82,59,4
2024-07-16,mexico city,28741,1379,1109,137
2024-07-16,chiapas,889,33,27,3
2024-07-16,guanajuato,3761,142,97,11
2024-07-16,veracruz,3503,122,89,5
2024-07-16,campeche,620,24,16,2
2024-07-16,tabasco,1702,61,44,4
2024-07-16,baja california sur,565,27,20,0
2024-07-16,sonora,2630,109,56,6
2024-07-17,tlaxcala,328,18,11,2
2024-07-17,michoacán,1954,91,64,10
2024-07-17,yucatán,1968,94,65,9
2024-07-17,guerrero,910,44,36,4
2024-07-17,tamaulipas,1652,82,59,8
2024-07-17,san luis potosí,994,48,44,4
2024-07-17,sinaloa,2127,138,86,16
2024-07-17,zacatecas,588,21,22,4
2024-07-17,morelos,1300,76,63,6
2024-07-17,coahuila,2219,358,320,9
2024-07-17,jalisco,9238,498,347,44
2024-07-17,aguascalientes,733,31,27,2
2024-07-17,nuevo león,7632,427,304,43
2024-07-17,chihuahua,2294,107,82,11
2024-07-17,quintana roo,2064,104,75,10
2024-07-17,méxico,11654,574,428,55
2024-07-17,puebla,2750,134,115,12
2024-07-17,hidalgo,936,41,44,7
2024-07-17,querétaro,2380,125,90,13
2024-07-17,oaxaca,468,22,23,8
2024-07-17,nayarit,334,15,11,0
2024-07-17,durango,482,20,19,3
2024-07-17,colima,453,22,15,2
2024-07-17,baja california,1775,100,68,10
2024-07-17,mexico city,25126,1404,1189,135
2024-07-17,chiapas,699,42,28,2
2024-07-17,guanajuato,2879,153,105,14
2024-07-17,veracruz,2802,143,110,13
2024-07-17,campeche,549,29,20,5
2024-07-17,tabasco,1425,70,53,10
2024-07-17,baja california sur,473,28,17,1
2024-07-17,sonora,1885,95,63,10
2024-07-18,tlaxcala,420,23,23,2
2024-07-18,michoacán,2054,100,71,7
2024-07-18,yucatán,1965,114,95,9
2024-07-18,guerrero,928,43,30,4
2024-07-18,tamaulipas,1711,79,60,2
2024-07-18,san luis potosí,1035,49,47,8
2024-07-18,sinaloa,2375,109,94,9
2024-07-18,zacatecas,554,38,32,6
2024-07-18,morelos,1450,92,68,3
2024-07-18,coahuila,2327,361,319,11
2024-07-18,jalisco,9642,578,411,62
2024-07-18,aguascalientes,722,36,27,1
2024-07-18,nuevo león,8221,491,357,52
2024-07-18,chihuahua,2262,122,83,10
2024-07-18,quintana roo,2125,99,71,10
2024-07-18,méxico,11747,599,435,51
2024-07-18,puebla,2785,134,108,11
2024-07-18,hidalgo,918,47,40,5
2024-07-18,querétaro,2326,136,103,19
2024-07-18,oaxaca,442,26,17,3
2024-07-18,nayarit,365,27,16,4
2024-07-18,durango,471,30,17,3
2024-07-18,colima,509,25,24,3
2024-07-18,baja california,2043,101,52,3
2024-07-18,mexico city,25526,1571,1245,139
2024-07-18,chiapas,763,41,32,2
2024-07-18,guanajuato,3136,170,146,20
2024-07-18,veracruz,2941,153,124,17
2024-07-18,campeche,494,25,20,2
2024-07-18,tabasco,1518,105,85,15
2024-07-18,baja california sur,479,31,19,1
2024-07-18,sonora,2112,137,91,8
2024-07-19,tlaxcala,384,25,23,2
2024-07-19,michoacán,1960,87,68,6
2024-07-19,yucatán,1962,110,65,10
2024-07-19,guerrero,890,39,33,5
2024-07-19,tamaulipas,1526,71,54,7
2024-07-19,san luis potosí,903,46,33,6
2024-07-19,sinaloa,2445,151,121,13
2024-07-19,zacatecas,501,20,17,2
2024-07-19,morelos,1413,71,62,10
2024-07-19,coahuila,2089,342,306,8
2024-07-19,jalisco,8897,504,371,62
2024-07-19,aguascalientes,752,44,35,10
2024-07-19,nuevo león,7511,469,317,48
2024-07-19,chihuahua,2100,144,89,9
2024-07-19,quintana roo,2063,119,85,10
2024-07-19,méxico,11137,535,424,67
2024-07-19,puebla,2629,146,105,7
2024-07-19,hidalgo,957,56,38,7
2024-07-19,querétaro,2297,134,93,12
2024-07-19,oaxaca,384,28,20,4
2024-07-19,nayarit,341,16,16,4
2024-07-19,durango,494,21,22,2
2024-07-19,colima,419,28,16,0
2024-07-19,baja california,1897,90,76,7
2024-07-19,mexico city,24083,1511,1261,153
2024-07-19,chiapas,726,42,32,4
2024-07-19,guanajuato,2894,135,107,11
2024-07-19,veracruz,2790,146,119,16
2024-07-19,campeche,477,31,19,3
2024-07-19,tabasco,1517,86,63,14
2024-07-19,baja california sur,456,37,20,3
2024-07-19,sonora,1948,115,77,7
2024-07-20,tlaxcala,389,24,18,5
2024-07-20,michoacán,1857,100,67,7
2024-07-20,yucatán,1956,100,55,12
2024-07-20,guerrero,787,39,22,4
2024-07-20,tamaulipas,1506,87,59,4
2024-07-20,san luis potosí,818,29,30,3
2024-07-20,sinaloa,2312,138,88,14
2024-07-20,zacatecas,474,22,14,3
2024-07-20,morelos,1389,68,73,16
2024-07-20,coahuila,2036,266,247,8
2024-07-20,jalisco,8608,513,340,60
2024-07-20,aguascalientes,689,37,19,3
2024-07-20,nuevo león,7306,425,314,47
2024-07-20,chihuahua,2117,117,91,14
2024-07-20,quintana roo,2076,125,84,9
2024-07-20,méxico,10950,517,371,50
2024-07-20,puebla,2503,133,104,14
2024-07-20,hidalgo,844,37,27,6
2024-07-20,querétaro,2237,113,71,8
2024-07-20,oaxaca,413,18,13,3
2024-07-20,nayarit,278,18,11,2
2024-07-20,durango,436,25,11,1
2024-07-20,colima,439,29,22,2
2024-07-20,baja california,1796,86,65,6
2024-07-20,mexico city,23167,1382,1107,132
2024-07-20,chiapas,739,46,43,6
2024-07-20,guanajuato,2945,160,119,16
2024-07-20,veracruz,2762,141,117,14
2024-07-20,campeche,471,20,15,3
2024-07-20,tabasco,1419,68,48,8
2024-07-20,baja california sur,461,32,26,4
2024-07-20,sonora,1993,114,76,5
2024-07-21,tlaxcala,432,19,15,3
2024-07-21,michoacán,1857,99,60,6
2024-07-21,yucatán,1986,97,63,5
2024-07-21,guerrero,853,48,37,3
2024-07-21,tamaulipas,1671,75,57,10
2024-07-21,san luis potosí,898,47,40,5
2024-07-21,sinaloa,2129,119,92,16
2024-07-21,zacatecas,502,20,22,3
2024-07-21,morelos,1465,63,43,5
2024-07-21,coahuila,2168,287,249,9
2024-07-21,jalisco,8438,491,333,46
2024-07-21,aguascalientes,651,30,24,5
2024-07-21,nuevo león,7377,413,291,49
2024-07-21,chihuahua,2142,96,67,6
2024-07-21,quintana roo,2095,92,72,12
2024-07-21,méxico,11467,547,424,74
2024-07-21,puebla,2612,112,83,16
2024-07-21,hidalgo,907,50,42,3
2024-07-21,querétaro,2257,131,87,16
2024-07-21,oaxaca,411,28,13,1
2024-07-21,nayarit,321,23,11,1
2024-07-21,durango,448,26,16,1
2024-07-21,colima,398,29,19,3
2024-07-21,baja california,1966,96,68,8
2024-07-21,mexico city,22862,1335,1133,140
2024-07-21,chiapas,766,49,41,4
2024-07-21,guanajuato,2927,154,107,10
2024-07-21,veracruz,2926,140,86,11
2024-07-21,campeche,529,22,16,3
2024-07-21,tabasco,1439,76,54,6
2024-07-21,baja california sur,445,32,14,0
2024-07-21,sonora,1947,100,61,9
2024-07-22,tlaxcala,463,30,19,3
2024-07-22,michoacán,2017,109,74,5
2024-07-22,yucatán,2230,140,108,17
2024-07-22,guerrero,972,48,37,5
2024-07-22,tamaulipas,1875,100,70,10
2024-07-22,san luis potosí,1080,64,50,4
2024-07-22,sinaloa,2599,168,135,20
2024-07-22,zacatecas,595,39,28,3
2024-07-22,morelos,1640,89,58,9
2024-07-22,coahuila,2409,352,314,13
2024-07-22,jalisco,9205,557,376,51
2024-07-22,aguascalientes,805,47,38,7
2024-07-22,nuevo león,8381,497,351,49
2024-07-22,chihuahua,2418,149,107,16
2024-07-22,quintana roo,2256,108,87,8
2024-07-22,méxico,11972,563,474,73
2024-07-22,puebla,2893,155,109,15
2024-07-22,hidalgo,997,44,40,4
2024-07-22,querétaro,2557,154,125,21
2024-07-22,oaxaca,500,24,16,2
2024-07-22,nayarit,369,39,27,3
2024-07-22,durango,458,24,18,2
2024-07-22,colima,466,25,16,4
2024-07-22,baja california,2233,141,97,8
2024-07-22,mexico city,26128,1549,1259,167
2024-07-22,chiapas,884,54,38,5
2024-07-22,guanajuato,3275,165,135,15
2024-07-22,veracruz,3305,167,128,12
2024-07-22,campeche,620,29,24,2
2024-07-22,tabasco,1700,99,87,10
2024-07-22,baja california sur,494,37,25,3
2024-07-22,sonora,2438,161,93,7
2024-07-23,tlaxcala,439,23,35,4
2024-07-23,michoacán,2245,117,75,10
2024-07-23,yucatán,2178,107,78,8
2024-07-23,guerrero,985,52,37,5
2024-07-23,tamaulipas,1828,98,65,9
2024-07-23,san luis potosí,989,41,35,7
2024-07-23,sinaloa,2659,152,109,19
2024-07-23,zacatecas,598,32,21,2
2024-07-23,morelos,1505,74,50,7
2024-07-23,coahuila,2441,346,308,12
2024-07-23,jalisco,9407,499,382,54
2024-07-23,aguascalientes,823,36,31,1
2024-07-23,nuevo león,8848,537,394,62
2024-07-23,chihuahua,2228,115,74,14
2024-07-23,quintana roo,2216,139,108,11
2024-07-23,méxico,12046,587,443,54
2024-07-23,puebla,2879,140,111,12
2024-07-23,hidalgo,944,53,50,5
2024-07-23,querétaro,2456,112,77,22
2024-07-23,oaxaca,407,15,20,4
2024-07-23,nayarit,329,14,13,2
2024-07-23,durango,488,15,15,2
2024-07-23,colima,441,20,9,1
2024-07-23,baja california,2001,95,60,6
2024-07-23,mexico city,25172,1426,1179,134
2024-07-23,chiapas,847,44,40,4
2024-07-23,guanajuato,3238,143,110,15
2024-07-23,veracruz,3147,164,128,10
2024-07-23,campeche,525,22,21,3
2024-07-23,tabasco,1635,74,68,9
2024-07-23,baja california sur,476,34,23,2
2024-07-23,sonora,2486,174,94,8
2024-07-24,tlaxcala,406,24,31,2
2024-07-24,michoacán,2427,169,104,18
2024-07-24,yucatán,2344,202,158,25
2024-07-24,guerrero,1120,73,51,11
2024-07-24,tamaulipas,1947,170,117,15
2024-07-24,san luis potosí,1023,92,70,10
2024-07-24,sinaloa,2584,207,121,18
2024-07-24,zacatecas,614,58,41,7
2024-07-24,morelos,1537,112,79,7
2024-07-24,coahuila,2674,399,344,26
2024-07-24,jalisco,9150,703,472,67
2024-07-24,aguascalientes,946,81,52,6
2024-07-24,nuevo león,9768,927,609,95
2024-07-24,chihuahua,2421,206,132,16
2024-07-24,quintana roo,2500,214,131,11
2024-07-24,méxico,12215,800,633,112
2024-07-24,puebla,2612,167,115,17
2024-07-24,hidalgo,946,58,65,8
2024-07-24,querétaro,2548,213,148,23
2024-07-24,oaxaca,437,33,27,4
2024-07-24,nayarit,419,39,29,4
2024-07-24,durango,512,38,22,1
2024-07-24,colima,469,54,34,3
2024-07-24,baja california,2087,170,105,13
2024-07-24,mexico city,24238,1880,1477,222
2024-07-24,chiapas,924,82,41,6
2024-07-24,guanajuato,3186,232,156,23
2024-07-24,veracruz,3005,225,157,19
2024-07-24,campeche,552,46,29,1
2024-07-24,tabasco,1707,131,101,18
2024-07-24,baja california sur,545,51,21,3
2024-07-24,sonora,2692,177,112,11
2024-07-25,tlaxcala,222,14,8,2
2024-07-25,michoacán,1009,52,56,6
2024-07-25,yucatán,1046,66,68,9
2024-07-25,guerrero,511,32,40,5
2024-07-25,tamaulipas,841,51,42,4
2024-07-25,san luis potosí,454,34,38,9
2024-07-25,sinaloa,1083,63,57,7
2024-07-25,zacatecas,272,14,17,1
2024-07-25,morelos,727,41,47,11
2024-07-25,coahuila,1204,231,230,7
2024-07-25,jalisco,4181,236,257,48
2024-07-25,aguascalientes,455,27,23,3
2024-07-25,nuevo león,3926,275,238,45
2024-07-25,chihuahua,1088,56,64,6
2024-07-25,quintana roo,1233,68,67,13
2024-07-25,méxico,6555,346,303,43
2024-07-25,puebla,1173,58,54,5
2024-07-25,hidalgo,470,31,37,7
2024-07-25,querétaro,1137,77,63,9
2024-07-25,oaxaca,196,13,9,1
2024-07-25,nayarit,183,9,6,1
2024-07-25,durango,231,20,16,3
2024-07-25,colima,198,13,7,1
2024-07-25,baja california,834,52,44,5
2024-07-25,mexico city,13002,940,891,105
2024-07-25,chiapas,377,26,20,0
2024-07-25,guanajuato,1438,76,80,12
2024-07-25,veracruz,1391,73,82,12
2024-07-25,campeche,289,13,8,2
2024-07-25,tabasco,932,36,40,5
2024-07-25,baja california sur,228,15,12,1
2024-07-25,sonora,1107,61,52,10
2024-07-26,tlaxcala,343,29,21,1
2024-07-26,michoacán,1811,103,85,12
2024-07-26,yucatán,1991,108,107,16
2024-07-26,guerrero,833,52,45,8
2024-07-26,tamaulipas,1610,99,64,9
2024-07-26,san luis potosí,887,54,37,6
2024-07-26,sinaloa,2192,165,112,18
2024-07-26,zacatecas,500,27,26,5
2024-07-26,morelos,1301,75,57,8
2024-07-26,coahuila,2147,311,281,14
2024-07-26,jalisco,7793,462,384,66
2024-07-26,aguascalientes,674,40,29,5
2024-07-26,nuevo león,7892,598,480,93
2024-07-26,chihuahua,1909,119,87,10
2024-07-26,quintana roo,1983,111,111,22
2024-07-26,méxico,9680,498,403,85
2024-07-26,puebla,2259,111,106,19
2024-07-26,hidalgo,784,36,35,10
2024-07-26,querétaro,2028,114,95,16
2024-07-26,oaxaca,361,26,24,4
2024-07-26,nayarit,336,18,15,4
2024-07-26,durango,399,23,19,1
2024-07-26,colima,365,14,11,2
2024-07-26,baja california,1752,112,82,7
2024-07-26,mexico city,20098,1238,1063,132
2024-07-26,chiapas,751,43,31,3
2024-07-26,guanajuato,2759,148,107,21
2024-07-26,veracruz,2520,146,126,14
2024-07-26,campeche,488,29,29,1
2024-07-26,tabasco,1436,88,55,11
2024-07-26,baja california sur,488,24,24,5
2024-07-26,sonora,1991,137,98,17
2024-07-27,tlaxcala,317,18,16,3
2024-07-27,michoacán,1516,89,72,11
2024-07-27,yucatán,1826,98,79,11
2024-07-27,guerrero,750,36,28,3
2024-07-27,tamaulipas,1563,88,58,5
2024-07-27,san luis potosí,785,40,21,5
2024-07-27,sinaloa,1994,140,92,14
2024-07-27,zacatecas,450,28,20,1
2024-07-27,morelos,1148,55,38,3
2024-07-27,coahuila,2068,310,270,15
2024-07-27,jalisco,6676,404,295,37
2024-07-27,aguascalientes,609,40,31,6
2024-07-27,nuevo león,7108,430,303,41
2024-07-27,chihuahua,1867,136,90,14
2024-07-27,quintana roo,1821,104,81,10
2024-07-27,méxico,9162,445,345,39
2024-07-27,puebla,2066,91,70,10
2024-07-27,hidalgo,780,46,43,10
2024-07-27,querétaro,1781,98,87,12
2024-07-27,oaxaca,386,21,16,4
2024-07-27,nayarit,317,25,17,2
2024-07-27,durango,439,25,20,4
2024-07-27,colima,341,24,15,3
2024-07-27,baja california,1688,88,68,9
2024-07-27,mexico city,18381,1199,1019,126
2024-07-27,chiapas,663,41,32,5
2024-07-27,guanajuato,2425,112,95,10
2024-07-27,veracruz,2343,101,99,9
2024-07-27,campeche,478,29,21,2
2024-07-27,tabasco,1319,86,55,9
2024-07-27,baja california sur,379,23,21,3
2024-07-27,sonora,1884,106,68,4
2024-07-28,tlaxcala,303,14,5,0
2024-07-28,michoacán,1382,82,56,14
2024-07-28,yucatán,1458,82,66,13
2024-07-28,guerrero,690,40,33,5
2024-07-28,tamaulipas,1329,68,63,10
2024-07-28,san luis potosí,740,48,38,3
2024-07-28,sinaloa,1826,131,84,7
2024-07-28,zacatecas,385,20,10,0
2024-07-28,morelos,1073,58,43,6
2024-07-28,coahuila,1905,270,245,8
2024-07-28,jalisco,6128,362,258,41
2024-07-28,aguascalientes,556,33,29,8
2024-07-28,nuevo león,6516,378,275,32
2024-07-28,chihuahua,1656,116,69,10
2024-07-28,quintana roo,1643,100,72,4
2024-07-28,méxico,8001,404,346,56
2024-07-28,puebla,1857,98,88,11
2024-07-28,hidalgo,679,32,21,4
2024-07-28,querétaro,1605,83,65,10
2024-07-28,oaxaca,335,18,16,1
2024-07-28,nayarit,243,15,13,2
2024-07-28,durango,349,20,16,1
2024-07-28,colima,346,26,21,1
2024-07-28,baja california,1560,86,72,5
2024-07-28,mexico city,16002,1107,1013,106
2024-07-28,chiapas,689,48,32,4
2024-07-28,guanajuato,2203,121,80,11
2024-07-28,veracruz,2139,132,89,16
2024-07-28,campeche,399,9,11,1
2024-07-28,tabasco,1284,64,42,8
2024-07-28,baja california sur,369,17,9,1
2024-07-28,sonora,1703,88,61,7
2024-07-29,tlaxcala,353,12,18,2
2024-07-29,michoacán,1625,79,59,7
2024-07-29,yucatán,1773,100,89,8
2024-07-29,guerrero,773,31,22,2
2024-07-29,tamaulipas,1487,60,39,3
2024-07-29,san luis potosí,831,33,42,5
2024-07-29,sinaloa,2153,112,68,8
2024-07-29,zacatecas,479,21,21,4
2024-07-29,morelos,1184,52,42,6
2024-07-29,coahuila,2124,303,264,6
2024-07-29,jalisco,6967,363,266,35
2024-07-29,aguascalientes,634,36,27,3
2024-07-29,nuevo león,6748,345,268,40
2024-07-29,chihuahua,1864,93,58,6
2024-07-29,quintana roo,1735,67,48,5
2024-07-29,méxico,9053,403,335,46
2024-07-29,puebla,2013,99,75,6
2024-07-29,hidalgo,764,26,23,3
2024-07-29,querétaro,1774,82,63,17
2024-07-29,oaxaca,344,15,12,2
2024-07-29,nayarit,304,12,12,1
2024-07-29,durango,387,19,15,2
2024-07-29,colima,362,22,14,2
2024-07-29,baja california,1687,73,48,6
2024-07-29,mexico city,18739,1034,906,101
2024-07-29,chiapas,695,38,25,1
2024-07-29,guanajuato,2396,107,78,6
2024-07-29,veracruz,2539,109,98,13
2024-07-29,campeche,435,24,22,1
2024-07-29,tabasco,1383,57,47,5
2024-07-29,baja california sur,438,25,20,2
2024-07-29,sonora,1841,93,59,6
2024-07-30,tlaxcala,271,12,10,0
2024-07-30,michoacán,1338,68,54,7
2024-07-30,yucatán,1645,63,75,8
2024-07-30,guerrero,656,32,28,5
2024-07-30,tamaulipas,1224,59,56,7
2024-07-30,san luis potosí,659,26,28,5
2024-07-30,sinaloa,1679,76,58,11
2024-07-30,zacatecas,373,17,14,1
2024-07-30,morelos,1024,37,29,3
2024-07-30,coahuila,1690,300,261,10
2024-07-30,jalisco,6293,325,266,37
2024-07-30,aguascalientes,516,29,32,6
2024-07-30,nuevo león,5807,311,256,36
2024-07-30,chihuahua,1553,77,77,9
2024-07-30,quintana roo,1570,72,59,10
2024-07-30,méxico,8014,367,337,48
2024-07-30,puebla,1789,76,80,7
2024-07-30,hidalgo,677,33,30,2
2024-07-30,querétaro,1560,67,61,4
2024-07-30,oaxaca,270,21,17,1
2024-07-30,nayarit,251,10,15,2
2024-07-30,durango,305,6,11,0
2024-07-30,colima,270,18,14,2
2024-07-30,baja california,1401,67,48,6
2024-07-30,mexico city,17015,1051,1026,104
2024-07-30,chiapas,640,28,27,1
2024-07-30,guanajuato,2002,94,90,16
2024-07-30,veracruz,1970,91,90,7
2024-07-30,campeche,368,21,20,3
2024-07-30,tabasco,1173,55,53,6
2024-07-30,baja california sur,360,24,14,1
2024-07-30,sonora,1494,79,67,10
2024-07-31,tlaxcala,302,11,10,1
2024-07-31,michoacán,1492,51,62,10
2024-07-31,yucatán,1799,93,86,10
2024-07-31,guerrero,721,27,16,2
2024-07-31,tamaulipas,1473,76,68,8
2024-07-31,san luis potosí,701,38,32,5
2024-07-31,sinaloa,1756,98,62,1
2024-07-31,zacatecas,398,14,13,2
2024-07-31,morelos,1207,46,38,6
2024-07-31,coahuila,1878,334,240,11
2024-07-31,jalisco,6748,330,276,38
2024-07-31,aguascalientes,543,28,27,0
2024-07-31,nuevo león,6659,371,269,35
2024-07-31,chihuahua,1728,84,58,8
2024-07-31,quintana roo,1694,84,68,10
2024-07-31,méxico,8358,402,351,58
2024-07-31,puebla,1863,97,94,9
2024-07-31,hidalgo,709,36,36,9
2024-07-31,querétaro,1688,91,63,13
2024-07-31,oaxaca,315,15,12,0
2024-07-31,nayarit,264,9,13,2
2024-07-31,durango,359,16,17,3
2024-07-31,colima,342,22,21,5
2024-07-31,baja california,1513,65,45,6
2024-07-31,mexico city,18043,1087,958,124
2024-07-31,chiapas,675,30,27,4
2024-07-31,guanajuato,2301,95,83,13
2024-07-31,veracruz,2123,88,77,9
2024-07-31,campeche,442,24,24,3
2024-07-31,tabasco,1314,76,60,11
2024-07-31,baja california sur,368,18,14,2
2024-07-31,sonora,1492,56,54,4
2024-08-01,tlaxcala,359,19,21,2
2024-08-01,michoacán,1817,71,47,4
2024-08-01,yucatán,1909,75,58,13
2024-08-01,guerrero,847,32,30,4
2024-08-01,tamaulipas,1570,59,47,2
2024-08-01,san luis potosí,811,42,19,2
2024-08-01,sinaloa,1960,74,45,4
2024-08-01,zacatecas,507,20,17,0
2024-08-01,morelos,1316,43,34,5
2024-08-01,coahuila,1925,159,148,7
2024-08-01,jalisco,7485,316,219,34
2024-08-01,aguascalientes,651,33,21,2
2024-08-01,nuevo león,7024,274,183,26
2024-08-01,chihuahua,1827,58,29,2
2024-08-01,quintana roo,1869,77,53,7
2024-08-01,méxico,9716,392,310,32
2024-08-01,puebla,2242,103,83,9
2024-08-01,hidalgo,828,34,21,2
2024-08-01,querétaro,1947,74,44,9
2024-08-01,oaxaca,475,24,19,2
2024-08-01,nayarit,324,18,10,1
2024-08-01,durango,401,18,10,2
2024-08-01,colima,369,15,10,1
2024-08-01,baja california,1756,70,42,5
2024-08-01,mexico city,20104,915,714,101
2024-08-01,chiapas,771,20,13,1
2024-08-01,guanajuato,2616,105,56,7
2024-08-01,veracruz,2706,106,65,8
2024-08-01,campeche,488,17,14,3
2024-08-01,tabasco,1469,61,48,7
2024-08-01,baja california sur,394,16,20,1
2024-08-01,sonora,1807,74,36,3
2024-08-02,tlaxcala,313,8,6,1
2024-08-02,michoacán,1559,62,28,0
2024-08-02,yucatán,1685,73,37,4
2024-08-02,guerrero,799,30,29,4
2024-08-02,tamaulipas,1407,61,27,3
2024-08-02,san luis potosí,745,20,11,0
2024-08-02,sinaloa,1891,89,39,5
2024-08-02,zacatecas,470,16,11,0
2024-08-02,morelos,1116,39,19,2
2024-08-02,coahuila,1751,243,157,3
2024-08-02,jalisco,6867,258,172,14
2024-08-02,aguascalientes,584,26,19,0
2024-08-02,nuevo león,6358,245,146,19
2024-08-02,chihuahua,1667,51,46,4
2024-08-02,quintana roo,1692,63,30,6
2024-08-02,méxico,8402,312,209,40
2024-08-02,puebla,2144,73,70,9
2024-08-02,hidalgo,728,28,18,3
2024-08-02,querétaro,1682,60,51,6
2024-08-02,oaxaca,383,14,4,0
2024-08-02,nayarit,303,6,2,1
2024-08-02,durango,399,14,14,0
2024-08-02,colima,342,19,9,1
2024-08-02,baja california,1684,71,24,2
2024-08-02,mexico city,17908,807,582,91
2024-08-02,chiapas,646,18,16,1
2024-08-02,guanajuato,2341,106,64,7
2024-08-02,veracruz,2523,100,60,8
2024-08-02,campeche,431,12,13,0
2024-08-02,tabasco,1315,48,30,4
2024-08-02,baja california sur,369,22,12,0
2024-08-02,sonora,1650,49,28,3
2024-08-03,tlaxcala,345,16,7,0
2024-08-03,michoacán,1547,58,34,3
2024-08-03,yucatán,1658,51,37,2
2024-08-03,guerrero,707,25,19,1
2024-08-03,tamaulipas,1330,46,28,3
2024-08-03,san luis potosí,710,20,17,3
2024-08-03,sinaloa,1782,76,48,7
2024-08-03,zacatecas,471,19,17,1
2024-08-03,morelos,1183,35,16,3
2024-08-03,coahuila,1706,250,36,2
2024-08-03,jalisco,6639,268,172,18
2024-08-03,aguascalientes,535,18,6,1
2024-08-03,nuevo león,6058,209,127,13
2024-08-03,chihuahua,1670,54,27,8
2024-08-03,quintana roo,1678,52,38,5
2024-08-03,méxico,8087,306,206,24
2024-08-03,puebla,2120,85,68,8
2024-08-03,hidalgo,730,24,15,3
2024-08-03,querétaro,1730,73,47,8
2024-08-03,oaxaca,356,17,9,0
2024-08-03,nayarit,310,16,5,2
2024-08-03,durango,403,13,3,0
2024-08-03,colima,332,14,7,0
2024-08-03,baja california,1709,48,24,1
2024-08-03,mexico city,16823,782,410,48
2024-08-03,chiapas,666,22,14,0
2024-08-03,guanajuato,2226,86,58,3
2024-08-03,veracruz,2371,94,54,8
2024-08-03,campeche,427,18,9,2
2024-08-03,tabasco,1348,37,21,3
2024-08-03,baja california sur,394,14,4,0
2024-08-03,sonora,1720,57,41,3
2024-08-04,tlaxcala,311,15,13,3
2024-08-04,michoacán,1419,52,29,2
2024-08-04,yucatán,1532,41,45,2
2024-08-04,guerrero,695,25,19,1
2024-08-04,tamaulipas,1274,42,33,2
2024-08-04,san luis potosí,646,25,11,5
2024-08-04,sinaloa,1567,49,19,4
2024-08-04,zacatecas,399,16,19,1
2024-08-04,morelos,1118,39,23,1
2024-08-04,coahuila,1613,231,39,3
2024-08-04,jalisco,6255,221,145,21
2024-08-04,aguascalientes,499,17,14,3
2024-08-04,nuevo león,5813,177,133,18
2024-08-04,chihuahua,1660,66,39,5
2024-08-04,quintana roo,1624,62,49,3
2024-08-04,méxico,7739,280,188,23
2024-08-04,puebla,1923,54,47,10
2024-08-04,hidalgo,667,30,26,2
2024-08-04,querétaro,1696,54,33,7
2024-08-04,oaxaca,342,13,8,2
2024-08-04,nayarit,247,12,14,2
2024-08-04,durango,362,19,5,0
2024-08-04,colima,331,14,11,1
2024-08-04,baja california,1634,50,28,2
2024-08-04,mexico city,16438,768,399,68
2024-08-04,chiapas,616,12,17,0
2024-08-04,guanajuato,2302,79,48,6
2024-08-04,veracruz,2185,73,66,3
2024-08-04,campeche,413,17,9,2
2024-08-04,tabasco,1204,31,30,3
2024-08-04,baja california sur,355,16,14,1
2024-08-04,sonora,1576,46,28,5
2024-08-05,tlaxcala,413,22,19,1
2024-08-05,michoacán,1887,76,41,7
2024-08-05,yucatán,1963,74,49,6
2024-08-05,guerrero,930,36,27,3
2024-08-05,tamaulipas,1445,41,30,5
2024-08-05,san luis potosí,861,26,19,3
2024-08-05,sinaloa,1871,63,31,1
2024-08-05,zacatecas,541,28,23,1
2024-08-05,morelos,1267,44,32,3
2024-08-05,coahuila,1850,208,134,5
2024-08-05,jalisco,7687,276,216,30
2024-08-05,aguascalientes,595,20,8,2
2024-08-05,nuevo león,6654,225,140,28
2024-08-05,chihuahua,1923,73,48,4
2024-08-05,quintana roo,1935,93,54,4
2024-08-05,méxico,9153,310,238,39
2024-08-05,puebla,2229,71,47,4
2024-08-05,hidalgo,813,28,23,4
2024-08-05,querétaro,1988,74,47,11
2024-08-05,oaxaca,428,14,15,1
2024-08-05,nayarit,354,13,20,3
2024-08-05,durango,380,13,7,0
2024-08-05,colima,357,4,7,0
2024-08-05,baja california,2134,76,34,3
2024-08-05,mexico city,19982,873,520,53
2024-08-05,chiapas,781,28,18,1
2024-08-05,guanajuato,2829,87,58,4
2024-08-05,veracruz,2571,79,45,6
2024-08-05,campeche,513,16,10,0
2024-08-05,tabasco,1402,51,31,7
2024-08-05,baja california sur,422,24,14,1
2024-08-05,sonora,1911,65,32,3
2024-08-06,tlaxcala,359,20,6,0
2024-08-06,michoacán,1625,65,51,9
2024-08-06,yucatán,1777,62,52,5
2024-08-06,guerrero,777,23,17,1
2024-08-06,tamaulipas,1334,46,22,4
2024-08-06,san luis potosí,699,29,20,0
2024-08-06,sinaloa,1660,76,32,4
2024-08-06,zacatecas,489,22,12,2
2024-08-06,morelos,1141,44,28,5
2024-08-06,coahuila,1703,239,216,3
2024-08-06,jalisco,6886,301,179,27
2024-08-06,aguascalientes,550,18,14,1
2024-08-06,nuevo león,6039,241,145,20
2024-08-06,chihuahua,1739,80,41,4
2024-08-06,quintana roo,1745,58,48,3
2024-08-06,méxico,8220,313,254,44
2024-08-06,puebla,2079,71,42,7
2024-08-06,hidalgo,744,26,16,1
2024-08-06,querétaro,1735,75,40,8
2024-08-06,oaxaca,427,16,11,1
2024-08-06,nayarit,299,16,18,3
2024-08-06,durango,371,14,8,1
2024-08-06,colima,305,16,2,0
2024-08-06,baja california,1765,67,36,3
2024-08-06,mexico city,18006,826,623,63
2024-08-06,chiapas,730,22,19,2
2024-08-06,guanajuato,2364,91,57,9
2024-08-06,veracruz,2408,99,74,7
2024-08-06,campeche,466,17,21,4
2024-08-06,tabasco,1447,59,36,2
2024-08-06,baja california sur,388,12,5,1
2024-08-06,sonora,1616,48,28,1
2024-08-07,tlaxcala,320,14,17,4
2024-08-07,michoacán,1490,56,44,6
2024-08-07,yucatán,1776,82,66,10
2024-08-07,guerrero,709,25,15,2
2024-08-07,tamaulipas,1294,70,36,2
2024-08-07,san luis potosí,723,31,20,1
2024-08-07,sinaloa,1681,77,42,5
2024-08-07,zacatecas,415,16,9,2
2024-08-07,morelos,1143,40,27,2
2024-08-07,coahuila,1700,297,266,5
2024-08-07,jalisco,6545,312,197,34
2024-08-07,aguascalientes,549,25,15,2
2024-08-07,nuevo león,5987,248,166,23
2024-08-07,chihuahua,1671,67,38,6
2024-08-07,quintana roo,1699,57,56,6
2024-08-07,méxico,7753,323,250,36
2024-08-07,puebla,1991,83,64,4
2024-08-07,hidalgo,779,46,30,5
2024-08-07,querétaro,1648,73,50,11
2024-08-07,oaxaca,383,20,12,1
2024-08-07,nayarit,264,15,10,0
2024-08-07,durango,340,17,19,1
2024-08-07,colima,335,16,8,1
2024-08-07,baja california,1693,51,31,4
2024-08-07,mexico city,17290,962,692,66
2024-08-07,chiapas,619,31,26,2
2024-08-07,guanajuato,2181,77,67,6
2024-08-07,veracruz,2233,106,71,6
2024-08-07,campeche,426,21,15,1
2024-08-07,tabasco,1410,60,50,7
2024-08-07,baja california sur,379,17,9,1
2024-08-07,sonora,1576,74,42,3
2024-08-08,tlaxcala,319,10,13,2
2024-08-08,michoacán,1597,69,42,3
2024-08-08,yucatán,1901,71,57,7
2024-08-08,guerrero,783,24,20,3
2024-08-08,tamaulipas,1481,53,35,4
2024-08-08,san luis potosí,746,39,23,1
2024-08-08,sinaloa,1792,64,40,2
2024-08-08,zacatecas,467,26,17,2
2024-08-08,morelos,1139,32,24,4
2024-08-08,coahuila,1919,337,221,4
2024-08-08,jalisco,7282,318,221,34
2024-08-08,aguascalientes,579,25,18,3
2024-08-08,nuevo león,6528,259,150,26
2024-08-08,chihuahua,1717,63,45,2
2024-08-08,quintana roo,1857,67,36,4
2024-08-08,méxico,7875,304,231,36
2024-08-08,puebla,2103,78,84,10
2024-08-08,hidalgo,760,29,22,5
2024-08-08,querétaro,1812,81,38,4
2024-08-08,oaxaca,428,23,17,3
2024-08-08,nayarit,291,15,15,2
2024-08-08,durango,368,20,24,3
2024-08-08,colima,341,20,5,0
2024-08-08,baja california,1873,68,41,4
2024-08-08,mexico city,18369,968,735,71
2024-08-08,chiapas,697,26,16,2
2024-08-08,guanajuato,2514,101,68,12
2024-08-08,veracruz,2518,103,64,5
2024-08-08,campeche,503,26,10,0
2024-08-08,tabasco,1420,57,30,4
2024-08-08,baja california sur,389,22,7,1
2024-08-08,sonora,1672,75,42,6
2024-08-09,tlaxcala,264,16,11,0
2024-08-09,michoacán,1681,60,35,3
2024-08-09,yucatán,1775,66,43,5
2024-08-09,guerrero,745,36,30,4
2024-08-09,tamaulipas,1263,62,37,2
2024-08-09,san luis potosí,665,34,25,4
2024-08-09,sinaloa,1692,57,35,3
2024-08-09,zacatecas,455,15,10,2
2024-08-09,morelos,1100,49,26,2
2024-08-09,coahuila,1731,294,181,2
2024-08-09,jalisco,6458,267,186,30
2024-08-09,aguascalientes,545,24,18,3
2024-08-09,nuevo león,5844,251,151,21
2024-08-09,chihuahua,1597,66,44,7
2024-08-09,quintana roo,1882,84,63,6
2024-08-09,méxico,7640,298,229,33
2024-08-09,puebla,1937,66,48,2
2024-08-09,hidalgo,696,31,23,7
2024-08-09,querétaro,1603,61,40,2
2024-08-09,oaxaca,379,6,7,1
2024-08-09,nayarit,306,15,11,1
2024-08-09,durango,362,10,10,1
2024-08-09,colima,309,11,11,1
2024-08-09,baja california,1603,46,20,3
2024-08-09,mexico city,16848,935,735,62
2024-08-09,chiapas,609,29,14,3
2024-08-09,guanajuato,2220,94,52,11
2024-08-09,veracruz,2225,93,60,11
2024-08-09,campeche,464,25,11,3
2024-08-09,tabasco,1359,50,40,3
2024-08-09,baja california sur,365,14,7,0
2024-08-09,sonora,1602,68,35,0
2024-08-10,tlaxcala,262,14,9,1
2024-08-10,michoacán,1412,60,48,10
2024-08-10,yucatán,1383,51,27,2
2024-08-10,guerrero,728,27,23,3
2024-08-10,tamaulipas,1104,47,27,2
2024-08-10,san luis potosí,536,20,20,2
2024-08-10,sinaloa,1401,54,32,1
2024-08-10,zacatecas,360,13,12,2
2024-08-10,morelos,916,39,28,3
2024-08-10,coahuila,1399,208,147,3
2024-08-10,jalisco,5758,223,154,19
2024-08-10,aguascalientes,502,20,10,2
2024-08-10,nuevo león,4889,188,111,16
2024-08-10,chihuahua,1341,50,44,7
2024-08-10,quintana roo,1795,72,39,2
2024-08-10,méxico,7144,283,221,30
2024-08-10,puebla,1683,58,52,3
2024-08-10,hidalgo,633,33,24,3
2024-08-10,querétaro,1444,54,33,3
2024-08-10,oaxaca,313,15,11,2
2024-08-10,nayarit,219,5,5,0
2024-08-10,durango,323,11,9,2
2024-08-10,colima,247,11,3,0
2024-08-10,baja california,1487,54,32,1
2024-08-10,mexico city,15000,835,695,59
2024-08-10,chiapas,522,17,9,1
2024-08-10,guanajuato,2080,84,53,10
2024-08-10,veracruz,1934,60,58,7
2024-08-10,campeche,408,21,14,3
2024-08-10,tabasco,1089,47,31,3
2024-08-10,baja california sur,306,16,9,0
2024-08-10,sonora,1370,60,36,2
2024-08-11,tlaxcala,228,8,7,0
2024-08-11,michoacán,1606,72,33,6
2024-08-11,yucatán,1347,54,42,3
2024-08-11,guerrero,699,32,30,4
2024-08-11,tamaulipas,1094,50,32,4
2024-08-11,san luis potosí,525,27,23,2
2024-08-11,sinaloa,1272,54,37,6
2024-08-11,zacatecas,364,16,10,1
2024-08-11,morelos,971,27,19,4
2024-08-11,coahuila,1260,51,30,5
2024-08-11,jalisco,5610,244,167,27
2024-08-11,aguascalientes,522,26,12,0
2024-08-11,nuevo león,4784,171,121,24
2024-08-11,chihuahua,1409,58,56,7
2024-08-11,quintana roo,1756,61,51,4
2024-08-11,méxico,7816,323,239,31
2024-08-11,puebla,1704,61,59,5
2024-08-11,hidalgo,601,28,27,4
2024-08-11,querétaro,1440,59,39,6
2024-08-11,oaxaca,310,8,7,0
2024-08-11,nayarit,245,10,9,0
2024-08-11,durango,290,7,5,0
2024-08-11,colima,282,19,9,1
2024-08-11,baja california,1369,49,26,2
2024-08-11,mexico city,15000,903,731,56
2024-08-11,chiapas,551,30,20,1
2024-08-11,guanajuato,1967,74,44,6
2024-08-11,veracruz,1922,68,61,6
2024-08-11,campeche,387,18,19,1
2024-08-11,tabasco,998,42,31,6
2024-08-11,baja california sur,296,18,8,1
2024-08-11,sonora,1617,85,37,3
2024-08-12,tlaxcala,278,18,10,0
2024-08-12,michoacán,1564,68,56,7
2024-08-12,yucatán,1512,60,37,3
2024-08-12,guerrero,716,27,24,3
2024-08-12,tamaulipas,1161,37,30,1
2024-08-12,san luis potosí,584,23,17,0
2024-08-12,sinaloa,1402,51,38,3
2024-08-12,zacatecas,388,13,14,1
2024-08-12,morelos,963,41,32,2
2024-08-12,coahuila,1565,266,205,3
2024-08-12,jalisco,6162,273,203,36
2024-08-12,aguascalientes,575,20,21,2
2024-08-12,nuevo león,5264,225,137,20
2024-08-12,chihuahua,1445,57,26,2
2024-08-12,quintana roo,1827,63,45,2
2024-08-12,méxico,8158,313,263,45
2024-08-12,puebla,1760,73,65,6
2024-08-12,hidalgo,684,23,30,7
2024-08-12,querétaro,1587,57,38,5
2024-08-12,oaxaca,344,9,8,1
2024-08-12,nayarit,211,6,11,0
2024-08-12,durango,331,14,9,0
2024-08-12,colima,304,15,10,4
2024-08-12,baja california,1537,70,35,1
2024-08-12,mexico city,16545,910,787,88
2024-08-12,chiapas,536,18,8,1
2024-08-12,guanajuato,2077,70,56,9
2024-08-12,veracruz,2059,78,60,9
2024-08-12,campeche,415,17,13,2
2024-08-12,tabasco,1195,51,28,5
2024-08-12,baja california sur,334,7,9,2
2024-08-12,sonora,1520,61,41,5
2024-08-13,tlaxcala,250,15,14,1
2024-08-13,michoacán,1597,81,52,5
2024-08-13,yucatán,1688,73,64,10
2024-08-13,guerrero,655,34,22,2
2024-08-13,tamaulipas,1146,42,34,7
2024-08-13,san luis potosí,622,22,10,1
2024-08-13,sinaloa,1460,64,39,7
2024-08-13,zacatecas,414,12,11,1
2024-08-13,morelos,998,37,31,5
2024-08-13,coahuila,1579,261,177,6
2024-08-13,jalisco,6588,286,196,22
2024-08-13,aguascalientes,610,20,19,2
2024-08-13,nuevo león,5674,234,151,20
2024-08-13,chihuahua,1410,51,36,5
2024-08-13,quintana roo,1793,78,56,5
2024-08-13,méxico,8168,378,299,41
2024-08-13,puebla,1837,67,60,6
2024-08-13,hidalgo,687,39,28,1
2024-08-13,querétaro,1559,54,59,12
2024-08-13,oaxaca,324,20,12,4
2024-08-13,nayarit,243,12,3,1
2024-08-13,durango,319,11,15,1
2024-08-13,colima,318,12,6,1
2024-08-13,baja california,1559,45,29,1
2024-08-13,mexico city,16724,866,751,84
2024-08-13,chiapas,587,28,14,1
2024-08-13,guanajuato,2184,90,74,8
2024-08-13,veracruz,2098,89,65,7
2024-08-13,campeche,475,19,17,3
2024-08-13,tabasco,1164,52,39,6
2024-08-13,baja california sur,363,15,7,2
2024-08-13,sonora,1680,70,58,7
2024-08-14,tlaxcala,237,14,5,1
2024-08-14,michoacán,1610,63,43,7
2024-08-14,yucatán,1512,58,65,9
2024-08-14,guerrero,686,24,21,2
2024-08-14,tamaulipas,1064,42,24,3
2024-08-14,san luis potosí,614,24,17,2
2024-08-14,sinaloa,1425,58,35,7
2024-08-14,zacatecas,449,25,11,0
2024-08-14,morelos,946,35,20,5
2024-08-14,coahuila,1574,273,205,7
2024-08-14,jalisco,6085,282,178,24
2024-08-14,aguascalientes,532,21,15,2
2024-08-14,nuevo león,5145,225,149,29
2024-08-14,chihuahua,1337,53,36,5
2024-08-14,quintana roo,1747,64,48,6
2024-08-14,méxico,7528,284,229,32
2024-08-14,puebla,1774,62,61,8
2024-08-14,hidalgo,640,29,18,5
2024-08-14,querétaro,1488,46,26,4
2024-08-14,oaxaca,322,17,14,4
2024-08-14,nayarit,232,11,12,2
2024-08-14,durango,341,15,13,1
2024-08-14,colima,356,17,6,1
2024-08-14,baja california,1491,59,26,3
2024-08-14,mexico city,15904,857,712,84
2024-08-14,chiapas,562,24,16,1
2024-08-14,guanajuato,1939,85,61,13
2024-08-14,veracruz,2205,75,60,12
2024-08-14,campeche,415,17,11,2
2024-08-14,tabasco,1097,42,36,4
2024-08-14,baja california sur,286,11,4,1
2024-08-14,sonora,1447,62,35,4
2024-08-15,tlaxcala,292,11,6,3
2024-08-15,michoacán,1578,55,36,5
2024-08-15,yucatán,1599,61,45,6
2024-08-15,guerrero,715,33,20,2
2024-08-15,tamaulipas,1130,27,25,3
2024-08-15,san luis potosí,675,29,21,3
2024-08-15,sinaloa,1436,68,43,5
2024-08-15,zacatecas,422,16,13,3
2024-08-15,morelos,1046,28,12,1
2024-08-15,coahuila,1578,323,306,5
2024-08-15,jalisco,6202,266,194,30
2024-08-15,aguascalientes,612,27,15,2
2024-08-15,nuevo león,5311,221,147,19
2024-08-15,chihuahua,1460,61,29,4
2024-08-15,quintana roo,1824,69,41,5
2024-08-15,méxico,8190,360,274,29
2024-08-15,puebla,1805,62,56,3
2024-08-15,hidalgo,699,34,38,4
2024-08-15,querétaro,1593,71,41,6
2024-08-15,oaxaca,363,13,10,2
2024-08-15,nayarit,239,7,9,1
2024-08-15,durango,361,18,7,1
2024-08-15,colima,343,15,8,1
2024-08-15,baja california,1548,49,36,2
2024-08-15,mexico city,16805,942,808,83
2024-08-15,chiapas,615,28,20,1
2024-08-15,guanajuato,2121,69,39,5
2024-08-15,veracruz,2213,78,50,3
2024-08-15,campeche,456,21,15,0
2024-08-15,tabasco,1215,50,33,4
2024-08-15,baja california sur,325,14,8,2
2024-08-15,sonora,1596,57,30,3
2024-08-16,tlaxcala,251,6,9,2
2024-08-16,michoacán,1407,54,37,5
2024-08-16,yucatán,1439,56,57,7
2024-08-16,guerrero,645,19,19,0
2024-08-16,tamaulipas,1079,36,24,1
2024-08-16,san luis potosí,589,25,22,6
2024-08-16,sinaloa,1423,52,41,7
2024-08-16,zacatecas,376,14,14,0
2024-08-16,morelos,944,38,30,6
2024-08-16,coahuila,1549,333,323,5
2024-08-16,jalisco,5814,230,166,30
2024-08-16,aguascalientes,453,19,9,0
2024-08-16,nuevo león,4947,190,161,19
2024-08-16,chihuahua,1367,45,33,4
2024-08-16,quintana roo,1719,77,56,11
2024-08-16,méxico,7164,288,272,43
2024-08-16,puebla,1674,53,51,1
2024-08-16,hidalgo,653,22,24,0
2024-08-16,querétaro,1368,45,31,1
2024-08-16,oaxaca,334,7,5,1
2024-08-16,nayarit,272,13,13,0
2024-08-16,durango,326,13,11,0
2024-08-16,colima,287,15,14,2
2024-08-16,baja california,1520,53,30,4
2024-08-16,mexico city,15453,871,814,72
2024-08-16,chiapas,586,32,22,0
2024-08-16,guanajuato,2031,86,72,13
2024-08-16,veracruz,2085,79,49,7
2024-08-16,campeche,400,17,15,2
2024-08-16,tabasco,1145,34,35,4
2024-08-16,baja california sur,338,14,9,1
2024-08-16,sonora,1511,56,37,7
2024-08-17,tlaxcala,244,11,5,1
2024-08-17,michoacán,1326,46,24,5
2024-08-17,yucatán,1250,48,34,2
2024-08-17,guerrero,610,22,18,1
2024-08-17,tamaulipas,1056,49,41,4
2024-08-17,san luis potosí,554,24,16,1
2024-08-17,sinaloa,1166,37,30,1
2024-08-17,zacatecas,346,18,12,0
2024-08-17,morelos,885,25,23,4
2024-08-17,coahuila,1474,315,302,7
2024-08-17,jalisco,5622,213,156,16
2024-08-17,aguascalientes,503,24,17,1
2024-08-17,nuevo león,4694,156,138,17
2024-08-17,chihuahua,1308,57,24,2
2024-08-17,quintana roo,1588,77,63,6
2024-08-17,méxico,7036,285,224,27
2024-08-17,puebla,1664,57,39,1
2024-08-17,hidalgo,594,25,33,4
2024-08-17,querétaro,1380,52,27,1
2024-08-17,oaxaca,303,11,6,2
2024-08-17,nayarit,258,10,11,1
2024-08-17,durango,319,17,9,1
2024-08-17,colima,260,2,3,0
2024-08-17,baja california,1345,45,27,3
2024-08-17,mexico city,14369,788,717,62
2024-08-17,chiapas,559,21,16,0
2024-08-17,guanajuato,1776,45,38,6
2024-08-17,veracruz,1901,82,52,4
2024-08-17,campeche,398,18,15,3
2024-08-17,tabasco,971,33,34,3
2024-08-17,baja california sur,300,16,11,1
2024-08-17,sonora,1395,57,39,7
2024-08-18,tlaxcala,266,13,14,2
2024-08-18,michoacán,1428,45,24,3
2024-08-18,yucatán,1325,61,52,10
2024-08-18,guerrero,607,27,26,2
2024-08-18,tamaulipas,1035,41,26,2
2024-08-18,san luis potosí,585,14,20,3
2024-08-18,sinaloa,1255,43,31,2
2024-08-18,zacatecas,372,12,10,1
2024-08-18,morelos,980,42,40,3
2024-08-18,coahuila,1394,194,189,4
2024-08-18,jalisco,6120,283,181,30
2024-08-18,aguascalientes,583,27,13,5
2024-08-18,nuevo león,5102,163,135,15
2024-08-18,chihuahua,1424,53,18,2
2024-08-18,quintana roo,1632,71,51,7
2024-08-18,méxico,7075,273,256,32
2024-08-18,puebla,1774,60,48,8
2024-08-18,hidalgo,618,25,22,5
2024-08-18,querétaro,1493,64,40,4
2024-08-18,oaxaca,301,7,11,0
2024-08-18,nayarit,243,10,8,1
2024-08-18,durango,333,22,14,1
2024-08-18,colima,301,16,5,0
2024-08-18,baja california,1450,47,29,2
2024-08-18,mexico city,14993,803,691,54
2024-08-18,chiapas,556,22,16,2
2024-08-18,guanajuato,2016,69,48,3
2024-08-18,veracruz,1999,70,53,7
2024-08-18,campeche,390,18,13,2
2024-08-18,tabasco,1064,34,37,2
2024-08-18,baja california sur,271,10,7,2
2024-08-18,sonora,1383,52,39,4
2024-08-19,tlaxcala,245,9,10,1
2024-08-19,michoacán,1409,54,46,5
2024-08-19,yucatán,1517,65,58,9
2024-08-19,guerrero,569,23,19,4
2024-08-19,tamaulipas,1104,29,23,4
2024-08-19,san luis potosí,531,12,10,1
2024-08-19,sinaloa,1293,47,37,0
2024-08-19,zacatecas,404,10,13,2
2024-08-19,morelos,961,37,34,5
2024-08-19,coahuila,1500,235,226,4
2024-08-19,jalisco,6075,268,189,27
2024-08-19,aguascalientes,572,30,27,3
2024-08-19,nuevo león,5175,189,134,32
2024-08-19,chihuahua,1379,55,42,5
2024-08-19,quintana roo,1649,76,54,13
2024-08-19,méxico,6865,271,242,40
2024-08-19,puebla,1706,55,45,7
2024-08-19,hidalgo,628,28,33,8
2024-08-19,querétaro,1485,70,39,7
2024-08-19,oaxaca,335,7,10,2
2024-08-19,nayarit,260,11,11,2
2024-08-19,durango,319,15,12,1
2024-08-19,colima,269,15,7,1
2024-08-19,baja california,1476,60,38,5
2024-08-19,mexico city,15055,841,762,82
2024-08-19,chiapas,510,16,16,3
2024-08-19,guanajuato,2054,83,63,13
2024-08-19,veracruz,1911,73,61,10
2024-08-19,campeche,398,14,13,2
2024-08-19,tabasco,1014,36,27,2
2024-08-19,baja california sur,305,14,5,0
2024-08-19,sonora,1387,48,30,2
2024-08-20,tlaxcala,244,7,7,0
2024-08-20,michoacán,1371,68,45,3
2024-08-20,yucatán,1466,54,52,10
2024-08-20,guerrero,627,22,17,2
2024-08-20,tamaulipas,1117,40,30,4
2024-08-20,san luis potosí,627,21,16,0
2024-08-20,sinaloa,1368,55,43,3
2024-08-20,zacatecas,390,23,16,3
2024-08-20,morelos,949,26,21,1
2024-08-20,coahuila,1534,309,298,5
2024-08-20,jalisco,6061,274,173,24
2024-08-20,aguascalientes,514,15,11,5
2024-08-20,nuevo león,5102,204,147,20
2024-08-20,chihuahua,1416,40,26,4
2024-08-20,quintana roo,1624,68,55,2
2024-08-20,méxico,6979,280,233,30
2024-08-20,puebla,1747,66,44,7
2024-08-20,hidalgo,630,25,35,4
2024-08-20,querétaro,1579,61,49,2
2024-08-20,oaxaca,307,13,10,0
2024-08-20,nayarit,238,13,6,0
2024-08-20,durango,327,16,14,0
2024-08-20,colima,304,14,5,0
2024-08-20,baja california,1519,52,23,3
2024-08-20,mexico city,15349,837,773,68
2024-08-20,chiapas,637,21,15,3
2024-08-20,guanajuato,2092,84,61,8
2024-08-20,veracruz,2094,73,62,1
2024-08-20,campeche,387,25,21,1
2024-08-20,tabasco,1095,44,29,6
2024-08-20,baja california sur,301,7,5,0
2024-08-20,sonora,1376,65,44,3
2024-08-21,tlaxcala,293,15,16,2
2024-08-21,michoacán,1476,56,45,12
2024-08-21,yucatán,1606,59,51,11
2024-08-21,guerrero,601,9,11,0
2024-08-21,tamaulipas,1103,47,28,1
2024-08-21,san luis potosí,639,26,16,1
2024-08-21,sinaloa,1433,53,40,3
2024-08-21,zacatecas,465,15,13,0
2024-08-21,morelos,963,47,41,6
2024-08-21,coahuila,1618,293,273,3
2024-08-21,jalisco,6415,268,198,30
2024-08-21,aguascalientes,585,23,21,2
2024-08-21,nuevo león,5402,240,173,17
2024-08-21,chihuahua,1492,45,36,4
2024-08-21,quintana roo,1792,61,56,5
2024-08-21,méxico,7196,259,230,36
2024-08-21,puebla,1935,64,43,8
2024-08-21,hidalgo,645,21,28,5
2024-08-21,querétaro,1659,62,41,3
2024-08-21,oaxaca,326,9,5,1
2024-08-21,nayarit,297,6,7,0
2024-08-21,durango,319,11,7,1
2024-08-21,colima,295,18,13,2
2024-08-21,baja california,1677,71,47,6
2024-08-21,mexico city,16305,857,837,58
2024-08-21,chiapas,636,36,30,1
2024-08-21,guanajuato,2028,75,60,8
2024-08-21,veracruz,2064,73,64,7
2024-08-21,campeche,400,14,19,3
2024-08-21,tabasco,1087,42,35,1
2024-08-21,baja california sur,314,13,8,1
2024-08-21,sonora,1493,71,47,4
2024-08-22,tlaxcala,295,12,9,1
2024-08-22,michoacán,1591,65,42,8
2024-08-22,yucatán,1512,70,68,5
2024-08-22,guerrero,623,16,15,1
2024-08-22,tamaulipas,1163,45,27,5
2024-08-22,san luis potosí,637,23,16,3
2024-08-22,sinaloa,1420,53,38,8
2024-08-22,zacatecas,421,11,8,2
2024-08-22,morelos,943,23,26,3
2024-08-22,coahuila,1506,234,225,2
2024-08-22,jalisco,6289,249,181,22
2024-08-22,aguascalientes,578,26,19,6
2024-08-22,nuevo león,5577,196,161,19
2024-08-22,chihuahua,1387,38,26,3
2024-08-22,quintana roo,1777,61,66,9
2024-08-22,méxico,7149,262,233,23
2024-08-22,puebla,1870,81,65,5
2024-08-22,hidalgo,692,27,22,2
2024-08-22,querétaro,1568,59,36,8
2024-08-22,oaxaca,347,16,6,1
2024-08-22,nayarit,289,12,6,0
2024-08-22,durango,355,10,11,1
2024-08-22,colima,301,16,7,0
2024-08-22,baja california,1603,57,34,2
2024-08-22,mexico city,15791,832,755,59
2024-08-22,chiapas,626,25,19,0
2024-08-22,guanajuato,2189,72,62,5
2024-08-22,veracruz,2000,68,49,12
2024-08-22,campeche,402,16,13,1
2024-08-22,tabasco,1170,42,35,1
2024-08-22,baja california sur,302,15,7,1
2024-08-22,sonora,1582,70,43,4
2024-08-23,tlaxcala,277,10,8,1
2024-08-23,michoacán,1572,52,33,1
2024-08-23,yucatán,1588,65,52,6
2024-08-23,guerrero,708,17,12,1
2024-08-23,tamaulipas,1287,50,26,2
2024-08-23,san luis potosí,616,24,17,1
2024-08-23,sinaloa,1647,45,20,3
2024-08-23,zacatecas,460,14,6,1
2024-08-23,morelos,1112,20,19,4
2024-08-23,coahuila,1669,244,233,3
2024-08-23,jalisco,6524,215,180,34
2024-08-23,aguascalientes,578,23,22,2
2024-08-23,nuevo león,6250,211,148,14
2024-08-23,chihuahua,1521,52,33,2
2024-08-23,quintana roo,2073,70,68,8
2024-08-23,méxico,7987,270,212,28
2024-08-23,puebla,2178,46,45,3
2024-08-23,hidalgo,725,20,18,3
2024-08-23,querétaro,1662,52,37,6
2024-08-23,oaxaca,362,12,4,1
2024-08-23,nayarit,284,5,2,0
2024-08-23,durango,344,9,7,2
2024-08-23,colima,324,19,11,1
2024-08-23,baja california,1738,56,33,2
2024-08-23,mexico city,17544,839,723,69
2024-08-23,chiapas,641,24,18,1
2024-08-23,guanajuato,2435,69,41,7
2024-08-23,veracruz,2202,73,62,5
2024-08-23,campeche,502,11,8,3
2024-08-23,tabasco,1211,43,29,4
2024-08-23,baja california sur,346,11,8,1
2024-08-23,sonora,1641,59,25,3
2024-08-24,tlaxcala,280,7,4,2
2024-08-24,michoacán,1289,43,27,3
2024-08-24,yucatán,1461,48,43,6
2024-08-24,guerrero,604,15,7,1
2024-08-24,tamaulipas,1089,37,34,2
2024-08-24,san luis potosí,589,24,18,1
2024-08-24,sinaloa,1403,49,29,4
2024-08-24,zacatecas,373,14,7,0
2024-08-24,morelos,1030,28,24,5
2024-08-24,coahuila,1425,224,224,2
2024-08-24,jalisco,5717,213,133,16
2024-08-24,aguascalientes,504,20,15,1
2024-08-24,nuevo león,5044,185,134,17
2024-08-24,chihuahua,1393,44,26,1
2024-08-24,quintana roo,1657,68,60,6
2024-08-24,méxico,6751,217,194,30
2024-08-24,puebla,1784,57,42,3
2024-08-24,hidalgo,668,26,31,4
2024-08-24,querétaro,1554,50,33,4
2024-08-24,oaxaca,338,12,13,1
2024-08-24,nayarit,251,13,6,0
2024-08-24,durango,339,11,6,1
2024-08-24,colima,294,15,8,1
2024-08-24,baja california,1522,53,35,3
2024-08-24,mexico city,15207,734,649,54
2024-08-24,chiapas,564,18,11,1
2024-08-24,guanajuato,2150,61,47,5
2024-08-24,veracruz,2032,63,46,9
2024-08-24,campeche,440,9,10,2
2024-08-24,tabasco,1114,44,27,3
2024-08-24,baja california sur,287,11,5,0
2024-08-24,sonora,1397,45,32,3
2024-08-25,tlaxcala,286,12,8,0
2024-08-25,michoacán,1362,48,45,8
2024-08-25,yucatán,1504,40,39,6
2024-08-25,guerrero,576,20,17,2
2024-08-25,tamaulipas,1148,21,22,2
2024-08-25,san luis potosí,621,15,10,5
2024-08-25,sinaloa,1367,50,29,2
2024-08-25,zacatecas,406,10,9,1
2024-08-25,morelos,1108,44,31,3
2024-08-25,coahuila,1501,228,221,3
2024-08-25,jalisco,5919,198,126,14
2024-08-25,aguascalientes,582,18,19,1
2024-08-25,nuevo león,5290,152,103,16
2024-08-25,chihuahua,1467,50,33,4
2024-08-25,quintana roo,1718,51,34,0
2024-08-25,méxico,7228,205,176,20
2024-08-25,puebla,1771,48,32,6
2024-08-25,hidalgo,702,30,33,4
2024-08-25,querétaro,1446,38,26,8
2024-08-25,oaxaca,342,12,14,3
2024-08-25,nayarit,239,9,9,1
2024-08-25,durango,333,9,10,4
2024-08-25,colima,303,8,9,2
2024-08-25,baja california,1649,63,32,5
2024-08-25,mexico city,15160,744,664,57
2024-08-25,chiapas,538,18,11,2
2024-08-25,guanajuato,2321,85,62,7
2024-08-25,veracruz,2050,56,44,3
2024-08-25,campeche,439,16,10,3
2024-08-25,tabasco,1109,29,18,1
2024-08-25,baja california sur,315,9,9,1
2024-08-25,sonora,1433,52,36,2
2024-08-26,tlaxcala,321,17,5,0
2024-08-26,michoacán,1612,57,40,10
2024-08-26,yucatán,1849,74,56,9
2024-08-26,guerrero,711,16,8,1
2024-08-26,tamaulipas,1400,53,38,4
2024-08-26,san luis potosí,777,20,9,3
2024-08-26,sinaloa,1706,65,32,5
2024-08-26,zacatecas,459,13,10,1
2024-08-26,morelos,1153,43,31,4
2024-08-26,coahuila,1797,219,191,3
2024-08-26,jalisco,6837,269,172,15
2024-08-26,aguascalientes,669,24,23,4
2024-08-26,nuevo león,6650,253,170,31
2024-08-26,chihuahua,1589,65,31,6
2024-08-26,quintana roo,1899,67,51,4
2024-08-26,méxico,7712,318,284,33
2024-08-26,puebla,2081,73,37,3
2024-08-26,hidalgo,766,27,15,1
2024-08-26,querétaro,1802,67,34,2
2024-08-26,oaxaca,381,11,9,2
2024-08-26,nayarit,253,10,3,0
2024-08-26,durango,402,20,13,3
2024-08-26,colima,335,13,11,1
2024-08-26,baja california,1917,78,46,4
2024-08-26,mexico city,17358,854,785,72
2024-08-26,chiapas,646,27,14,2
2024-08-26,guanajuato,2710,86,78,17
2024-08-26,veracruz,2324,81,54,7
2024-08-26,campeche,477,13,7,1
2024-08-26,tabasco,1301,35,27,1
2024-08-26,baja california sur,370,15,4,0
2024-08-26,sonora,1654,63,33,7
2024-08-27,tlaxcala,435,12,12,0
2024-08-27,michoacán,1746,55,26,1
2024-08-27,yucatán,2115,81,63,5
2024-08-27,guerrero,879,27,20,3
2024-08-27,tamaulipas,1529,45,29,3
2024-08-27,san luis potosí,810,15,15,2
2024-08-27,sinaloa,1790,52,39,6
2024-08-27,zacatecas,533,23,14,2
2024-08-27,morelos,1367,53,30,1
2024-08-27,coahuila,1877,189,185,5
2024-08-27,jalisco,7532,253,181,30
2024-08-27,aguascalientes,707,24,21,4
2024-08-27,nuevo león,7265,237,170,19
2024-08-27,chihuahua,1799,56,32,3
2024-08-27,quintana roo,2177,69,56,4
2024-08-27,méxico,8694,373,292,27
2024-08-27,puebla,2402,68,36,5
2024-08-27,hidalgo,846,23,16,2
2024-08-27,querétaro,1936,66,42,8
2024-08-27,oaxaca,443,17,17,3
2024-08-27,nayarit,286,7,6,0
2024-08-27,durango,430,15,10,1
2024-08-27,colima,411,21,12,0
2024-08-27,baja california,2105,64,39,4
2024-08-27,mexico city,19042,961,743,69
2024-08-27,chiapas,804,27,17,1
2024-08-27,guanajuato,2988,86,50,8
2024-08-27,veracruz,2824,96,76,13
2024-08-27,campeche,575,20,11,0
2024-08-27,tabasco,1464,39,36,3
2024-08-27,baja california sur,454,8,5,0
2024-08-27,sonora,1675,57,41,2
2024-08-28,tlaxcala,278,9,5,0
2024-08-28,michoacán,1278,36,34,5
2024-08-28,yucatán,1560,66,55,8
2024-08-28,guerrero,581,22,16,1
2024-08-28,tamaulipas,1126,39,25,3
2024-08-28,san luis potosí,637,21,12,3
2024-08-28,sinaloa,1305,56,40,9
2024-08-28,zacatecas,385,13,7,0
2024-08-28,morelos,939,31,29,3
2024-08-28,coahuila,1380,187,182,3
2024-08-28,jalisco,6129,220,173,25
2024-08-28,aguascalientes,542,24,11,1
2024-08-28,nuevo león,5388,208,170,33
2024-08-28,chihuahua,1301,45,22,3
2024-08-28,quintana roo,1739,70,51,7
2024-08-28,méxico,6858,341,311,30
2024-08-28,puebla,1789,47,44,4
2024-08-28,hidalgo,664,25,19,1
2024-08-28,querétaro,1477,48,46,5
2024-08-28,oaxaca,357,14,12,4
2024-08-28,nayarit,218,10,9,1
2024-08-28,durango,252,6,5,0
2024-08-28,colima,260,13,6,0
2024-08-28,baja california,1613,55,33,5
2024-08-28,mexico city,15381,789,758,78
2024-08-28,chiapas,582,14,19,2
2024-08-28,guanajuato,2160,75,67,5
2024-08-28,veracruz,2059,49,51,5
2024-08-28,campeche,420,16,13,0
2024-08-28,tabasco,1165,35,32,5
2024-08-28,baja california sur,367,18,8,0
2024-08-28,sonora,1251,43,25,2
2024-08-29,tlaxcala,242,11,2,0
2024-08-29,michoacán,1174,46,22,2
2024-08-29,yucatán,1407,56,51,6
2024-08-29,guerrero,547,14,13,2
2024-08-29,tamaulipas,988,29,23,5
2024-08-29,san luis potosí,605,15,15,3
2024-08-29,sinaloa,1107,30,19,2
2024-08-29,zacatecas,356,13,11,1
2024-08-29,morelos,887,33,22,1
2024-08-29,coahuila,1276,177,172,2
2024-08-29,jalisco,5465,201,191,27
2024-08-29,aguascalientes,502,17,18,6
2024-08-29,nuevo león,4805,156,133,24
2024-08-29,chihuahua,1171,32,32,2
2024-08-29,quintana roo,1606,57,38,4
2024-08-29,méxico,6455,308,295,22
2024-08-29,puebla,1602,57,52,4
2024-08-29,hidalgo,627,23,17,1
2024-08-29,querétaro,1352,55,39,4
2024-08-29,oaxaca,341,12,8,0
2024-08-29,nayarit,213,8,4,0
2024-08-29,durango,294,8,8,0
2024-08-29,colima,222,12,7,1
2024-08-29,baja california,1293,44,25,4
2024-08-29,mexico city,13597,723,703,61
2024-08-29,chiapas,551,23,21,4
2024-08-29,guanajuato,2014,64,46,5
2024-08-29,veracruz,1811,60,45,7
2024-08-29,campeche,455,12,8,3
2024-08-29,tabasco,1026,34,22,3
2024-08-29,baja california sur,257,9,4,0
2024-08-29,sonora,1155,48,30,4
2024-08-30,tlaxcala,299,11,8,1
2024-08-30,michoacán,1354,47,44,7
2024-08-30,yucatán,1663,62,51,8
2024-08-30,guerrero,604,20,17,2
2024-08-30,tamaulipas,1212,43,24,2
2024-08-30,san luis potosí,645,26,28,3
2024-08-30,sinaloa,1426,49,36,4
2024-08-30,zacatecas,424,18,9,0
2024-08-30,morelos,1059,33,28,3
2024-08-30,coahuila,1481,196,186,3
2024-08-30,jalisco,6515,247,164,30
2024-08-30,aguascalientes,629,27,25,3
2024-08-30,nuevo león,5643,193,122,13
2024-08-30,chihuahua,1329,34,30,6
2024-08-30,quintana roo,1822,63,44,5
2024-08-30,méxico,7415,331,306,22
2024-08-30,puebla,1866,62,50,9
2024-08-30,hidalgo,698,25,20,2
2024-08-30,querétaro,1729,62,37,8
2024-08-30,oaxaca,396,14,13,2
2024-08-30,nayarit,220,7,3,0
2024-08-30,durango,305,7,6,1
2024-08-30,colima,308,15,7,0
2024-08-30,baja california,1511,51,41,5
2024-08-30,mexico city,15759,816,687,71
2024-08-30,chiapas,574,17,19,2
2024-08-30,guanajuato,2373,90,65,11
2024-08-30,veracruz,2106,60,30,2
2024-08-30,campeche,531,17,14,3
2024-08-30,tabasco,1132,28,24,3
2024-08-30,baja california sur,340,13,8,3
2024-08-30,sonora,1293,38,21,0
2024-08-31,tlaxcala,380,14,11,2
2024-08-31,michoacán,1705,52,45,9
2024-08-31,yucatán,2010,79,49,4
2024-08-31,guerrero,814,26,21,2
2024-08-31,tamaulipas,1522,51,33,7
2024-08-31,san luis potosí,792,34,18,1
2024-08-31,sinaloa,1775,68,42,4
2024-08-31,zacatecas,519,23,18,1
2024-08-31,morelos,1281,44,33,6
2024-08-31,coahuila,1871,181,176,1
2024-08-31,jalisco,8166,276,181,33
2024-08-31,aguascalientes,629,30,23,4
2024-08-31,nuevo león,7086,254,145,14
2024-08-31,chihuahua,1674,59,40,5
2024-08-31,quintana roo,2127,75,57,7
2024-08-31,méxico,8933,362,307,25
2024-08-31,puebla,2549,68,44,3
2024-08-31,hidalgo,776,31,26,5
2024-08-31,querétaro,2161,77,50,11
2024-08-31,oaxaca,464,11,9,3
2024-08-31,nayarit,333,9,7,1
2024-08-31,durango,414,15,9,1
2024-08-31,colima,403,18,4,1
2024-08-31,baja california,2003,67,29,5
2024-08-31,mexico city,19133,932,695,67
2024-08-31,chiapas,763,36,22,2
2024-08-31,guanajuato,2926,90,59,11
2024-08-31,veracruz,2673,87,58,10
2024-08-31,campeche,603,19,14,2
2024-08-31,tabasco,1367,43,31,6
2024-08-31,baja california sur,412,14,4,2
2024-08-31,sonora,1681,72,32,6
2024-09-01,tlaxcala,312,16,10,2
2024-09-01,michoacán,1500,46,33,5
2024-09-01,yucatán,1771,56,48,14
2024-09-01,guerrero,727,22,14,1
2024-09-01,tamaulipas,1526,44,33,4
2024-09-01,san luis potosí,776,22,21,2
2024-09-01,sinaloa,1631,70,35,3
2024-09-01,zacatecas,495,15,9,1
2024-09-01,morelos,1183,43,21,3
2024-09-01,coahuila,1873,201,192,8
2024-09-01,jalisco,7231,301,161,29
2024-09-01,aguascalientes,615,22,20,4
2024-09-01,nuevo león,6513,215,119,17
2024-09-01,chihuahua,1638,62,48,5
2024-09-01,quintana roo,1917,61,30,2
2024-09-01,méxico,7829,336,264,25
2024-09-01,puebla,2168,59,34,5
2024-09-01,hidalgo,779,30,19,2
2024-09-01,querétaro,1824,81,44,7
2024-09-01,oaxaca,400,11,7,0
2024-09-01,nayarit,279,13,4,0
2024-09-01,durango,436,15,12,0
2024-09-01,colima,357,12,5,1
2024-09-01,baja california,1842,54,35,4
2024-09-01,mexico city,16104,805,653,60
2024-09-01,chiapas,647,20,14,3
2024-09-01,guanajuato,2616,92,60,5
2024-09-01,veracruz,2469,86,56,8
2024-09-01,campeche,621,21,17,5
2024-09-01,tabasco,1319,51,21,4
2024-09-01,baja california sur,406,14,9,1
2024-09-01,sonora,1575,68,33,3
2024-09-02,tlaxcala,267,10,11,2
2024-09-02,michoacán,1494,47,45,5
2024-09-02,yucatán,1794,50,45,8
2024-09-02,guerrero,656,18,19,2
2024-09-02,tamaulipas,1198,33,26,7
2024-09-02,san luis potosí,665,17,10,0
2024-09-02,sinaloa,1526,51,28,7
2024-09-02,zacatecas,438,15,8,1
2024-09-02,morelos,1053,41,34,4
2024-09-02,coahuila,1591,185,171,5
2024-09-02,jalisco,6815,226,177,41
2024-09-02,aguascalientes,580,17,12,0
2024-09-02,nuevo león,5854,177,136,19
2024-09-02,chihuahua,1437,54,42,5
2024-09-02,quintana roo,1909,60,54,5
2024-09-02,méxico,7691,349,316,29
2024-09-02,puebla,2060,45,36,4
2024-09-02,hidalgo,734,28,28,0
2024-09-02,querétaro,1834,58,46,9
2024-09-02,oaxaca,381,11,5,0
2024-09-02,nayarit,241,5,5,0
2024-09-02,durango,381,12,9,1
2024-09-02,colima,319,13,7,3
2024-09-02,baja california,1749,52,25,2
2024-09-02,mexico city,17207,806,729,62
2024-09-02,chiapas,661,25,8,3
2024-09-02,guanajuato,2318,82,52,9
2024-09-02,veracruz,2265,59,50,8
2024-09-02,campeche,501,15,9,3
2024-09-02,tabasco,1238,40,32,7
2024-09-02,baja california sur,326,7,8,1
2024-09-02,sonora,1386,37,26,2
2024-09-03,tlaxcala,348,13,13,0
2024-09-03,michoacán,1425,46,24,5
2024-09-03,yucatán,1888,69,60,7
2024-09-03,guerrero,714,18,6,2
2024-09-03,tamaulipas,1304,30,26,2
2024-09-03,san luis potosí,704,22,12,3
2024-09-03,sinaloa,1603,54,26,5
2024-09-03,zacatecas,446,8,2,0
2024-09-03,morelos,1128,41,32,5
2024-09-03,coahuila,1584,185,189,7
2024-09-03,jalisco,7079,243,180,25
2024-09-03,aguascalientes,568,15,13,2
2024-09-03,nuevo león,5778,213,137,17
2024-09-03,chihuahua,1451,40,24,1
2024-09-03,quintana roo,1819,54,42,3
2024-09-03,méxico,8418,395,358,34
2024-09-03,puebla,2176,67,54,9
2024-09-03,hidalgo,838,36,30,2
2024-09-03,querétaro,1880,54,34,8
2024-09-03,oaxaca,415,15,7,0
2024-09-03,nayarit,250,5,5,1
2024-09-03,durango,341,12,10,2
2024-09-03,colima,347,13,10,0
2024-09-03,baja california,1696,60,37,4
2024-09-03,mexico city,17830,916,774,67
2024-09-03,chiapas,668,27,14,3
2024-09-03,guanajuato,2441,80,45,5
2024-09-03,veracruz,2255,70,44,8
2024-09-03,campeche,498,16,10,1
2024-09-03,tabasco,1289,51,41,7
2024-09-03,baja california sur,362,7,4,1
2024-09-03,sonora,1396,42,19,2
2024-09-04,tlaxcala,324,12,10,0
2024-09-04,michoacán,1435,51,33,6
2024-09-04,yucatán,1798,45,44,8
2024-09-04,guerrero,668,13,8,2
2024-09-04,tamaulipas,1190,27,22,5
2024-09-04,san luis potosí,686,22,14,1
2024-09-04,sinaloa,1449,50,26,2
2024-09-04,zacatecas,463,19,11,1
2024-09-04,morelos,1103,32,27,1
2024-09-04,coahuila,1521,202,181,5
2024-09-04,jalisco,6764,228,167,24
2024-09-04,aguascalientes,542,11,12,1
2024-09-04,nuevo león,5325,191,111,17
2024-09-04,chihuahua,1406,41,32,4
2024-09-04,quintana roo,1787,67,44,5
2024-09-04,méxico,7669,431,391,33
2024-09-04,puebla,2140,72,48,5
2024-09-04,hidalgo,726,22,24,7
2024-09-04,querétaro,1763,54,30,1
2024-09-04,oaxaca,407,10,8,1
2024-09-04,nayarit,241,5,2,0
2024-09-04,durango,308,9,6,0
2024-09-04,colima,371,19,18,4
2024-09-04,baja california,1530,37,20,1
2024-09-04,mexico city,16815,868,761,59
2024-09-04,chiapas,686,25,15,2
2024-09-04,guanajuato,2416,83,61,5
2024-09-04,veracruz,2265,78,52,8
2024-09-04,campeche,489,14,12,0
2024-09-04,tabasco,1288,34,27,5
2024-09-04,baja california sur,329,10,3,0
2024-09-04,sonora,1404,50,29,3
2024-09-05,tlaxcala,466,15,8,1
2024-09-05,michoacán,2109,52,32,4
2024-09-05,yucatán,2585,82,66,9
2024-09-05,guerrero,990,23,16,3
2024-09-05,tamaulipas,1928,59,45,4
2024-09-05,san luis potosí,1098,40,16,2
2024-09-05,sinaloa,2179,69,41,5
2024-09-05,zacatecas,682,16,14,2
2024-09-05,morelos,1693,38,33,7
2024-09-05,coahuila,2316,217,189,3
2024-09-05,jalisco,9434,294,189,23
2024-09-05,aguascalientes,843,30,7,0
2024-09-05,nuevo león,8398,258,143,12
2024-09-05,chihuahua,2019,62,42,3
2024-09-05,quintana roo,2485,72,47,6
2024-09-05,méxico,10884,473,390,40
2024-09-05,puebla,3034,68,46,2
2024-09-05,hidalgo,1119,27,24,1
2024-09-05,querétaro,2452,78,46,7
2024-09-05,oaxaca,551,11,8,2
2024-09-05,nayarit,368,12,8,1
2024-09-05,durango,519,16,16,4
2024-09-05,colima,485,11,7,0
2024-09-05,baja california,2278,77,37,4
2024-09-05,mexico city,23270,1069,811,69
2024-09-05,chiapas,914,28,21,1
2024-09-05,guanajuato,3492,97,59,5
2024-09-05,veracruz,3426,111,66,2
2024-09-05,campeche,748,20,11,1
2024-09-05,tabasco,1627,46,27,2
2024-09-05,baja california sur,506,17,9,0
2024-09-05,sonora,2023,47,23,1
2024-09-06,tlaxcala,440,12,6,0
2024-09-06,michoacán,2026,45,32,1
2024-09-06,yucatán,2451,91,57,4
2024-09-06,guerrero,912,21,12,2
2024-09-06,tamaulipas,1852,45,23,2
2024-09-06,san luis potosí,1021,30,19,2
2024-09-06,sinaloa,2108,64,40,3
2024-09-06,zacatecas,600,18,12,1
2024-09-06,morelos,1504,38,25,5
2024-09-06,coahuila,2074,193,164,2
2024-09-06,jalisco,8905,254,166,29
2024-09-06,aguascalientes,743,18,11,2
2024-09-06,nuevo león,8006,248,138,20
2024-09-06,chihuahua,1864,61,36,4
2024-09-06,quintana roo,2493,64,49,5
2024-09-06,méxico,10213,426,354,33
2024-09-06,puebla,2959,67,50,3
2024-09-06,hidalgo,1066,31,20,3
2024-09-06,querétaro,2312,86,54,5
2024-09-06,oaxaca,481,12,13,1
2024-09-06,nayarit,301,9,4,0
2024-09-06,durango,441,15,4,0
2024-09-06,colima,463,15,8,0
2024-09-06,baja california,2208,62,31,5
2024-09-06,mexico city,22496,961,780,62
2024-09-06,chiapas,804,19,13,1
2024-09-06,guanajuato,3269,84,69,11
2024-09-06,veracruz,3150,98,67,6
2024-09-06,campeche,755,13,8,0
2024-09-06,tabasco,1547,39,20,0
2024-09-06,baja california sur,442,14,10,2
2024-09-06,sonora,1912,49,30,2
2024-09-07,tlaxcala,520,19,16,3
2024-09-07,michoacán,2389,62,35,3
2024-09-07,yucatán,2764,62,45,7
2024-09-07,guerrero,1105,26,12,0
2024-09-07,tamaulipas,1830,38,26,2
2024-09-07,san luis potosí,1095,34,17,2
2024-09-07,sinaloa,2169,56,33,4
2024-09-07,zacatecas,699,19,7,1
2024-09-07,morelos,1681,46,20,5
2024-09-07,coahuila,2291,188,170,2
2024-09-07,jalisco,10052,328,155,19
2024-09-07,aguascalientes,862,29,10,1
2024-09-07,nuevo león,9050,231,144,27
2024-09-07,chihuahua,2247,70,33,6
2024-09-07,quintana roo,2856,71,40,5
2024-09-07,méxico,12260,502,357,23
2024-09-07,puebla,3252,79,37,4
2024-09-07,hidalgo,1353,33,22,1
2024-09-07,querétaro,2826,94,58,5
2024-09-07,oaxaca,556,12,6,2
2024-09-07,nayarit,385,11,10,1
2024-09-07,durango,486,5,3,0
2024-09-07,colima,494,16,3,1
2024-09-07,baja california,2275,79,33,4
2024-09-07,mexico city,25818,1124,808,64
2024-09-07,chiapas,934,18,16,1
2024-09-07,guanajuato,3793,87,48,6
2024-09-07,veracruz,3699,97,46,3
2024-09-07,campeche,917,17,16,0
2024-09-07,tabasco,1871,51,40,3
2024-09-07,baja california sur,487,16,4,4
2024-09-07,sonora,2113,50,31,3
2024-09-08,tlaxcala,550,27,9,0
2024-09-08,michoacán,2092,75,45,3
2024-09-08,yucatán,2081,58,49,6
2024-09-08,guerrero,834,23,12,1
2024-09-08,tamaulipas,1542,44,41,5
2024-09-08,san luis potosí,937,24,19,2
2024-09-08,sinaloa,2000,59,37,7
2024-09-08,zacatecas,553,18,8,2
2024-09-08,morelos,1390,35,24,1
2024-09-08,coahuila,1939,196,179,6
2024-09-08,jalisco,9466,374,203,28
2024-09-08,aguascalientes,766,22,15,0
2024-09-08,nuevo león,7556,293,132,16
2024-09-08,chihuahua,2423,98,63,7
2024-09-08,quintana roo,2235,64,47,6
2024-09-08,méxico,10456,486,392,42
2024-09-08,puebla,2556,59,47,6
2024-09-08,hidalgo,1077,32,19,3
2024-09-08,querétaro,2602,109,54,8
2024-09-08,oaxaca,487,16,7,1
2024-09-08,nayarit,291,15,9,2
2024-09-08,durango,419,15,13,2
2024-09-08,colima,416,12,7,0
2024-09-08,baja california,2318,81,48,6
2024-09-08,mexico city,20718,1048,838,76
2024-09-08,chiapas,800,25,16,2
2024-09-08,guanajuato,3044,71,41,7
2024-09-08,veracruz,3008,81,51,3
2024-09-08,campeche,693,14,12,1
2024-09-08,tabasco,1526,53,40,6
2024-09-08,baja california sur,487,19,9,1
2024-09-08,sonora,1970,53,29,3
2024-09-09,tlaxcala,476,16,10,2
2024-09-09,michoacán,1903,49,35,5
2024-09-09,yucatán,2163,65,65,4
2024-09-09,guerrero,716,14,10,1
2024-09-09,tamaulipas,1525,56,39,4
2024-09-09,san luis potosí,849,29,17,2
2024-09-09,sinaloa,2025,63,26,0
2024-09-09,zacatecas,508,15,14,3
2024-09-09,morelos,1303,26,33,2
2024-09-09,coahuila,1973,198,192,8
2024-09-09,jalisco,9192,346,227,28
2024-09-09,aguascalientes,680,24,19,2
2024-09-09,nuevo león,7496,285,213,22
2024-09-09,chihuahua,2200,97,44,7
2024-09-09,quintana roo,2172,70,50,7
2024-09-09,méxico,9879,470,401,35
2024-09-09,puebla,2633,62,52,7
2024-09-09,hidalgo,955,38,23,4
2024-09-09,querétaro,2436,109,65,14
2024-09-09,oaxaca,434,9,6,1
2024-09-09,nayarit,259,9,2,1
2024-09-09,durango,441,17,17,3
2024-09-09,colima,390,11,8,1
2024-09-09,baja california,2046,43,35,0
2024-09-09,mexico city,21080,1045,944,78
2024-09-09,chiapas,675,16,16,1
2024-09-09,guanajuato,2979,94,71,6
2024-09-09,veracruz,2560,61,40,6
2024-09-09,campeche,618,24,17,3
2024-09-09,tabasco,1404,44,36,3
2024-09-09,baja california sur,385,8,4,1
2024-09-09,sonora,1695,54,41,7
2024-09-10,tlaxcala,468,22,13,1
2024-09-10,michoacán,1727,59,33,6
2024-09-10,yucatán,1842,55,56,10
2024-09-10,guerrero,601,15,12,1
2024-09-10,tamaulipas,1298,34,30,2
2024-09-10,san luis potosí,679,20,16,3
2024-09-10,sinaloa,1556,63,32,4
2024-09-10,zacatecas,403,7,8,0
2024-09-10,morelos,1049,29,14,1
2024-09-10,coahuila,1559,179,169,2
2024-09-10,jalisco,8373,365,229,30
2024-09-10,aguascalientes,615,19,20,1
2024-09-10,nuevo león,6347,213,144,24
2024-09-10,chihuahua,2133,74,41,3
2024-09-10,quintana roo,1958,70,55,6
2024-09-10,méxico,8955,426,346,37
2024-09-10,puebla,2270,55,49,3
2024-09-10,hidalgo,915,33,21,4
2024-09-10,querétaro,2211,80,54,11
2024-09-10,oaxaca,388,14,8,4
2024-09-10,nayarit,268,7,2,1
2024-09-10,durango,291,5,1,0
2024-09-10,colima,283,9,6,0
2024-09-10,baja california,1725,42,22,1
2024-09-10,mexico city,18008,936,752,67
2024-09-10,chiapas,590,20,12,4
2024-09-10,guanajuato,2461,77,58,7
2024-09-10,veracruz,2234,40,47,3
2024-09-10,campeche,441,19,15,1
2024-09-10,tabasco,1238,37,40,6
2024-09-10,baja california sur,332,12,9,1
2024-09-10,sonora,1370,45,27,3
2024-09-11,tlaxcala,409,21,21,2
2024-09-11,michoacán,1468,42,27,3
2024-09-11,yucatán,1515,45,42,5
2024-09-11,guerrero,568,10,8,2
2024-09-11,tamaulipas,1054,36,25,4
2024-09-11,san luis potosí,575,17,12,1
2024-09-11,sinaloa,1280,46,22,4
2024-09-11,zacatecas,379,8,6,2
2024-09-11,morelos,896,28,16,2
2024-09-11,coahuila,1320,184,171,5
2024-09-11,jalisco,7740,317,204,29
2024-09-11,aguascalientes,582,23,16,4
2024-09-11,nuevo león,5169,171,131,24
2024-09-11,chihuahua,1985,76,34,6
2024-09-11,quintana roo,1588,49,43,6
2024-09-11,méxico,7662,403,332,34
2024-09-11,puebla,1811,64,64,7
2024-09-11,hidalgo,776,36,28,10
2024-09-11,querétaro,1948,84,46,8
2024-09-11,oaxaca,339,9,8,2
2024-09-11,nayarit,197,7,3,2
2024-09-11,durango,310,17,12,3
2024-09-11,colima,266,10,7,0
2024-09-11,baja california,1460,45,38,2
2024-09-11,mexico city,15684,895,755,73
2024-09-11,chiapas,452,11,11,2
2024-09-11,guanajuato,2057,56,50,8
2024-09-11,veracruz,1727,46,55,10
2024-09-11,campeche,365,11,8,0
2024-09-11,tabasco,977,16,25,3
2024-09-11,baja california sur,306,13,6,2
2024-09-11,sonora,1263,33,19,0
2024-09-12,tlaxcala,493,18,7,2
2024-09-12,michoacán,1794,48,26,3
2024-09-12,yucatán,1824,52,59,13
2024-09-12,guerrero,593,15,7,1
2024-09-12,tamaulipas,1272,24,19,0
2024-09-12,san luis potosí,779,20,11,1
2024-09-12,sinaloa,1496,42,42,8
2024-09-12,zacatecas,485,24,14,2
2024-09-12,morelos,1070,26,21,3
2024-09-12,coahuila,1525,178,164,0
2024-09-12,jalisco,8530,299,202,18
2024-09-12,aguascalientes,584,18,12,1
2024-09-12,nuevo león,6364,190,133,19
2024-09-12,chihuahua,2003,61,33,4
2024-09-12,quintana roo,1866,44,41,6
2024-09-12,méxico,9151,435,365,26
2024-09-12,puebla,2295,54,54,8
2024-09-12,hidalgo,836,22,13,0
2024-09-12,querétaro,2090,75,40,6
2024-09-12,oaxaca,417,14,18,2
2024-09-12,nayarit,228,6,5,1
2024-09-12,durango,341,6,7,1
2024-09-12,colima,309,6,6,1
2024-09-12,baja california,1731,57,40,4
2024-09-12,mexico city,18615,913,753,46
2024-09-12,chiapas,622,23,13,2
2024-09-12,guanajuato,2347,75,44,5
2024-09-12,veracruz,2199,57,54,7
2024-09-12,campeche,499,15,9,1
2024-09-12,tabasco,1127,39,27,1
2024-09-12,baja california sur,334,16,5,1
2024-09-12,sonora,1506,41,38,2
2024-09-13,tlaxcala,365,19,12,2
2024-09-13,michoacán,1501,43,33,2
2024-09-13,yucatán,1428,29,32,4
2024-09-13,guerrero,441,9,8,0
2024-09-13,tamaulipas,1044,24,21,3
2024-09-13,san luis potosí,541,17,18,1
2024-09-13,sinaloa,1293,47,32,2
2024-09-13,zacatecas,341,7,10,2
2024-09-13,morelos,850,19,19,4
2024-09-13,coahuila,1279,180,174,4
2024-09-13,jalisco,7104,248,157,23
2024-09-13,aguascalientes,519,20,10,1
2024-09-13,nuevo león,4846,173,102,12
2024-09-13,chihuahua,1878,63,29,3
2024-09-13,quintana roo,1572,43,38,7
2024-09-13,méxico,7442,344,328,27
2024-09-13,puebla,1913,43,33,7
2024-09-13,hidalgo,700,21,13,1
2024-09-13,querétaro,1804,66,38,4
2024-09-13,oaxaca,290,6,6,3
2024-09-13,nayarit,202,6,3,1
2024-09-13,durango,312,15,5,1
2024-09-13,colima,254,9,4,0
2024-09-13,baja california,1409,32,21,3
2024-09-13,mexico city,15177,826,742,39
2024-09-13,chiapas,477,9,13,2
2024-09-13,guanajuato,1845,47,42,6
2024-09-13,veracruz,1817,39,51,3
2024-09-13,campeche,450,16,11,2
2024-09-13,tabasco,1008,28,30,3
2024-09-13,baja california sur,322,7,3,1
2024-09-13,sonora,1176,48,29,3
2024-09-14,tlaxcala,343,14,7,1
2024-09-14,michoacán,1218,46,33,4
2024-09-14,yucatán,1110,25,22,1
2024-09-14,guerrero,412,14,7,1
2024-09-14,tamaulipas,884,30,23,2
2024-09-14,san luis potosí,487,24,12,2
2024-09-14,sinaloa,1084,36,22,3
2024-09-14,zacatecas,262,7,5,1
2024-09-14,morelos,682,18,18,3
2024-09-14,coahuila,1115,180,171,2
2024-09-14,jalisco,5766,229,136,17
2024-09-14,aguascalientes,430,11,10,0
2024-09-14,nuevo león,4061,141,107,21
2024-09-14,chihuahua,1547,76,49,8
2024-09-14,quintana roo,1213,30,23,6
2024-09-14,méxico,6394,362,286,35
2024-09-14,puebla,1541,49,39,2
2024-09-14,hidalgo,596,19,11,1
2024-09-14,querétaro,1428,73,35,6
2024-09-14,oaxaca,245,6,2,1
2024-09-14,nayarit,154,3,4,0
2024-09-14,durango,220,5,3,0
2024-09-14,colima,211,4,3,0
2024-09-14,baja california,1167,34,25,5
2024-09-14,mexico city,12085,753,679,49
2024-09-14,chiapas,408,20,12,2
2024-09-14,guanajuato,1588,56,52,7
2024-09-14,veracruz,1428,45,32,5
2024-09-14,campeche,362,13,6,0
2024-09-14,tabasco,845,19,24,2
2024-09-14,baja california sur,306,9,3,1
2024-09-14,sonora,977,40,20,0
2024-09-15,tlaxcala,307,10,10,0
2024-09-15,michoacán,1281,39,25,4
2024-09-15,yucatán,1225,39,38,6
2024-09-15,guerrero,435,13,10,2
2024-09-15,tamaulipas,868,22,11,0
2024-09-15,san luis potosí,435,18,12,2
2024-09-15,sinaloa,1065,40,17,0
2024-09-15,zacatecas,257,7,8,1
2024-09-15,morelos,684,17,12,2
2024-09-15,coahuila,1043,170,155,1
2024-09-15,jalisco,5687,213,132,21
2024-09-15,aguascalientes,418,18,15,2
2024-09-15,nuevo león,4105,117,101,18
2024-09-15,chihuahua,1621,62,44,1
2024-09-15,quintana roo,1224,38,27,2
2024-09-15,méxico,5731,315,274,13
2024-09-15,puebla,1317,35,26,3
2024-09-15,hidalgo,584,24,9,0
2024-09-15,querétaro,1446,49,34,6
2024-09-15,oaxaca,237,5,2,0
2024-09-15,nayarit,153,2,1,0
2024-09-15,durango,234,9,3,0
2024-09-15,colima,199,8,8,2
2024-09-15,baja california,1150,41,30,4
2024-09-15,mexico city,11195,726,624,40
2024-09-15,chiapas,439,19,17,3
2024-09-15,guanajuato,1509,48,36,2
2024-09-15,veracruz,1463,39,31,4
2024-09-15,campeche,334,14,12,3
2024-09-15,tabasco,812,26,16,1
2024-09-15,baja california sur,241,7,3,0
2024-09-15,sonora,1009,31,22,4
2024-09-16,tlaxcala,383,11,6,0
2024-09-16,michoacán,1571,59,37,3
2024-09-16,yucatán,1421,57,36,4
2024-09-16,guerrero,502,13,9,1
2024-09-16,tamaulipas,1197,37,21,3
2024-09-16,san luis potosí,609,24,12,0
2024-09-16,sinaloa,1231,44,27,3
2024-09-16,zacatecas,373,17,11,0
2024-09-16,morelos,937,29,23,5
2024-09-16,coahuila,1370,194,188,2
2024-09-16,jalisco,7023,297,182,30
2024-09-16,aguascalientes,548,25,21,2
2024-09-16,nuevo león,5601,194,131,24
2024-09-16,chihuahua,1990,80,53,11
2024-09-16,quintana roo,1568,40,33,2
2024-09-16,méxico,8093,447,348,30
2024-09-16,puebla,1715,45,26,6
2024-09-16,hidalgo,753,29,17,4
2024-09-16,querétaro,1911,76,34,6
2024-09-16,oaxaca,293,11,4,1
2024-09-16,nayarit,215,7,4,1
2024-09-16,durango,302,9,5,1
2024-09-16,colima,305,13,9,1
2024-09-16,baja california,1428,51,36,3
2024-09-16,mexico city,14824,824,622,43
2024-09-16,chiapas,501,14,12,1
2024-09-16,guanajuato,1968,65,45,8
2024-09-16,veracruz,1864,59,41,4
2024-09-16,campeche,480,15,18,3
2024-09-16,tabasco,983,38,30,4
2024-09-16,baja california sur,284,10,9,1
2024-09-16,sonora,1141,30,29,1
2024-09-17,tlaxcala,315,10,3,0
2024-09-17,michoacán,1375,38,34,3
2024-09-17,yucatán,1527,52,47,5
2024-09-17,guerrero,491,13,5,0
2024-09-17,tamaulipas,1039,34,20,3
2024-09-17,san luis potosí,518,8,4,2
2024-09-17,sinaloa,1151,42,13,2
2024-09-17,zacatecas,341,14,7,0
2024-09-17,morelos,855,23,22,8
2024-09-17,coahuila,1350,220,215,5
2024-09-17,jalisco,6437,223,142,31
2024-09-17,aguascalientes,489,15,21,4
2024-09-17,nuevo león,4928,169,121,23
2024-09-17,chihuahua,1643,58,22,1
2024-09-17,quintana roo,1492,48,42,4
2024-09-17,méxico,7585,437,344,27
2024-09-17,puebla,1883,61,43,7
2024-09-17,hidalgo,676,21,14,3
2024-09-17,querétaro,1747,59,30,8
2024-09-17,oaxaca,310,10,9,0
2024-09-17,nayarit,198,4,10,1
2024-09-17,durango,249,9,5,0
2024-09-17,colima,285,9,14,2
2024-09-17,baja california,1325,39,35,2
2024-09-17,mexico city,15168,839,682,60
2024-09-17,chiapas,467,22,14,0
2024-09-17,guanajuato,1927,56,45,8
2024-09-17,veracruz,1767,57,45,12
2024-09-17,campeche,431,10,11,1
2024-09-17,tabasco,982,34,32,5
2024-09-17,baja california sur,326,16,12,0
2024-09-17,sonora,1152,31,23,6
2024-09-18,tlaxcala,315,17,3,1
2024-09-18,michoacán,1398,60,32,5
2024-09-18,yucatán,1438,63,41,3
2024-09-18,guerrero,489,17,16,2
2024-09-18,tamaulipas,965,38,33,5
2024-09-18,san luis potosí,478,19,11,3
2024-09-18,sinaloa,1164,56,43,6
2024-09-18,zacatecas,332,9,8,0
2024-09-18,morelos,797,34,18,4
2024-09-18,coahuila,1211,151,131,1
2024-09-18,jalisco,5974,279,170,26
2024-09-18,aguascalientes,524,24,19,5
2024-09-18,nuevo león,5125,246,122,27
2024-09-18,chihuahua,1595,70,43,5
2024-09-18,quintana roo,1408,61,31,2
2024-09-18,méxico,6199,366,263,26
2024-09-18,puebla,1778,60,47,7
2024-09-18,hidalgo,694,27,17,5
2024-09-18,querétaro,1780,88,55,8
2024-09-18,oaxaca,371,15,12,2
2024-09-18,nayarit,203,7,6,2
2024-09-18,durango,244,10,5,1
2024-09-18,colima,281,9,8,0
2024-09-18,baja california,1232,37,25,4
2024-09-18,mexico city,15974,920,586,74
2024-09-18,chiapas,569,28,21,4
2024-09-18,guanajuato,1604,57,45,4
2024-09-18,veracruz,1886,87,37,6
2024-09-18,campeche,434,14,10,0
2024-09-18,tabasco,813,35,16,0
2024-09-18,baja california sur,295,15,6,1
2024-09-18,sonora,1094,40,30,6
2024-09-19,tlaxcala,330,28,12,2
2024-09-19,michoacán,1658,112,60,11
2024-09-19,yucatán,1586,113,53,9
2024-09-19,guerrero,666,35,18,1
2024-09-19,tamaulipas,1119,60,39,5
2024-09-19,san luis potosí,628,37,18,3
2024-09-19,sinaloa,1650,108,46,7
2024-09-19,zacatecas,395,29,18,3
2024-09-19,morelos,863,47,26,3
2024-09-19,coahuila,1289,95,54,10
2024-09-19,jalisco,6342,460,199,31
2024-09-19,aguascalientes,601,40,23,7
2024-09-19,nuevo león,7073,521,319,34
2024-09-19,chihuahua,1905,110,50,12
2024-09-19,quintana roo,1635,111,54,3
2024-09-19,méxico,4769,327,178,29
2024-09-19,puebla,1859,118,50,7
2024-09-19,hidalgo,804,49,29,5
2024-09-19,querétaro,2219,118,46,9
2024-09-19,oaxaca,621,36,23,5
2024-09-19,nayarit,237,12,9,2
2024-09-19,durango,397,22,19,0
2024-09-19,colima,283,17,7,3
2024-09-19,baja california,1549,93,40,7
2024-09-19,mexico city,19209,1473,846,97
2024-09-19,chiapas,804,63,25,6
2024-09-19,guanajuato,1547,94,51,9
2024-09-19,veracruz,2568,160,86,14
2024-09-19,campeche,411,28,13,2
2024-09-19,tabasco,890,75,30,5
2024-09-19,baja california sur,368,34,11,1
2024-09-19,sonora,1342,88,37,3
2024-09-20,tlaxcala,320,13,10,0
2024-09-20,michoacán,1620,111,70,17
2024-09-20,yucatán,1502,86,38,4
2024-09-20,guerrero,603,24,12,4
2024-09-20,tamaulipas,958,52,26,4
2024-09-20,san luis potosí,519,27,12,0
2024-09-20,sinaloa,1475,122,60,7
2024-09-20,zacatecas,358,22,17,6
2024-09-20,morelos,891,41,23,3
2024-09-20,coahuila,1100,50,26,5
2024-09-20,jalisco,5928,422,177,29
2024-09-20,aguascalientes,567,37,16,3
2024-09-20,nuevo león,6537,504,300,20
2024-09-20,chihuahua,1649,90,35,4
2024-09-20,quintana roo,1482,75,46,5
2024-09-20,méxico,4429,274,126,19
2024-09-20,puebla,1669,89,50,5
2024-09-20,hidalgo,666,35,19,1
2024-09-20,querétaro,2174,116,34,7
2024-09-20,oaxaca,606,30,9,4
2024-09-20,nayarit,214,13,1,0
2024-09-20,durango,320,22,9,1
2024-09-20,colima,219,18,12,1
2024-09-20,baja california,1428,68,34,3
2024-09-20,mexico city,18478,1607,952,82
2024-09-20,chiapas,722,51,26,2
2024-09-20,guanajuato,1373,72,39,6
2024-09-20,veracruz,2333,130,58,10
2024-09-20,campeche,344,12,8,2
2024-09-20,tabasco,734,47,30,6
2024-09-20,baja california sur,309,22,5,0
2024-09-20,sonora,1103,61,32,3
2024-09-21,tlaxcala,350,18,9,0
2024-09-21,michoacán,1444,106,47,7
2024-09-21,yucatán,1455,92,34,5
2024-09-21,guerrero,542,37,17,2
2024-09-21,tamaulipas,915,50,26,2
2024-09-21,san luis potosí,542,35,20,2
2024-09-21,sinaloa,1575,141,43,9
2024-09-21,zacatecas,365,16,6,0
2024-09-21,morelos,798,32,16,1
2024-09-21,coahuila,1053,58,29,2
2024-09-21,jalisco,5860,441,176,34
2024-09-21,aguascalientes,496,37,13,4
2024-09-21,nuevo león,6375,476,253,24
2024-09-21,chihuahua,1682,125,37,5
2024-09-21,quintana roo,1481,99,42,11
2024-09-21,méxico,4544,303,142,21
2024-09-21,puebla,1698,94,36,2
2024-09-21,hidalgo,667,36,20,4
2024-09-21,querétaro,2105,147,49,10
2024-09-21,oaxaca,619,37,14,1
2024-09-21,nayarit,230,12,4,0
2024-09-21,durango,303,15,9,2
2024-09-21,colima,275,24,10,3
2024-09-21,baja california,1420,75,25,5
2024-09-21,mexico city,17886,1405,728,82
2024-09-21,chiapas,720,41,25,2
2024-09-21,guanajuato,1379,91,55,4
2024-09-21,veracruz,2209,121,70,13
2024-09-21,campeche,324,31,10,0
2024-09-21,tabasco,729,53,27,2
2024-09-21,baja california sur,330,14,12,0
2024-09-21,sonora,1101,66,23,1
2024-09-22,tlaxcala,335,20,11,1
2024-09-22,michoacán,1608,107,40,5
2024-09-22,yucatán,1446,103,36,5
2024-09-22,guerrero,580,49,22,4
2024-09-22,tamaulipas,895,52,32,6
2024-09-22,san luis potosí,550,42,15,3
2024-09-22,sinaloa,1575,112,49,4
2024-09-22,zacatecas,323,18,5,1
2024-09-22,morelos,837,48,23,5
2024-09-22,coahuila,1161,61,26,2
2024-09-22,jalisco,6454,486,168,30
2024-09-22,aguascalientes,552,40,21,5
2024-09-22,nuevo león,6392,381,141,30
2024-09-22,chihuahua,1869,121,50,11
2024-09-22,quintana roo,1412,81,44,7
2024-09-22,méxico,4617,312,163,31
2024-09-22,puebla,1672,108,48,6
2024-09-22,hidalgo,725,52,18,2
2024-09-22,querétaro,2165,140,59,12
2024-09-22,oaxaca,600,40,17,2
2024-09-22,nayarit,222,14,5,0
2024-09-22,durango,327,19,9,0
2024-09-22,colima,256,19,7,3
2024-09-22,baja california,1342,68,28,1
2024-09-22,mexico city,18113,1154,558,103
2024-09-22,chiapas,633,44,18,5
2024-09-22,guanajuato,1558,89,49,11
2024-09-22,veracruz,2374,133,69,12
2024-09-22,campeche,390,41,20,2
2024-09-22,tabasco,797,45,20,1
2024-09-22,baja california sur,327,21,11,1
2024-09-22,sonora,1226,85,41,4
2024-09-23,tlaxcala,225,7,2,0
2024-09-23,michoacán,1344,83,52,8
2024-09-23,yucatán,1417,87,48,6
2024-09-23,guerrero,624,24,14,4
2024-09-23,tamaulipas,1079,52,34,4
2024-09-23,san luis potosí,585,30,18,4
2024-09-23,sinaloa,1691,102,47,10
2024-09-23,zacatecas,363,17,7,2
2024-09-23,morelos,795,41,14,2
2024-09-23,coahuila,1223,79,31,2
2024-09-23,jalisco,5602,417,181,39
2024-09-23,aguascalientes,566,31,11,2
2024-09-23,nuevo león,7010,544,306,39
2024-09-23,chihuahua,1615,97,41,5
2024-09-23,quintana roo,1471,90,52,8
2024-09-23,méxico,3979,243,131,17
2024-09-23,puebla,1601,89,47,4
2024-09-23,hidalgo,601,47,27,6
2024-09-23,querétaro,1897,115,47,5
2024-09-23,oaxaca,561,24,10,1
2024-09-23,nayarit,248,19,7,2
2024-09-23,durango,345,17,8,2
2024-09-23,colima,271,19,3,0
2024-09-23,baja california,1496,73,27,2
2024-09-23,mexico city,17978,1479,810,98
2024-09-23,chiapas,715,51,23,3
2024-09-23,guanajuato,1494,69,31,5
2024-09-23,veracruz,2343,150,72,9
2024-09-23,campeche,366,35,10,1
2024-09-23,tabasco,800,34,23,4
2024-09-23,baja california sur,338,22,8,3
2024-09-23,sonora,1338,86,27,6
2024-09-24,tlaxcala,229,16,11,1
2024-09-24,michoacán,1053,63,42,5
2024-09-24,yucatán,1393,92,35,6
2024-09-24,guerrero,576,41,14,1
2024-09-24,tamaulipas,970,45,20,3
2024-09-24,san luis potosí,518,34,14,4
2024-09-24,sinaloa,1474,134,32,5
2024-09-24,zacatecas,356,24,8,3
2024-09-24,morelos,750,40,28,6
2024-09-24,coahuila,979,69,30,5
2024-09-24,jalisco,4583,379,160,31
2024-09-24,aguascalientes,515,41,15,3
2024-09-24,nuevo león,6349,573,378,30
2024-09-24,chihuahua,1261,69,38,3
2024-09-24,quintana roo,1328,77,41,7
2024-09-24,méxico,3489,237,165,30
2024-09-24,puebla,1520,97,50,7
2024-09-24,hidalgo,514,32,16,3
2024-09-24,querétaro,1619,92,41,6
2024-09-24,oaxaca,445,26,12,4
2024-09-24,nayarit,199,16,12,2
2024-09-24,durango,351,19,11,1
2024-09-24,colima,232,25,13,1
2024-09-24,baja california,1344,94,35,4
2024-09-24,mexico city,16185,1628,981,96
2024-09-24,chiapas,672,54,32,9
2024-09-24,guanajuato,1277,81,34,2
2024-09-24,veracruz,2144,140,66,13
2024-09-24,campeche,338,28,13,0
2024-09-24,tabasco,710,33,9,2
2024-09-24,baja california sur,323,20,7,1
2024-09-24,sonora,1156,74,30,4
2024-09-25,tlaxcala,306,21,10,3
2024-09-25,michoacán,1248,69,35,3
2024-09-25,yucatán,1691,115,62,13
2024-09-25,guerrero,630,43,16,3
2024-09-25,tamaulipas,1036,73,29,4
2024-09-25,san luis potosí,588,36,17,3
2024-09-25,sinaloa,1722,150,47,12
2024-09-25,zacatecas,363,26,10,2
2024-09-25,morelos,735,36,17,4
2024-09-25,coahuila,1204,80,42,8
2024-09-25,jalisco,5104,385,209,43
2024-09-25,aguascalientes,533,46,24,5
2024-09-25,nuevo león,6699,605,343,28
2024-09-25,chihuahua,1431,102,43,5
2024-09-25,quintana roo,1487,103,40,4
2024-09-25,méxico,3864,238,128,26
2024-09-25,puebla,1793,107,48,9
2024-09-25,hidalgo,643,40,16,4
2024-09-25,querétaro,1916,126,72,8
2024-09-25,oaxaca,600,33,11,0
2024-09-25,nayarit,244,14,11,2
2024-09-25,durango,331,16,12,2
2024-09-25,colima,277,17,5,0
2024-09-25,baja california,1470,85,45,5
2024-09-25,mexico city,17403,1615,1023,94
2024-09-25,chiapas,786,56,20,6
2024-09-25,guanajuato,1548,106,54,4
2024-09-25,veracruz,2468,144,63,12
2024-09-25,campeche,412,47,14,3
2024-09-25,tabasco,990,70,29,2
2024-09-25,baja california sur,357,23,6,1
2024-09-25,sonora,1271,98,29,5
2024-09-26,tlaxcala,269,14,6,0
2024-09-26,michoacán,1462,85,38,7
2024-09-26,yucatán,1711,97,49,10
2024-09-26,guerrero,509,27,9,1
2024-09-26,tamaulipas,1159,40,16,1
2024-09-26,san luis potosí,570,36,14,0
2024-09-26,sinaloa,1826,146,56,8
2024-09-26,zacatecas,433,30,10,1
2024-09-26,morelos,803,39,15,1
2024-09-26,coahuila,1363,83,39,3
2024-09-26,jalisco,5222,341,184,30
2024-09-26,aguascalientes,600,44,14,1
2024-09-26,nuevo león,6679,576,328,30
2024-09-26,chihuahua,1533,97,34,3
2024-09-26,quintana roo,1415,71,36,8
2024-09-26,méxico,4403,245,132,23
2024-09-26,puebla,1782,103,71,10
2024-09-26,hidalgo,691,39,24,5
2024-09-26,querétaro,1919,114,47,9
2024-09-26,oaxaca,565,36,12,1
2024-09-26,nayarit,252,8,4,2
2024-09-26,durango,353,21,8,1
2024-09-26,colima,282,18,11,4
2024-09-26,baja california,1395,79,35,8
2024-09-26,mexico city,17871,1499,936,71
2024-09-26,chiapas,708,57,19,3
2024-09-26,guanajuato,1670,100,36,9
2024-09-26,veracruz,2564,141,60,10
2024-09-26,campeche,333,24,14,1
2024-09-26,tabasco,1215,61,35,6
2024-09-26,baja california sur,350,29,5,0
2024-09-26,sonora,1227,76,30,3
2024-09-27,tlaxcala,238,13,10,2
2024-09-27,michoacán,1141,68,35,5
2024-09-27,yucatán,1671,120,57,12
2024-09-27,guerrero,370,22,10,0
2024-09-27,tamaulipas,1050,71,31,2
2024-09-27,san luis potosí,518,47,30,5
2024-09-27,sinaloa,1646,133,38,1
2024-09-27,zacatecas,338,25,13,2
2024-09-27,morelos,720,35,20,1
2024-09-27,coahuila,1026,74,37,5
2024-09-27,jalisco,4786,330,156,22
2024-09-27,aguascalientes,521,37,13,3
2024-09-27,nuevo león,6177,539,350,31
2024-09-27,chihuahua,1389,67,32,6
2024-09-27,quintana roo,1425,88,42,5
2024-09-27,méxico,3778,237,132,19
2024-09-27,puebla,1640,110,47,7
2024-09-27,hidalgo,532,34,20,3
2024-09-27,querétaro,1773,97,45,7
2024-09-27,oaxaca,538,38,15,4
2024-09-27,nayarit,227,15,5,0
2024-09-27,durango,299,13,9,0
2024-09-27,colima,254,15,3,0
2024-09-27,baja california,1266,83,30,0
2024-09-27,mexico city,16129,1379,873,104
2024-09-27,chiapas,593,42,17,1
2024-09-27,guanajuato,1466,93,45,9
2024-09-27,veracruz,2271,123,51,7
2024-09-27,campeche,295,23,15,2
2024-09-27,tabasco,1133,60,30,5
2024-09-27,baja california sur,319,24,9,0
2024-09-27,sonora,1080,66,22,3
2024-09-28,tlaxcala,295,18,6,1
2024-09-28,michoacán,1311,76,42,7
2024-09-28,yucatán,1754,116,62,5
2024-09-28,guerrero,514,27,11,2
2024-09-28,tamaulipas,1229,69,24,3
2024-09-28,san luis potosí,663,32,14,4
2024-09-28,sinaloa,2061,144,44,5
2024-09-28,zacatecas,438,27,9,2
2024-09-28,morelos,924,59,21,2
2024-09-28,coahuila,1278,78,29,5
2024-09-28,jalisco,5537,357,153,22
2024-09-28,aguascalientes,608,36,19,3
2024-09-28,nuevo león,7067,554,332,28
2024-09-28,chihuahua,1629,93,33,3
2024-09-28,quintana roo,1674,90,35,5
2024-09-28,méxico,4130,221,104,9
2024-09-28,puebla,1807,98,44,5
2024-09-28,hidalgo,614,43,19,3
2024-09-28,querétaro,1890,115,38,8
2024-09-28,oaxaca,625,31,10,2
2024-09-28,nayarit,298,17,5,0
2024-09-28,durango,385,15,8,0
2024-09-28,colima,376,21,9,1
2024-09-28,baja california,1556,89,31,1
2024-09-28,mexico city,17781,1398,856,74
2024-09-28,chiapas,717,58,12,5
2024-09-28,guanajuato,1679,120,49,7
2024-09-28,veracruz,2870,174,68,4
2024-09-28,campeche,356,26,15,2
2024-09-28,tabasco,1242,65,26,2
2024-09-28,baja california sur,402,28,13,0
2024-09-28,sonora,1309,80,27,3
2024-09-29,tlaxcala,343,20,6,0
2024-09-29,michoacán,1338,58,30,3
2024-09-29,yucatán,1850,121,51,11
2024-09-29,guerrero,633,36,14,1
2024-09-29,tamaulipas,1256,77,31,3
2024-09-29,san luis potosí,696,43,14,2
2024-09-29,sinaloa,2169,115,53,9
2024-09-29,zacatecas,416,31,15,2
2024-09-29,morelos,1006,69,33,3
2024-09-29,coahuila,1423,78,34,2
2024-09-29,jalisco,5913,361,153,23
2024-09-29,aguascalientes,640,48,21,7
2024-09-29,nuevo león,7490,579,294,20
2024-09-29,chihuahua,1681,98,37,6
2024-09-29,quintana roo,1634,84,47,5
2024-09-29,méxico,4534,233,121,20
2024-09-29,puebla,1896,106,44,7
2024-09-29,hidalgo,724,49,26,3
2024-09-29,querétaro,2060,121,56,15
2024-09-29,oaxaca,669,36,8,1
2024-09-29,nayarit,324,16,9,1
2024-09-29,durango,435,28,7,0
2024-09-29,colima,329,22,6,0
2024-09-29,baja california,1528,87,21,1
2024-09-29,mexico city,19341,1545,845,73
2024-09-29,chiapas,785,46,14,2
2024-09-29,guanajuato,1840,94,40,5
2024-09-29,veracruz,2997,132,51,6
2024-09-29,campeche,418,21,6,0
2024-09-29,tabasco,1371,67,35,5
2024-09-29,baja california sur,363,25,6,1
2024-09-29,sonora,1332,73,22,4
2024-09-30,tlaxcala,302,12,7,2
2024-09-30,michoacán,1378,68,35,4
2024-09-30,yucatán,1999,133,63,14
2024-09-30,guerrero,674,27,14,1
2024-09-30,tamaulipas,1253,54,24,3
2024-09-30,san luis potosí,700,31,23,1
2024-09-30,sinaloa,2018,152,65,8
2024-09-30,zacatecas,423,23,9,0
2024-09-30,morelos,1022,54,13,2
2024-09-30,coahuila,1443,79,37,5
2024-09-30,jalisco,5958,350,182,30
2024-09-30,aguascalientes,713,37,19,2
2024-09-30,nuevo león,8088,562,341,27
2024-09-30,chihuahua,1753,89,35,10
2024-09-30,quintana roo,1812,97,43,3
2024-09-30,méxico,4613,250,168,39
2024-09-30,puebla,1990,111,52,7
2024-09-30,hidalgo,682,33,15,1
2024-09-30,querétaro,2080,108,52,12
2024-09-30,oaxaca,595,42,12,0
2024-09-30,nayarit,245,16,6,2
2024-09-30,durango,457,18,8,0
2024-09-30,colima,278,19,4,0
2024-09-30,baja california,1735,103,36,4
2024-09-30,mexico city,19977,1525,888,78
2024-09-30,chiapas,797,53,16,5
2024-09-30,guanajuato,1777,99,44,10
2024-09-30,veracruz,2846,158,63,8
2024-09-30,campeche,365,23,6,0
2024-09-30,tabasco,1416,77,34,3
2024-09-30,baja california sur,385,25,7,2
2024-09-30,sonora,1416,73,25,2
2024-10-01,tlaxcala,421,25,13,1
2024-10-01,michoacán,1981,114,37,5
2024-10-01,yucatán,2845,158,62,10
2024-10-01,guerrero,1005,68,18,0
2024-10-01,tamaulipas,2002,90,24,1
2024-10-01,san luis potosí,1031,70,33,4
2024-10-01,sinaloa,3416,237,62,15
2024-10-01,zacatecas,580,37,12,1
2024-10-01,morelos,1289,65,19,4
2024-10-01,coahuila,2276,156,51,4
2024-10-01,jalisco,8560,518,201,23
2024-10-01,aguascalientes,969,65,24,5
2024-10-01,nuevo león,11825,840,433,35
2024-10-01,chihuahua,2511,153,60,9
2024-10-01,quintana roo,2416,138,45,6
2024-10-01,méxico,6410,307,160,33
2024-10-01,puebla,2740,156,60,11
2024-10-01,hidalgo,1007,57,21,5
2024-10-01,querétaro,2829,169,67,17
2024-10-01,oaxaca,880,61,22,2
2024-10-01,nayarit,433,34,11,4
2024-10-01,durango,644,30,10,1
2024-10-01,colima,431,29,17,4
2024-10-01,baja california,2231,106,34,7
2024-10-01,mexico city,28124,2047,986,99
2024-10-01,chiapas,1021,73,21,4
2024-10-01,guanajuato,2783,150,46,9
2024-10-01,veracruz,4207,199,80,9
2024-10-01,campeche,576,40,12,2
2024-10-01,tabasco,1862,104,51,4
2024-10-01,baja california sur,572,50,11,0
2024-10-01,sonora,2196,153,45,7
2024-10-02,tlaxcala,346,15,5,1
2024-10-02,michoacán,1581,82,36,6
2024-10-02,yucatán,2517,147,55,11
2024-10-02,guerrero,815,43,17,2
2024-10-02,tamaulipas,1539,83,29,4
2024-10-02,san luis potosí,797,55,19,0
2024-10-02,sinaloa,2754,156,56,5
2024-10-02,zacatecas,497,26,4,1
2024-10-02,morelos,1070,51,24,2
2024-10-02,coahuila,1756,103,39,7
2024-10-02,jalisco,6792,440,153,28
2024-10-02,aguascalientes,778,45,19,0
2024-10-02,nuevo león,9955,709,390,27
2024-10-02,chihuahua,2079,104,39,10
2024-10-02,quintana roo,2016,97,40,6
2024-10-02,méxico,5498,273,132,23
2024-10-02,puebla,2363,123,48,4
2024-10-02,hidalgo,698,19,7,0
2024-10-02,querétaro,2518,152,60,12
2024-10-02,oaxaca,820,39,15,0
2024-10-02,nayarit,360,25,6,0
2024-10-02,durango,462,23,11,2
2024-10-02,colima,397,28,10,2
2024-10-02,baja california,2157,106,48,1
2024-10-02,mexico city,24224,1634,952,97
2024-10-02,chiapas,829,39,21,2
2024-10-02,guanajuato,2102,89,39,5
2024-10-02,veracruz,3509,152,57,6
2024-10-02,campeche,431,30,10,3
2024-10-02,tabasco,1617,69,34,6
2024-10-02,baja california sur,437,24,7,0
2024-10-02,sonora,1794,101,42,3
2024-10-03,tlaxcala,320,17,5,1
2024-10-03,michoacán,1379,65,37,4
2024-10-03,yucatán,1934,122,59,13
2024-10-03,guerrero,761,49,18,1
2024-10-03,tamaulipas,1348,74,27,3
2024-10-03,san luis potosí,708,39,14,2
2024-10-03,sinaloa,2368,142,58,11
2024-10-03,zacatecas,414,10,4,1
2024-10-03,morelos,984,58,22,3
2024-10-03,coahuila,1530,104,49,7
2024-10-03,jalisco,6067,323,136,20
2024-10-03,aguascalientes,669,42,19,3
2024-10-03,nuevo león,8431,607,348,22
2024-10-03,chihuahua,1824,88,30,3
2024-10-03,quintana roo,1786,93,33,3
2024-10-03,méxico,4620,254,136,23
2024-10-03,puebla,2149,111,51,6
2024-10-03,hidalgo,718,37,17,2
2024-10-03,querétaro,2021,110,40,13
2024-10-03,oaxaca,711,45,18,4
2024-10-03,nayarit,291,24,11,1
2024-10-03,durango,408,16,7,1
2024-10-03,colima,311,16,9,0
2024-10-03,baja california,2066,117,46,5
2024-10-03,mexico city,20244,1414,848,88
2024-10-03,chiapas,772,43,14,4
2024-10-03,guanajuato,1852,112,42,9
2024-10-03,veracruz,3046,166,67,12
2024-10-03,campeche,362,22,7,0
2024-10-03,tabasco,1508,67,31,5
2024-10-03,baja california sur,450,26,5,1
2024-10-03,sonora,1596,73,34,0
2024-10-04,tlaxcala,307,17,12,1
2024-10-04,michoacán,1276,66,33,5
2024-10-04,yucatán,1670,89,26,5
2024-10-04,guerrero,809,49,22,5
2024-10-04,tamaulipas,1203,69,42,4
2024-10-04,san luis potosí,668,41,14,3
2024-10-04,sinaloa,2020,151,68,11
2024-10-04,zacatecas,428,20,8,2
2024-10-04,morelos,923,52,16,3
2024-10-04,coahuila,1374,69,33,3
2024-10-04,jalisco,5492,328,131,21
2024-10-04,aguascalientes,606,24,10,2
2024-10-04,nuevo león,7761,589,348,22
2024-10-04,chihuahua,1690,92,39,3
2024-10-04,quintana roo,1817,101,48,3
2024-10-04,méxico,4395,201,115,18
2024-10-04,puebla,1948,103,37,8
2024-10-04,hidalgo,628,31,20,3
2024-10-04,querétaro,1970,106,40,7
2024-10-04,oaxaca,634,33,12,0
2024-10-04,nayarit,285,19,6,1
2024-10-04,durango,389,19,12,0
2024-10-04,colima,300,23,13,2
2024-10-04,baja california,1860,82,34,3
2024-10-04,mexico city,18901,1341,816,59
2024-10-04,chiapas,743,56,12,1
2024-10-04,guanajuato,1636,94,42,7
2024-10-04,veracruz,2898,158,64,6
2024-10-04,campeche,365,23,7,1
2024-10-04,tabasco,1398,58,31,4
2024-10-04,baja california sur,410,27,11,2
2024-10-04,sonora,1392,58,27,3
2024-10-05,tlaxcala,306,20,12,4
2024-10-05,michoacán,1268,84,38,5
2024-10-05,yucatán,1508,72,33,6
2024-10-05,guerrero,751,45,14,2
2024-10-05,tamaulipas,1256,71,30,2
2024-10-05,san luis potosí,616,42,17,0
2024-10-05,sinaloa,1877,136,53,7
2024-10-05,zacatecas,406,26,15,1
2024-10-05,morelos,886,41,10,2
2024-10-05,coahuila,1334,76,33,3
2024-10-05,jalisco,5192,323,134,22
2024-10-05,aguascalientes,550,25,13,0
2024-10-05,nuevo león,7750,622,355,32
2024-10-05,chihuahua,1586,79,36,1
2024-10-05,quintana roo,1586,87,41,4
2024-10-05,méxico,4097,219,114,15
2024-10-05,puebla,1784,96,34,3
2024-10-05,hidalgo,623,49,22,5
2024-10-05,querétaro,1678,86,34,13
2024-10-05,oaxaca,558,25,12,1
2024-10-05,nayarit,256,16,9,3
2024-10-05,durango,369,15,4,1
2024-10-05,colima,255,12,3,0
2024-10-05,baja california,1655,76,35,1
2024-10-05,mexico city,17537,1408,805,72
2024-10-05,chiapas,659,37,13,4
2024-10-05,guanajuato,1548,94,35,6
2024-10-05,veracruz,2785,142,64,9
2024-10-05,campeche,400,31,12,2
2024-10-05,tabasco,1197,54,28,2
2024-10-05,baja california sur,355,25,10,2
2024-10-05,sonora,1308,79,30,5
2024-10-06,tlaxcala,344,16,7,0
2024-10-06,michoacán,1355,72,32,3
2024-10-06,yucatán,1548,84,36,6
2024-10-06,guerrero,712,33,16,4
2024-10-06,tamaulipas,1281,67,24,3
2024-10-06,san luis potosí,672,38,12,4
2024-10-06,sinaloa,2192,150,58,12
2024-10-06,zacatecas,422,23,10,2
2024-10-06,morelos,946,53,18,2
2024-10-06,coahuila,1520,89,37,11
2024-10-06,jalisco,5727,359,148,21
2024-10-06,aguascalientes,633,22,12,2
2024-10-06,nuevo león,7796,585,366,27
2024-10-06,chihuahua,1730,98,28,2
2024-10-06,quintana roo,1571,99,40,3
2024-10-06,méxico,4297,240,133,22
2024-10-06,puebla,1866,119,49,6
2024-10-06,hidalgo,651,41,23,2
2024-10-06,querétaro,1842,133,48,8
2024-10-06,oaxaca,635,48,21,3
2024-10-06,nayarit,272,14,5,0
2024-10-06,durango,438,21,9,0
2024-10-06,colima,303,20,12,4
2024-10-06,baja california,1773,100,34,4
2024-10-06,mexico city,18087,1402,814,58
2024-10-06,chiapas,678,53,17,3
2024-10-06,guanajuato,1773,92,41,2
2024-10-06,veracruz,2950,161,82,10
2024-10-06,campeche,401,21,12,1
2024-10-06,tabasco,1300,81,43,4
2024-10-06,baja california sur,397,28,11,0
2024-10-06,sonora,1399,73,27,5
2024-10-07,tlaxcala,332,15,4,0
2024-10-07,michoacán,1698,95,30,5
2024-10-07,yucatán,1780,95,35,6
2024-10-07,guerrero,849,43,21,0
2024-10-07,tamaulipas,1488,82,34,7
2024-10-07,san luis potosí,802,32,12,2
2024-10-07,sinaloa,2713,162,56,7
2024-10-07,zacatecas,464,29,16,3
2024-10-07,morelos,1134,52,18,2
2024-10-07,coahuila,1706,91,42,6
2024-10-07,jalisco,6906,425,147,26
2024-10-07,aguascalientes,711,41,17,4
2024-10-07,nuevo león,9277,669,365,30
2024-10-07,chihuahua,2197,99,33,2
2024-10-07,quintana roo,1896,87,35,2
2024-10-07,méxico,4848,248,137,20
2024-10-07,puebla,2101,114,40,2
2024-10-07,hidalgo,720,40,13,3
2024-10-07,querétaro,2291,119,48,7
2024-10-07,oaxaca,705,43,18,3
2024-10-07,nayarit,348,25,9,0
2024-10-07,durango,486,27,15,1
2024-10-07,colima,345,27,6,1
2024-10-07,baja california,2160,124,53,4
2024-10-07,mexico city,21290,1522,819,70
2024-10-07,chiapas,844,57,25,2
2024-10-07,guanajuato,2076,111,55,8
2024-10-07,veracruz,3266,170,70,5
2024-10-07,campeche,485,24,6,2
2024-10-07,tabasco,1573,71,32,3
2024-10-07,baja california sur,483,28,5,1
2024-10-07,sonora,1755,94,36,3
2024-10-08,tlaxcala,471,21,7,1
2024-10-08,michoacán,1273,57,28,5
2024-10-08,yucatán,1858,85,31,8
2024-10-08,guerrero,692,37,17,3
2024-10-08,tamaulipas,1270,66,29,2
2024-10-08,san luis potosí,623,38,16,1
2024-10-08,sinaloa,1884,105,50,9
2024-10-08,zacatecas,390,20,8,0
2024-10-08,morelos,804,48,24,1
2024-10-08,coahuila,1380,71,36,6
2024-10-08,jalisco,5327,310,125,25
2024-10-08,aguascalientes,574,38,17,1
2024-10-08,nuevo león,7738,563,357,30
2024-10-08,chihuahua,1803,87,46,5
2024-10-08,quintana roo,1791,87,36,5
2024-10-08,méxico,3744,197,109,18
2024-10-08,puebla,1794,89,55,11
2024-10-08,hidalgo,594,37,20,1
2024-10-08,querétaro,1786,94,37,7
2024-10-08,oaxaca,591,39,19,2
2024-10-08,nayarit,275,16,8,2
2024-10-08,durango,383,14,8,2
2024-10-08,colima,265,22,11,3
2024-10-08,baja california,1848,90,43,5
2024-10-08,mexico city,16814,1264,795,69
2024-10-08,chiapas,725,42,17,3
2024-10-08,guanajuato,1543,82,26,8
2024-10-08,veracruz,2629,135,63,7
2024-10-08,campeche,409,16,6,1
2024-10-08,tabasco,1430,58,37,7
2024-10-08,baja california sur,373,27,10,0
2024-10-08,sonora,1310,77,24,3
2024-10-09,tlaxcala,408,20,11,3
2024-10-09,michoacán,1369,71,15,2
2024-10-09,yucatán,1607,94,36,4
2024-10-09,guerrero,747,43,20,2
2024-10-09,tamaulipas,1296,68,37,2
2024-10-09,san luis potosí,670,31,20,3
2024-10-09,sinaloa,2137,122,48,5
2024-10-09,zacatecas,356,13,5,0
2024-10-09,morelos,815,45,17,1
2024-10-09,coahuila,1364,70,32,5
2024-10-09,jalisco,5214,292,115,23
2024-10-09,aguascalientes,594,41,12,2
2024-10-09,nuevo león,7790,607,372,20
2024-10-09,chihuahua,1591,64,28,1
2024-10-09,quintana roo,1774,93,38,6
2024-10-09,méxico,3616,179,98,13
2024-10-09,puebla,1674,90,45,4
2024-10-09,hidalgo,614,27,12,0
2024-10-09,querétaro,1669,85,31,4
2024-10-09,oaxaca,599,32,9,1
2024-10-09,nayarit,235,9,5,1
2024-10-09,durango,398,22,14,0
2024-10-09,colima,286,22,14,4
2024-10-09,baja california,1801,70,32,3
2024-10-09,mexico city,16005,1218,744,65
2024-10-09,chiapas,694,54,19,4
2024-10-09,guanajuato,1662,84,29,3
2024-10-09,veracruz,2728,144,61,10
2024-10-09,campeche,362,13,4,0
2024-10-09,tabasco,1485,69,29,1
2024-10-09,baja california sur,371,25,9,1
2024-10-09,sonora,1340,71,20,1
2024-10-10,tlaxcala,484,15,4,0
2024-10-10,michoacán,1913,70,30,4
2024-10-10,yucatán,2287,107,52,7
2024-10-10,guerrero,865,37,14,3
2024-10-10,tamaulipas,1550,65,22,4
2024-10-10,san luis potosí,809,27,16,2
2024-10-10,sinaloa,2811,145,55,5
2024-10-10,zacatecas,539,20,10,3
2024-10-10,morelos,1064,43,15,0
2024-10-10,coahuila,1698,69,24,5
2024-10-10,jalisco,7071,360,146,22
2024-10-10,aguascalientes,741,42,17,1
2024-10-10,nuevo león,10260,685,436,22
2024-10-10,chihuahua,2011,95,49,5
2024-10-10,quintana roo,2219,108,44,4
2024-10-10,méxico,5517,240,108,14
2024-10-10,puebla,2275,87,44,5
2024-10-10,hidalgo,770,46,17,2
2024-10-10,querétaro,2840,113,48,11
2024-10-10,oaxaca,738,33,16,2
2024-10-10,nayarit,365,22,8,1
2024-10-10,durango,556,16,7,0
2024-10-10,colima,370,16,7,0
2024-10-10,baja california,2241,103,36,3
2024-10-10,mexico city,21414,1307,759,84
2024-10-10,chiapas,926,45,20,3
2024-10-10,guanajuato,2170,93,39,7
2024-10-10,veracruz,3404,157,58,8
2024-10-10,campeche,458,27,11,2
2024-10-10,tabasco,1127,44,23,3
2024-10-10,baja california sur,541,31,12,0
2024-10-10,sonora,1697,91,19,3
2024-10-11,tlaxcala,424,14,4,1
2024-10-11,michoacán,1793,65,25,3
2024-10-11,yucatán,2233,98,32,4
2024-10-11,guerrero,860,35,17,3
2024-10-11,tamaulipas,1484,57,28,3
2024-10-11,san luis potosí,817,34,14,3
2024-10-11,sinaloa,2702,106,39,3
2024-10-11,zacatecas,494,15,4,0
2024-10-11,morelos,1012,32,15,2
2024-10-11,coahuila,1600,58,24,1
2024-10-11,jalisco,6578,305,129,23
2024-10-11,aguascalientes,710,38,11,0
2024-10-11,nuevo león,9662,608,384,14
2024-10-11,chihuahua,1944,74,35,3
2024-10-11,quintana roo,2106,81,40,4
2024-10-11,méxico,5060,231,110,19
2024-10-11,puebla,2233,89,40,1
2024-10-11,hidalgo,708,26,9,1
2024-10-11,querétaro,2729,98,42,5
2024-10-11,oaxaca,605,26,7,1
2024-10-11,nayarit,337,14,6,0
2024-10-11,durango,543,21,17,3
2024-10-11,colima,355,10,5,1
2024-10-11,baja california,2080,95,29,6
2024-10-11,mexico city,19387,1133,672,49
2024-10-11,chiapas,973,59,32,3
2024-10-11,guanajuato,2137,90,47,5
2024-10-11,veracruz,3432,132,71,10
2024-10-11,campeche,420,18,1,0
2024-10-11,tabasco,1138,48,14,1
2024-10-11,baja california sur,532,24,7,0
2024-10-11,sonora,1529,71,30,1
2024-10-12,tlaxcala,410,17,6,1
2024-10-12,michoacán,1642,64,25,6
2024-10-12,yucatán,2039,73,35,3
2024-10-12,guerrero,839,36,10,1
2024-10-12,tamaulipas,1276,43,22,4
2024-10-12,san luis potosí,736,34,18,1
2024-10-12,sinaloa,2496,123,42,9
2024-10-12,zacatecas,464,13,7,1
2024-10-12,morelos,1032,35,23,0
2024-10-12,coahuila,1432,70,35,5
2024-10-12,jalisco,5935,319,132,25
2024-10-12,aguascalientes,613,26,10,1
2024-10-12,nuevo león,8477,612,379,17
2024-10-12,chihuahua,1826,89,43,9
2024-10-12,quintana roo,1849,80,44,5
2024-10-12,méxico,4911,208,101,16
2024-10-12,puebla,2068,83,40,7
2024-10-12,hidalgo,723,31,19,2
2024-10-12,querétaro,2498,119,46,8
2024-10-12,oaxaca,592,26,10,3
2024-10-12,nayarit,319,19,7,2
2024-10-12,durango,449,16,7,0
2024-10-12,colima,305,19,9,2
2024-10-12,baja california,1827,68,38,2
2024-10-12,mexico city,18109,1105,654,67
2024-10-12,chiapas,834,36,23,2
2024-10-12,guanajuato,1957,69,35,7
2024-10-12,veracruz,3072,115,53,7
2024-10-12,campeche,404,15,7,1
2024-10-12,tabasco,1029,46,24,4
2024-10-12,baja california sur,411,16,7,0
2024-10-12,sonora,1492,56,28,2
2024-10-13,tlaxcala,367,13,10,1
2024-10-13,michoacán,1647,58,30,2
2024-10-13,yucatán,1939,82,45,8
2024-10-13,guerrero,855,29,8,1
2024-10-13,tamaulipas,1276,47,23,2
2024-10-13,san luis potosí,830,46,18,2
2024-10-13,sinaloa,2355,109,34,3
2024-10-13,zacatecas,453,13,6,0
2024-10-13,morelos,972,40,19,4
2024-10-13,coahuila,1496,57,31,1
2024-10-13,jalisco,5891,310,135,23
2024-10-13,aguascalientes,650,31,18,4
2024-10-13,nuevo león,8670,644,416,15
2024-10-13,chihuahua,1744,66,32,4
2024-10-13,quintana roo,1905,90,50,6
2024-10-13,méxico,4897,241,118,15
2024-10-13,puebla,1991,77,33,3
2024-10-13,hidalgo,707,19,18,5
2024-10-13,querétaro,2384,90,35,3
2024-10-13,oaxaca,591,16,7,3
2024-10-13,nayarit,317,17,7,0
2024-10-13,durango,493,26,14,1
2024-10-13,colima,327,15,3,1
2024-10-13,baja california,1734,74,29,2
2024-10-13,mexico city,18324,1105,651,65
2024-10-13,chiapas,844,38,16,1
2024-10-13,guanajuato,2010,75,33,3
2024-10-13,veracruz,3078,113,65,6
2024-10-13,campeche,398,18,6,1
2024-10-13,tabasco,1063,47,25,2
2024-10-13,baja california sur,391,12,4,1
2024-10-13,sonora,1370,64,24,3
2024-10-14,tlaxcala,344,13,8,0
2024-10-14,michoacán,1717,81,35,7
2024-10-14,yucatán,2221,105,36,6
2024-10-14,guerrero,852,38,18,2
2024-10-14,tamaulipas,1285,47,21,0
2024-10-14,san luis potosí,858,28,14,1
2024-10-14,sinaloa,2388,114,48,5
2024-10-14,zacatecas,450,13,6,0
2024-10-14,morelos,921,49,26,5
2024-10-14,coahuila,1584,77,39,5
2024-10-14,jalisco,5856,331,124,22
2024-10-14,aguascalientes,686,24,10,0
2024-10-14,nuevo león,8901,607,399,18
2024-10-14,chihuahua,1852,77,35,3
2024-10-14,quintana roo,1866,78,45,7
2024-10-14,méxico,5377,257,125,19
2024-10-14,puebla,2188,79,52,7
2024-10-14,hidalgo,770,31,15,2
2024-10-14,querétaro,2546,103,54,10
2024-10-14,oaxaca,518,19,8,1
2024-10-14,nayarit,294,10,3,1
2024-10-14,durango,503,20,14,0
2024-10-14,colima,332,20,12,3
2024-10-14,baja california,2044,90,43,4
2024-10-14,mexico city,19379,1187,760,82
2024-10-14,chiapas,886,47,17,0
2024-10-14,guanajuato,1981,86,39,3
2024-10-14,veracruz,3146,129,67,8
2024-10-14,campeche,413,14,6,2
2024-10-14,tabasco,1058,59,26,2
2024-10-14,baja california sur,391,20,5,2
2024-10-14,sonora,1753,69,32,1
2024-10-15,tlaxcala,368,15,6,1
2024-10-15,michoacán,1678,82,34,4
2024-10-15,yucatán,2263,104,49,5
2024-10-15,guerrero,938,36,16,1
2024-10-15,tamaulipas,1335,47,29,2
2024-10-15,san luis potosí,767,34,20,4
2024-10-15,sinaloa,2423,136,59,7
2024-10-15,zacatecas,519,18,7,1
2024-10-15,morelos,974,32,14,3
2024-10-15,coahuila,1564,65,29,2
2024-10-15,jalisco,6044,371,134,23
2024-10-15,aguascalientes,711,27,21,1
2024-10-15,nuevo león,8748,593,357,21
2024-10-15,chihuahua,2045,102,48,8
2024-10-15,quintana roo,1921,73,40,7
2024-10-15,méxico,5165,275,122,25
2024-10-15,puebla,2145,99,53,9
2024-10-15,hidalgo,756,54,30,2
2024-10-15,querétaro,2632,113,50,6
2024-10-15,oaxaca,593,26,9,3
2024-10-15,nayarit,339,25,8,1
2024-10-15,durango,453,19,11,0
2024-10-15,colima,371,17,7,3
2024-10-15,baja california,1909,83,25,0
2024-10-15,mexico city,18505,1152,660,66
2024-10-15,chiapas,851,43,15,0
2024-10-15,guanajuato,2014,116,49,6
2024-10-15,veracruz,2991,126,64,10
2024-10-15,campeche,426,17,3,0
2024-10-15,tabasco,1018,52,23,1
2024-10-15,baja california sur,389,22,16,1
2024-10-15,sonora,1412,65,22,2
2024-10-16,tlaxcala,373,9,7,0
2024-10-16,michoacán,1900,86,42,2
2024-10-16,yucatán,2461,94,52,5
2024-10-16,guerrero,1036,51,17,0
2024-10-16,tamaulipas,1443,55,24,2
2024-10-16,san luis potosí,987,45,32,1
2024-10-16,sinaloa,2723,127,44,6
2024-10-16,zacatecas,536,18,7,2
2024-10-16,morelos,1203,51,24,4
2024-10-16,coahuila,1561,72,37,5
2024-10-16,jalisco,6691,376,143,27
2024-10-16,aguascalientes,757,34,15,2
2024-10-16,nuevo león,10165,643,371,23
2024-10-16,chihuahua,2222,89,35,4
2024-10-16,quintana roo,2106,90,35,6
2024-10-16,méxico,5872,264,126,21
2024-10-16,puebla,2508,108,52,6
2024-10-16,hidalgo,883,34,10,0
2024-10-16,querétaro,3055,108,54,10
2024-10-16,oaxaca,697,40,16,1
2024-10-16,nayarit,320,11,4,0
2024-10-16,durango,463,20,10,0
2024-10-16,colima,365,25,16,1
2024-10-16,baja california,2076,86,27,1
2024-10-16,mexico city,20532,1200,670,72
2024-10-16,chiapas,887,37,23,6
2024-10-16,guanajuato,2245,88,46,10
2024-10-16,veracruz,3403,130,45,5
2024-10-16,campeche,439,21,8,1
2024-10-16,tabasco,1149,53,29,2
2024-10-16,baja california sur,439,31,14,0
2024-10-16,sonora,1623,68,25,2
2024-10-17,tlaxcala,426,12,4,0
2024-10-17,michoacán,2061,71,45,3
2024-10-17,yucatán,3010,126,54,11
2024-10-17,guerrero,1132,53,24,4
2024-10-17,tamaulipas,1610,56,18,0
2024-10-17,san luis potosí,1091,51,18,0
2024-10-17,sinaloa,3080,135,60,8
2024-10-17,zacatecas,578,30,16,1
2024-10-17,morelos,1275,46,20,2
2024-10-17,coahuila,1755,61,24,0
2024-10-17,jalisco,7331,371,137,20
2024-10-17,aguascalientes,883,45,17,1
2024-10-17,nuevo león,11054,677,435,27
2024-10-17,chihuahua,2458,98,45,7
2024-10-17,quintana roo,2568,96,41,6
2024-10-17,méxico,6928,296,169,21
2024-10-17,puebla,2892,106,47,8
2024-10-17,hidalgo,921,38,21,1
2024-10-17,querétaro,3463,121,65,8
2024-10-17,oaxaca,761,28,15,3
2024-10-17,nayarit,407,13,6,1
2024-10-17,durango,583,20,2,1
2024-10-17,colima,393,26,16,2
2024-10-17,baja california,2457,90,43,5
2024-10-17,mexico city,24724,1261,693,60
2024-10-17,chiapas,978,43,16,3
2024-10-17,guanajuato,2491,110,52,2
2024-10-17,veracruz,4228,147,56,7
2024-10-17,campeche,534,23,10,0
2024-10-17,tabasco,1283,46,28,5
2024-10-17,baja california sur,516,18,3,0
2024-10-17,sonora,1897,75,22,4
2024-10-18,tlaxcala,286,12,13,2
2024-10-18,michoacán,1359,55,35,1
2024-10-18,yucatán,2038,95,43,3
2024-10-18,guerrero,699,22,9,3
2024-10-18,tamaulipas,1074,34,17,1
2024-10-18,san luis potosí,664,26,19,3
2024-10-18,sinaloa,1980,96,29,4
2024-10-18,zacatecas,399,22,6,1
2024-10-18,morelos,813,35,22,1
2024-10-18,coahuila,1227,56,22,2
2024-10-18,jalisco,5120,293,121,24
2024-10-18,aguascalientes,559,33,12,1
2024-10-18,nuevo león,7726,553,364,17
2024-10-18,chihuahua,1631,89,28,3
2024-10-18,quintana roo,1781,95,41,5
2024-10-18,méxico,4289,226,126,19
2024-10-18,puebla,1895,84,54,4
2024-10-18,hidalgo,647,35,18,4
2024-10-18,querétaro,2188,92,42,7
2024-10-18,oaxaca,510,37,20,3
2024-10-18,nayarit,279,14,5,0
2024-10-18,durango,378,10,2,0
2024-10-18,colima,297,18,10,0
2024-10-18,baja california,1521,68,25,2
2024-10-18,mexico city,15834,975,613,71
2024-10-18,chiapas,741,34,10,1
2024-10-18,guanajuato,1584,71,37,0
2024-10-18,veracruz,2632,101,52,2
2024-10-18,campeche,342,12,5,1
2024-10-18,tabasco,861,56,22,3
2024-10-18,baja california sur,321,25,12,1
2024-10-18,sonora,1255,61,21,4
2024-10-19,tlaxcala,365,19,14,1
2024-10-19,michoacán,1499,49,17,1
2024-10-19,yucatán,2134,90,32,3
2024-10-19,guerrero,827,33,12,2
2024-10-19,tamaulipas,1169,37,18,0
2024-10-19,san luis potosí,702,27,16,2
2024-10-19,sinaloa,2309,124,56,7
2024-10-19,zacatecas,439,17,9,2
2024-10-19,morelos,872,31,12,1
2024-10-19,coahuila,1462,81,35,5
2024-10-19,jalisco,5307,262,116,12
2024-10-19,aguascalientes,569,23,6,0
2024-10-19,nuevo león,7981,480,274,8
2024-10-19,chihuahua,1764,86,35,2
2024-10-19,quintana roo,2238,74,32,1
2024-10-19,méxico,4516,211,127,18
2024-10-19,puebla,2002,71,42,4
2024-10-19,hidalgo,726,39,24,3
2024-10-19,querétaro,2353,83,35,3
2024-10-19,oaxaca,610,30,18,4
2024-10-19,nayarit,279,13,6,1
2024-10-19,durango,408,8,7,0
2024-10-19,colima,302,19,8,0
2024-10-19,baja california,1626,62,32,2
2024-10-19,mexico city,15306,877,516,28
2024-10-19,chiapas,821,35,10,2
2024-10-19,guanajuato,1822,74,30,4
2024-10-19,veracruz,3003,132,43,6
2024-10-19,campeche,430,18,9,0
2024-10-19,tabasco,1011,45,17,1
2024-10-19,baja california sur,388,29,19,2
2024-10-19,sonora,1315,47,18,2
2024-10-20,tlaxcala,407,17,8,0
2024-10-20,michoacán,1728,68,26,2
2024-10-20,yucatán,2247,101,51,6
2024-10-20,guerrero,891,28,15,3
2024-10-20,tamaulipas,1390,56,22,4
2024-10-20,san luis potosí,840,35,22,3
2024-10-20,sinaloa,2285,101,38,4
2024-10-20,zacatecas,491,25,13,3
2024-10-20,morelos,1042,33,12,1
2024-10-20,coahuila,1619,52,36,7
2024-10-20,jalisco,5768,302,152,20
2024-10-20,aguascalientes,636,35,14,2
2024-10-20,nuevo león,8593,600,419,23
2024-10-20,chihuahua,2004,79,36,5
2024-10-20,quintana roo,2175,89,33,8
2024-10-20,méxico,5450,264,144,21
2024-10-20,puebla,2251,79,41,3
2024-10-20,hidalgo,862,35,20,5
2024-10-20,querétaro,2584,108,43,7
2024-10-20,oaxaca,750,35,13,2
2024-10-20,nayarit,318,11,2,0
2024-10-20,durango,485,21,7,0
2024-10-20,colima,347,12,10,0
2024-10-20,baja california,1805,72,30,1
2024-10-20,mexico city,17888,1076,606,61
2024-10-20,chiapas,904,43,26,3
2024-10-20,guanajuato,2064,72,47,6
2024-10-20,veracruz,3685,133,47,3
2024-10-20,campeche,431,15,11,3
2024-10-20,tabasco,1044,37,20,1
2024-10-20,baja california sur,405,17,8,0
2024-10-20,sonora,1372,61,25,3
2024-10-21,tlaxcala,347,5,2,0
2024-10-21,michoacán,1613,87,39,3
2024-10-21,yucatán,2275,97,52,7
2024-10-21,guerrero,900,39,21,3
2024-10-21,tamaulipas,1425,54,21,1
2024-10-21,san luis potosí,822,37,18,3
2024-10-21,sinaloa,2580,116,56,6
2024-10-21,zacatecas,457,22,13,1
2024-10-21,morelos,1000,35,16,1
2024-10-21,coahuila,1582,78,33,5
2024-10-21,jalisco,6002,332,150,23
2024-10-21,aguascalientes,644,44,14,1
2024-10-21,nuevo león,9982,671,452,20
2024-10-21,chihuahua,2135,91,43,9
2024-10-21,quintana roo,2006,78,35,5
2024-10-21,méxico,5591,277,165,24
2024-10-21,puebla,2199,102,45,5
2024-10-21,hidalgo,799,33,20,6
2024-10-21,querétaro,2777,127,56,7
2024-10-21,oaxaca,622,21,12,1
2024-10-21,nayarit,309,10,4,1
2024-10-21,durango,448,17,9,3
2024-10-21,colima,345,15,6,0
2024-10-21,baja california,2018,90,35,3
2024-10-21,mexico city,19196,1204,685,79
2024-10-21,chiapas,907,54,24,3
2024-10-21,guanajuato,1984,89,43,4
2024-10-21,veracruz,3641,129,66,7
2024-10-21,campeche,395,22,7,0
2024-10-21,tabasco,1021,44,19,4
2024-10-21,baja california sur,446,24,8,2
2024-10-21,sonora,1551,62,27,2
2024-10-22,tlaxcala,276,8,10,1
2024-10-22,michoacán,1392,54,19,5
2024-10-22,yucatán,2075,124,48,5
2024-10-22,guerrero,762,27,10,0
2024-10-22,tamaulipas,1245,42,15,2
2024-10-22,san luis potosí,704,40,24,3
2024-10-22,sinaloa,2334,139,57,7
2024-10-22,zacatecas,444,26,13,1
2024-10-22,morelos,867,37,21,3
2024-10-22,coahuila,1415,59,27,2
2024-10-22,jalisco,5450,306,123,24
2024-10-22,aguascalientes,635,22,17,2
2024-10-22,nuevo león,8709,659,455,28
2024-10-22,chihuahua,1902,84,42,6
2024-10-22,quintana roo,1733,74,38,4
2024-10-22,méxico,4612,240,158,26
2024-10-22,puebla,1891,89,58,4
2024-10-22,hidalgo,632,28,11,2
2024-10-22,querétaro,2387,121,54,10
2024-10-22,oaxaca,581,27,8,1
2024-10-22,nayarit,275,22,5,0
2024-10-22,durango,454,19,12,0
2024-10-22,colima,308,12,2,0
2024-10-22,baja california,1777,72,32,1
2024-10-22,mexico city,16793,1079,613,63
2024-10-22,chiapas,812,45,20,1
2024-10-22,guanajuato,1805,82,44,7
2024-10-22,veracruz,2824,118,50,6
2024-10-22,campeche,322,17,5,0
2024-10-22,tabasco,951,46,15,1
2024-10-22,baja california sur,429,23,6,0
2024-10-22,sonora,1479,75,41,3
2024-10-23,tlaxcala,290,12,4,1
2024-10-23,michoacán,1357,69,25,6
2024-10-23,yucatán,1996,98,44,12
2024-10-23,guerrero,723,34,10,2
2024-10-23,tamaulipas,1192,38,18,2
2024-10-23,san luis potosí,701,40,26,3
2024-10-23,sinaloa,2182,118,47,3
2024-10-23,zacatecas,433,13,9,1
2024-10-23,morelos,760,36,23,6
2024-10-23,coahuila,1403,61,32,3
2024-10-23,jalisco,5087,274,120,19
2024-10-23,aguascalientes,642,37,17,2
2024-10-23,nuevo león,8212,641,430,14
2024-10-23,chihuahua,1859,95,36,3
2024-10-23,quintana roo,1627,70,34,2
2024-10-23,méxico,5051,224,127,18
2024-10-23,puebla,1779,88,43,5
2024-10-23,hidalgo,601,19,7,4
2024-10-23,querétaro,2216,83,40,4
2024-10-23,oaxaca,459,25,9,0
2024-10-23,nayarit,307,15,6,2
2024-10-23,durango,442,14,5,0
2024-10-23,colima,313,22,13,4
2024-10-23,baja california,1767,76,39,3
2024-10-23,mexico city,17944,1095,606,65
2024-10-23,chiapas,847,47,18,2
2024-10-23,guanajuato,1767,66,33,2
2024-10-23,veracruz,2632,122,56,9
2024-10-23,campeche,313,18,8,0
2024-10-23,tabasco,879,36,21,1
2024-10-23,baja california sur,356,16,5,2
2024-10-23,sonora,1439,61,25,2
2024-10-24,tlaxcala,285,11,7,0
2024-10-24,michoacán,1450,66,31,4
2024-10-24,yucatán,1878,79,26,1
2024-10-24,guerrero,766,35,13,2
2024-10-24,tamaulipas,1133,58,23,4
2024-10-24,san luis potosí,678,29,15,4
2024-10-24,sinaloa,2174,114,45,5
2024-10-24,zacatecas,473,17,8,0
2024-10-24,morelos,835,34,20,2
2024-10-24,coahuila,1365,60,31,4
2024-10-24,jalisco,5440,273,108,8
2024-10-24,aguascalientes,644,26,17,1
2024-10-24,nuevo león,8649,598,423,15
2024-10-24,chihuahua,1895,86,38,5
2024-10-24,quintana roo,1796,68,32,5
2024-10-24,méxico,4972,234,137,19
2024-10-24,puebla,1941,76,41,4
2024-10-24,hidalgo,617,28,9,2
2024-10-24,querétaro,2261,83,42,5
2024-10-24,oaxaca,518,23,12,0
2024-10-24,nayarit,278,16,5,2
2024-10-24,durango,482,19,9,2
2024-10-24,colima,268,11,3,0
2024-10-24,baja california,1913,65,36,2
2024-10-24,mexico city,17826,1045,602,72
2024-10-24,chiapas,702,36,18,0
2024-10-24,guanajuato,1635,95,51,10
2024-10-24,veracruz,2614,113,46,1
2024-10-24,campeche,338,14,10,0
2024-10-24,tabasco,929,51,29,7
2024-10-24,baja california sur,386,20,7,0
2024-10-24,sonora,1326,64,44,4
2024-10-25,tlaxcala,351,16,7,0
2024-10-25,michoacán,1679,58,44,8
2024-10-25,yucatán,1820,77,28,5
2024-10-25,guerrero,793,28,13,0
2024-10-25,tamaulipas,1263,39,20,1
2024-10-25,san luis potosí,817,37,10,0
2024-10-25,sinaloa,2483,115,54,5
2024-10-25,zacatecas,506,19,11,2
2024-10-25,morelos,1014,33,18,1
2024-10-25,coahuila,1518,47,25,4
2024-10-25,jalisco,5806,294,117,16
2024-10-25,aguascalientes,648,32,14,4
2024-10-25,nuevo león,9190,663,495,18
2024-10-25,chihuahua,2088,94,53,10
2024-10-25,quintana roo,1912,97,41,4
2024-10-25,méxico,5494,264,123,11
2024-10-25,puebla,2088,79,39,2
2024-10-25,hidalgo,683,18,7,0
2024-10-25,querétaro,2614,110,55,6
2024-10-25,oaxaca,498,18,6,1
2024-10-25,nayarit,306,12,5,1
2024-10-25,durango,475,11,5,1
2024-10-25,colima,289,13,9,1
2024-10-25,baja california,2108,94,44,11
2024-10-25,mexico city,19494,1174,664,55
2024-10-25,chiapas,812,45,21,3
2024-10-25,guanajuato,1954,75,37,4
2024-10-25,veracruz,2866,127,42,5
2024-10-25,campeche,363,15,5,0
2024-10-25,tabasco,993,43,20,0
2024-10-25,baja california sur,393,15,12,3
2024-10-25,sonora,1522,69,16,0
2024-10-26,tlaxcala,277,11,2,1
2024-10-26,michoacán,1393,73,21,2
2024-10-26,yucatán,1717,85,46,5
2024-10-26,guerrero,786,32,15,5
2024-10-26,tamaulipas,1113,64,31,2
2024-10-26,san luis potosí,681,31,16,4
2024-10-26,sinaloa,2321,117,36,2
2024-10-26,zacatecas,459,16,1,0
2024-10-26,morelos,836,42,21,4
2024-10-26,coahuila,1359,65,21,3
2024-10-26,jalisco,5383,348,133,26
2024-10-26,aguascalientes,632,25,10,2
2024-10-26,nuevo león,8132,652,487,23
2024-10-26,chihuahua,1929,89,46,6
2024-10-26,quintana roo,1808,74,52,6
2024-10-26,méxico,4930,241,105,8
2024-10-26,puebla,1775,70,31,2
2024-10-26,hidalgo,720,41,19,5
2024-10-26,querétaro,2311,92,47,8
2024-10-26,oaxaca,545,35,14,1
2024-10-26,nayarit,304,19,6,1
2024-10-26,durango,411,13,6,0
2024-10-26,colima,318,14,8,2
2024-10-26,baja california,1980,88,41,6
2024-10-26,mexico city,17399,1044,562,54
2024-10-26,chiapas,801,41,18,2
2024-10-26,guanajuato,1743,69,31,3
2024-10-26,veracruz,2778,111,56,5
2024-10-26,campeche,358,14,8,0
2024-10-26,tabasco,983,49,15,1
2024-10-26,baja california sur,399,27,8,0
2024-10-26,sonora,1355,62,29,3
2024-10-27,tlaxcala,308,16,8,1
2024-10-27,michoacán,1474,52,24,2
2024-10-27,yucatán,1739,84,35,5
2024-10-27,guerrero,795,38,16,1
2024-10-27,tamaulipas,1242,50,24,1
2024-10-27,san luis potosí,716,31,12,2
2024-10-27,sinaloa,2441,129,49,7
2024-10-27,zacatecas,513,19,16,3
2024-10-27,morelos,994,54,29,3
2024-10-27,coahuila,1455,70,29,2
2024-10-27,jalisco,5816,317,120,15
2024-10-27,aguascalientes,648,41,17,1
2024-10-27,nuevo león,8275,643,469,17
2024-10-27,chihuahua,1922,100,49,6
2024-10-27,quintana roo,1992,94,48,3
2024-10-27,méxico,5291,295,144,14
2024-10-27,puebla,1745,84,41,4
2024-10-27,hidalgo,762,38,22,4
2024-10-27,querétaro,2294,96,49,3
2024-10-27,oaxaca,551,32,8,4
2024-10-27,nayarit,265,14,7,2
2024-10-27,durango,405,25,12,2
2024-10-27,colima,307,28,3,0
2024-10-27,baja california,1890,78,40,4
2024-10-27,mexico city,18510,1206,653,79
2024-10-27,chiapas,873,48,16,7
2024-10-27,guanajuato,1914,93,46,3
2024-10-27,veracruz,3082,151,66,9
2024-10-27,campeche,360,18,8,2
2024-10-27,tabasco,968,54,20,2
2024-10-27,baja california sur,395,21,11,2
2024-10-27,sonora,1288,64,22,2
2024-10-28,tlaxcala,306,14,7,1
2024-10-28,michoacán,1677,88,38,4
2024-10-28,yucatán,2024,107,42,9
2024-10-28,guerrero,894,49,18,2
2024-10-28,tamaulipas,1380,52,25,2
2024-10-28,san luis potosí,728,23,11,0
2024-10-28,sinaloa,2696,151,54,7
2024-10-28,zacatecas,515,31,17,0
2024-10-28,morelos,902,31,20,2
2024-10-28,coahuila,1578,65,42,3
2024-10-28,jalisco,6090,358,160,29
2024-10-28,aguascalientes,695,26,19,3
2024-10-28,nuevo león,9688,703,492,21
2024-10-28,chihuahua,2178,82,34,3
2024-10-28,quintana roo,1986,101,32,2
2024-10-28,méxico,5821,294,156,16
2024-10-28,puebla,2083,89,42,3
2024-10-28,hidalgo,721,30,17,1
2024-10-28,querétaro,2775,119,54,8
2024-10-28,oaxaca,582,29,15,3
2024-10-28,nayarit,313,13,4,1
2024-10-28,durango,504,23,10,1
2024-10-28,colima,374,24,3,1
2024-10-28,baja california,2358,117,49,5
2024-10-28,mexico city,21151,1255,722,77
2024-10-28,chiapas,1027,50,19,1
2024-10-28,guanajuato,2093,102,51,1
2024-10-28,veracruz,3329,162,66,10
2024-10-28,campeche,392,26,11,0
2024-10-28,tabasco,1189,52,20,4
2024-10-28,baja california sur,500,34,18,1
2024-10-28,sonora,1630,82,27,1
2024-10-29,tlaxcala,260,9,8,2
2024-10-29,michoacán,1398,74,32,6
2024-10-29,yucatán,1627,105,51,6
2024-10-29,guerrero,685,29,20,2
2024-10-29,tamaulipas,1165,49,26,5
2024-10-29,san luis potosí,598,27,14,2
2024-10-29,sinaloa,2184,114,53,9
2024-10-29,zacatecas,473,31,18,3
2024-10-29,morelos,783,33,15,1
2024-10-29,coahuila,1348,51,33,3
2024-10-29,jalisco,5456,336,151,21
2024-10-29,aguascalientes,555,26,12,4
2024-10-29,nuevo león,8274,668,471,17
2024-10-29,chihuahua,1829,80,47,3
2024-10-29,quintana roo,1824,67,40,3
2024-10-29,méxico,4667,231,147,20
2024-10-29,puebla,1733,78,44,4
2024-10-29,hidalgo,575,26,13,4
2024-10-29,querétaro,2183,96,50,10
2024-10-29,oaxaca,442,23,10,0
2024-10-29,nayarit,245,10,4,0
2024-10-29,durango,415,13,5,1
2024-10-29,colima,302,16,7,0
2024-10-29,baja california,1847,83,42,7
2024-10-29,mexico city,18038,1170,714,76
2024-10-29,chiapas,765,50,22,2
2024-10-29,guanajuato,1682,67,44,4
2024-10-29,veracruz,2508,128,59,7
2024-10-29,campeche,332,19,8,2
2024-10-29,tabasco,913,46,22,2
2024-10-29,baja california sur,385,21,7,0
2024-10-29,sonora,1417,74,35,4
2024-10-30,tlaxcala,259,12,2,0
2024-10-30,michoacán,1380,52,33,6
2024-10-30,yucatán,1714,78,26,4
2024-10-30,guerrero,769,43,27,2
2024-10-30,tamaulipas,1282,44,18,4
2024-10-30,san luis potosí,715,30,20,4
2024-10-30,sinaloa,2187,92,47,5
2024-10-30,zacatecas,412,21,7,0
2024-10-30,morelos,934,38,21,2
2024-10-30,coahuila,1422,55,30,2
2024-10-30,jalisco,5772,309,162,20
2024-10-30,aguascalientes,611,24,14,1
2024-10-30,nuevo león,8938,664,495,25
2024-10-30,chihuahua,1920,73,43,3
2024-10-30,quintana roo,1834,61,28,2
2024-10-30,méxico,4856,236,114,18
2024-10-30,puebla,1741,60,28,5
2024-10-30,hidalgo,598,35,14,1
2024-10-30,querétaro,2313,84,44,3
2024-10-30,oaxaca,433,31,6,1
2024-10-30,nayarit,278,19,8,0
2024-10-30,durango,442,14,6,0
2024-10-30,colima,294,20,9,1
2024-10-30,baja california,2122,75,32,2
2024-10-30,mexico city,18312,1109,694,61
2024-10-30,chiapas,813,37,15,3
2024-10-30,guanajuato,1766,74,39,7
2024-10-30,veracruz,2567,118,57,6
2024-10-30,campeche,317,16,12,1
2024-10-30,tabasco,889,42,31,6
2024-10-30,baja california sur,448,20,8,0
2024-10-30,sonora,1428,67,37,6
2024-10-31,tlaxcala,246,15,10,0
2024-10-31,michoacán,1227,45,26,6
2024-10-31,yucatán,1509,49,23,6
2024-10-31,guerrero,782,39,20,2
2024-10-31,tamaulipas,916,33,22,2
2024-10-31,san luis potosí,648,27,12,1
2024-10-31,sinaloa,1846,84,38,3
2024-10-31,zacatecas,351,15,5,1
2024-10-31,morelos,687,31,14,0
2024-10-31,coahuila,1200,50,30,4
2024-10-31,jalisco,4868,247,135,24
2024-10-31,aguascalientes,528,17,17,2
2024-10-31,nuevo león,7392,637,521,20
2024-10-31,chihuahua,1688,73,37,3
2024-10-31,quintana roo,1507,63,33,4
2024-10-31,méxico,4585,172,96,10
2024-10-31,puebla,1677,55,14,1
2024-10-31,hidalgo,526,27,19,1
2024-10-31,querétaro,2078,66,37,5
2024-10-31,oaxaca,353,25,7,1
2024-10-31,nayarit,244,6,4,0
2024-10-31,durango,410,10,4,1
2024-10-31,colima,258,16,8,1
2024-10-31,baja california,1769,67,37,3
2024-10-31,mexico city,16992,939,582,40
2024-10-31,chiapas,810,27,17,2
2024-10-31,guanajuato,1650,63,34,3
2024-10-31,veracruz,2532,84,42,6
2024-10-31,campeche,302,19,11,1
2024-10-31,tabasco,879,38,19,2
2024-10-31,baja california sur,407,12,8,1
2024-10-31,sonora,1278,59,39,5
2024-11-01,tlaxcala,273,10,7,1
2024-11-01,michoacán,1256,52,24,6
2024-11-01,yucatán,1585,82,32,3
2024-11-01,guerrero,743,33,12,1
2024-11-01,tamaulipas,1056,39,18,2
2024-11-01,san luis potosí,651,25,13,1
2024-11-01,sinaloa,2006,83,23,3
2024-11-01,zacatecas,316,14,9,3
2024-11-01,morelos,751,33,17,2
2024-11-01,coahuila,1243,55,25,3
2024-11-01,jalisco,5026,268,104,19
2024-11-01,aguascalientes,480,18,12,1
2024-11-01,nuevo león,7750,635,480,22
2024-11-01,chihuahua,1773,68,35,4
2024-11-01,quintana roo,1638,72,29,3
2024-11-01,méxico,4294,177,82,10
2024-11-01,puebla,1758,79,23,3
2024-11-01,hidalgo,593,37,21,1
2024-11-01,querétaro,2066,80,37,5
2024-11-01,oaxaca,422,24,9,2
2024-11-01,nayarit,313,15,4,1
2024-11-01,durango,401,12,4,1
2024-11-01,colima,286,16,8,1
2024-11-01,baja california,1841,73,31,3
2024-11-01,mexico city,15992,912,573,55
2024-11-01,chiapas,718,27,12,0
2024-11-01,guanajuato,1497,67,35,1
2024-11-01,veracruz,2576,108,57,8
2024-11-01,campeche,325,20,10,1
2024-11-01,tabasco,878,33,14,1
2024-11-01,baja california sur,382,12,6,0
2024-11-01,sonora,1107,37,17,1
2024-11-02,tlaxcala,263,12,5,0
2024-11-02,michoacán,1180,48,11,0
2024-11-02,yucatán,1379,64,28,4
2024-11-02,guerrero,761,35,13,1
2024-11-02,tamaulipas,1002,54,22,2
2024-11-02,san luis potosí,557,17,5,1
2024-11-02,sinaloa,1898,104,36,8
2024-11-02,zacatecas,291,22,6,0
2024-11-02,morelos,725,25,10,1
2024-11-02,coahuila,1088,44,24,2
2024-11-02,jalisco,4546,234,94,14
2024-11-02,aguascalientes,430,26,8,0
2024-11-02,nuevo león,6825,471,367,21
2024-11-02,chihuahua,1562,60,28,4
2024-11-02,quintana roo,1374,56,21,1
2024-11-02,méxico,3884,145,90,12
2024-11-02,puebla,1622,71,37,0
2024-11-02,hidalgo,520,24,7,0
2024-11-02,querétaro,1803,55,29,4
2024-11-02,oaxaca,422,21,7,0
2024-11-02,nayarit,277,13,3,0
2024-11-02,durango,347,11,9,0
2024-11-02,colima,273,14,11,0
2024-11-02,baja california,1723,80,35,3
2024-11-02,mexico city,13628,767,468,46
2024-11-02,chiapas,667,31,10,0
2024-11-02,guanajuato,1305,52,24,5
2024-11-02,veracruz,2373,85,46,2
2024-11-02,campeche,313,7,6,2
2024-11-02,tabasco,817,34,14,1
2024-11-02,baja california sur,333,20,4,0
2024-11-02,sonora,1085,55,22,3
2024-11-03,tlaxcala,356,10,4,0
2024-11-03,michoacán,1820,94,36,7
2024-11-03,yucatán,1937,63,30,9
2024-11-03,guerrero,1028,55,24,4
2024-11-03,tamaulipas,1407,61,25,3
2024-11-03,san luis potosí,908,40,11,1
2024-11-03,sinaloa,3199,168,57,8
2024-11-03,zacatecas,517,20,6,1
2024-11-03,morelos,1088,42,13,1
2024-11-03,coahuila,1699,64,28,6
2024-11-03,jalisco,6987,377,136,15
2024-11-03,aguascalientes,729,51,11,2
2024-11-03,nuevo león,9896,732,482,28
2024-11-03,chihuahua,2320,118,51,4
2024-11-03,quintana roo,1969,69,41,5
2024-11-03,méxico,5948,294,103,14
2024-11-03,puebla,2170,97,34,4
2024-11-03,hidalgo,766,32,10,0
2024-11-03,querétaro,2774,107,38,3
2024-11-03,oaxaca,595,20,7,1
2024-11-03,nayarit,456,25,10,2
2024-11-03,durango,561,26,14,2
2024-11-03,colima,354,26,6,0
2024-11-03,baja california,2556,112,43,5
2024-11-03,mexico city,20905,1185,607,70
2024-11-03,chiapas,983,62,20,2
2024-11-03,guanajuato,2214,79,31,7
2024-11-03,veracruz,3288,126,67,13
2024-11-03,campeche,449,20,11,1
2024-11-03,tabasco,1070,56,17,1
2024-11-03,baja california sur,472,28,11,1
2024-11-03,sonora,1655,79,33,7
2024-11-04,tlaxcala,351,17,7,0
2024-11-04,michoacán,2049,94,36,5
2024-11-04,yucatán,2149,94,46,5
2024-11-04,guerrero,1054,50,29,0
2024-11-04,tamaulipas,1603,67,26,4
2024-11-04,san luis potosí,971,35,8,2
2024-11-04,sinaloa,3317,190,67,11
2024-11-04,zacatecas,510,18,9,2
2024-11-04,morelos,1131,37,21,5
2024-11-04,coahuila,1877,71,33,3
2024-11-04,jalisco,7210,394,167,30
2024-11-04,aguascalientes,803,32,11,2
2024-11-04,nuevo león,11498,834,510,31
2024-11-04,chihuahua,2368,111,37,3
2024-11-04,quintana roo,2070,99,51,4
2024-11-04,méxico,6563,262,131,19
2024-11-04,puebla,2517,87,37,8
2024-11-04,hidalgo,816,34,16,2
2024-11-04,querétaro,3043,112,59,7
2024-11-04,oaxaca,621,23,6,1
2024-11-04,nayarit,467,28,6,1
2024-11-04,durango,576,23,6,1
2024-11-04,colima,307,18,4,0
2024-11-04,baja california,2826,122,45,4
2024-11-04,mexico city,22692,1140,598,62
2024-11-04,chiapas,1080,54,24,1
2024-11-04,guanajuato,2420,89,32,6
2024-11-04,veracruz,3529,136,58,4
2024-11-04,campeche,448,24,9,1
2024-11-04,tabasco,1197,52,24,3
2024-11-04,baja california sur,512,28,14,1
2024-11-04,sonora,2026,92,33,1
2024-11-05,tlaxcala,414,17,7,1
2024-11-05,michoacán,2363,94,51,10
2024-11-05,yucatán,2416,95,40,5
2024-11-05,guerrero,1223,55,16,2
2024-11-05,tamaulipas,1858,87,30,7
2024-11-05,san luis potosí,1062,43,23,2
2024-11-05,sinaloa,3842,186,58,9
2024-11-05,zacatecas,659,24,9,1
2024-11-05,morelos,1387,62,28,1
2024-11-05,coahuila,2062,88,44,4
2024-11-05,jalisco,8742,456,184,32
2024-11-05,aguascalientes,954,55,24,2
2024-11-05,nuevo león,12485,800,490,28
2024-11-05,chihuahua,2804,131,69,7
2024-11-05,quintana roo,2530,121,45,6
2024-11-05,méxico,7556,318,140,18
2024-11-05,puebla,2646,110,41,6
2024-11-05,hidalgo,991,42,29,1
2024-11-05,querétaro,3338,152,74,12
2024-11-05,oaxaca,750,29,15,1
2024-11-05,nayarit,519,26,8,3
2024-11-05,durango,693,27,10,1
2024-11-05,colima,433,19,8,3
2024-11-05,baja california,3082,139,60,5
2024-11-05,mexico city,26385,1398,720,84
2024-11-05,chiapas,1165,53,23,1
2024-11-05,guanajuato,2690,125,51,10
2024-11-05,veracruz,4029,166,69,5
2024-11-05,campeche,559,25,10,2
2024-11-05,tabasco,1312,49,20,3
2024-11-05,baja california sur,645,34,12,2
2024-11-05,sonora,2222,115,35,3
2024-11-06,tlaxcala,414,14,6,1
2024-11-06,michoacán,2153,82,34,4
2024-11-06,yucatán,2337,99,49,4
2024-11-06,guerrero,1148,53,20,1
2024-11-06,tamaulipas,1777,81,32,3
2024-11-06,san luis potosí,953,35,16,3
2024-11-06,sinaloa,3734,187,61,6
2024-11-06,zacatecas,690,29,13,0
2024-11-06,morelos,1224,55,22,1
2024-11-06,coahuila,1959,77,27,2
2024-11-06,jalisco,8328,491,197,31
2024-11-06,aguascalientes,825,44,21,2
2024-11-06,nuevo león,10883,665,355,29
2024-11-06,chihuahua,2680,122,58,5
2024-11-06,quintana roo,2425,124,54,6
2024-11-06,méxico,7175,349,170,20
2024-11-06,puebla,2372,111,54,8
2024-11-06,hidalgo,929,50,39,3
2024-11-06,querétaro,2786,122,56,12
2024-11-06,oaxaca,757,30,14,1
2024-11-06,nayarit,445,15,4,1
2024-11-06,durango,612,37,12,0
2024-11-06,colima,472,27,7,0
2024-11-06,baja california,2973,123,43,7
2024-11-06,mexico city,26627,1549,830,88
2024-11-06,chiapas,1081,49,16,2
2024-11-06,guanajuato,3392,155,79,7
2024-11-06,veracruz,3666,157,84,10
2024-11-06,campeche,505,16,6,0
2024-11-06,tabasco,1259,71,40,3
2024-11-06,baja california sur,600,38,8,2
2024-11-06,sonora,1978,87,36,4
2024-11-07,tlaxcala,405,13,8,2
2024-11-07,michoacán,2181,100,38,1
2024-11-07,yucatán,2137,98,58,8
2024-11-07,guerrero,1153,49,22,8
2024-11-07,tamaulipas,1818,77,29,3
2024-11-07,san luis potosí,862,23,14,2
2024-11-07,sinaloa,4238,202,80,11
2024-11-07,zacatecas,671,42,17,2
2024-11-07,morelos,1245,71,28,1
2024-11-07,coahuila,1994,74,40,4
2024-11-07,jalisco,7901,422,177,26
2024-11-07,aguascalientes,745,43,25,2
2024-11-07,nuevo león,10018,548,292,25
2024-11-07,chihuahua,2980,133,52,7
2024-11-07,quintana roo,2488,114,54,8
2024-11-07,méxico,6576,314,171,18
2024-11-07,puebla,1871,81,39,5
2024-11-07,hidalgo,1015,61,28,3
2024-11-07,querétaro,1908,122,51,6
2024-11-07,oaxaca,795,31,7,2
2024-11-07,nayarit,363,14,5,1
2024-11-07,durango,575,27,13,2
2024-11-07,colima,418,22,11,1
2024-11-07,baja california,3290,157,67,7
2024-11-07,mexico city,25919,1571,943,92
2024-11-07,chiapas,1005,55,27,2
2024-11-07,guanajuato,4749,164,90,6
2024-11-07,veracruz,3558,150,64,5
2024-11-07,campeche,495,21,9,1
2024-11-07,tabasco,1235,66,31,3
2024-11-07,baja california sur,577,26,7,3
2024-11-07,sonora,1886,86,38,6
2024-11-08,tlaxcala,441,14,8,1
2024-11-08,michoacán,2295,73,41,2
2024-11-08,yucatán,2144,75,55,2
2024-11-08,guerrero,1221,58,23,2
2024-11-08,tamaulipas,1891,74,47,6
2024-11-08,san luis potosí,928,31,13,3
2024-11-08,sinaloa,4390,194,92,12
2024-11-08,zacatecas,750,36,13,2
2024-11-08,morelos,1190,49,28,6
2024-11-08,coahuila,2032,102,51,6
2024-11-08,jalisco,6801,347,177,25
2024-11-08,aguascalientes,818,50,35,4
2024-11-08,nuevo león,10013,448,254,23
2024-11-08,chihuahua,2895,107,54,7
2024-11-08,quintana roo,2193,95,49,7
2024-11-08,méxico,6665,313,214,26
2024-11-08,puebla,1895,55,33,5
2024-11-08,hidalgo,1031,50,35,4
2024-11-08,querétaro,1846,62,37,9
2024-11-08,oaxaca,630,34,17,2
2024-11-08,nayarit,359,15,6,0
2024-11-08,durango,618,19,12,2
2024-11-08,colima,340,14,5,0
2024-11-08,baja california,3009,119,67,4
2024-11-08,mexico city,25202,1417,907,80
2024-11-08,chiapas,1091,54,33,2
2024-11-08,guanajuato,5001,206,118,22
2024-11-08,veracruz,3655,148,67,8
2024-11-08,campeche,409,27,7,1
2024-11-08,tabasco,1436,54,35,4
2024-11-08,baja california sur,513,18,12,1
2024-11-08,sonora,1753,75,32,7
2024-11-09,tlaxcala,408,16,9,1
2024-11-09,michoacán,1900,64,36,6
2024-11-09,yucatán,1860,72,47,6
2024-11-09,guerrero,1119,41,33,2
2024-11-09,tamaulipas,1733,67,39,5
2024-11-09,san luis potosí,797,22,17,1
2024-11-09,sinaloa,3693,163,84,8
2024-11-09,zacatecas,655,23,16,4
2024-11-09,morelos,1212,38,19,2
2024-11-09,coahuila,1953,75,37,3
2024-11-09,jalisco,6439,322,168,24
2024-11-09,aguascalientes,680,27,18,2
2024-11-09,nuevo león,8747,365,211,29
2024-11-09,chihuahua,2654,107,49,9
2024-11-09,quintana roo,2086,100,47,1
2024-11-09,méxico,6059,236,140,19
2024-11-09,puebla,1755,70,41,4
2024-11-09,hidalgo,949,39,27,1
2024-11-09,querétaro,1792,71,35,5
2024-11-09,oaxaca,620,21,9,1
2024-11-09,nayarit,346,16,12,1
2024-11-09,durango,566,15,9,0
2024-11-09,colima,324,18,6,1
2024-11-09,baja california,2542,100,61,5
2024-11-09,mexico city,22017,1529,1093,76
2024-11-09,chiapas,936,48,29,4
2024-11-09,guanajuato,4105,154,80,13
2024-11-09,veracruz,3215,116,62,10
2024-11-09,campeche,390,24,16,1
2024-11-09,tabasco,1235,44,25,2
2024-11-09,baja california sur,476,21,10,2
2024-11-09,sonora,1546,52,29,1
2024-11-10,tlaxcala,428,19,10,1
2024-11-10,michoacán,2205,76,28,2
2024-11-10,yucatán,2017,76,53,5
2024-11-10,guerrero,1157,29,15,3
2024-11-10,tamaulipas,1871,81,49,4
2024-11-10,san luis potosí,972,27,6,0
2024-11-10,sinaloa,3805,181,78,11
2024-11-10,zacatecas,764,39,20,0
2024-11-10,morelos,1232,48,29,5
2024-11-10,coahuila,2203,90,48,6
2024-11-10,jalisco,7329,408,208,20
2024-11-10,aguascalientes,764,34,20,2
2024-11-10,nuevo león,9783,462,256,34
2024-11-10,chihuahua,2909,131,58,7
2024-11-10,quintana roo,2074,80,41,6
2024-11-10,méxico,7221,290,175,20
2024-11-10,puebla,1940,95,50,9
2024-11-10,hidalgo,1035,39,24,3
2024-11-10,querétaro,2030,98,46,6
2024-11-10,oaxaca,701,36,17,2
2024-11-10,nayarit,378,18,5,1
2024-11-10,durango,587,23,7,0
2024-11-10,colima,363,23,9,3
2024-11-10,baja california,2672,105,47,5
2024-11-10,mexico city,25332,1660,1115,77
2024-11-10,chiapas,1062,55,24,6
2024-11-10,guanajuato,4477,165,88,12
2024-11-10,veracruz,3733,143,89,9
2024-11-10,campeche,442,28,11,1
2024-11-10,tabasco,1318,56,35,3
2024-11-10,baja california sur,524,29,14,1
2024-11-10,sonora,1839,68,30,5
2024-11-11,tlaxcala,397,13,8,2
2024-11-11,michoacán,2151,95,67,10
2024-11-11,yucatán,2059,93,51,3
2024-11-11,guerrero,1084,51,31,4
2024-11-11,tamaulipas,1840,66,47,6
2024-11-11,san luis potosí,921,29,18,4
2024-11-11,sinaloa,4062,179,101,22
2024-11-11,zacatecas,768,23,24,5
2024-11-11,morelos,1213,47,26,2
2024-11-11,coahuila,2115,75,53,5
2024-11-11,jalisco,7377,393,250,46
2024-11-11,aguascalientes,805,44,32,2
2024-11-11,nuevo león,10074,532,298,32
2024-11-11,chihuahua,2933,128,58,4
2024-11-11,quintana roo,2056,61,37,4
2024-11-11,méxico,6575,309,232,27
2024-11-11,puebla,1802,89,69,8
2024-11-11,hidalgo,979,41,33,4
2024-11-11,querétaro,1814,93,56,9
2024-11-11,oaxaca,607,23,13,0
2024-11-11,nayarit,378,12,4,0
2024-11-11,durango,596,15,17,2
2024-11-11,colima,379,12,6,1
2024-11-11,baja california,3148,135,64,8
2024-11-11,mexico city,24759,1656,1212,93
2024-11-11,chiapas,1046,55,26,3
2024-11-11,guanajuato,4523,160,111,16
2024-11-11,veracruz,3433,151,80,12
2024-11-11,campeche,401,25,12,0
2024-11-11,tabasco,1251,53,41,6
2024-11-11,baja california sur,555,33,15,0
2024-11-11,sonora,1889,89,59,4
2024-11-12,tlaxcala,500,23,15,1
2024-11-12,michoacán,2600,112,63,4
2024-11-12,yucatán,2520,105,49,6
2024-11-12,guerrero,1322,54,32,1
2024-11-12,tamaulipas,2397,97,60,6
2024-11-12,san luis potosí,1064,51,17,1
2024-11-12,sinaloa,4913,234,125,10
2024-11-12,zacatecas,894,31,21,4
2024-11-12,morelos,1511,62,37,3
2024-11-12,coahuila,2583,120,84,9
2024-11-12,jalisco,9034,507,295,30
2024-11-12,aguascalientes,961,46,20,2
2024-11-12,nuevo león,12191,655,382,40
2024-11-12,chihuahua,3654,168,109,10
2024-11-12,quintana roo,2674,110,66,9
2024-11-12,méxico,7833,379,250,29
2024-11-12,puebla,2103,103,57,4
2024-11-12,hidalgo,1181,58,38,2
2024-11-12,querétaro,2262,121,66,12
2024-11-12,oaxaca,799,38,24,1
2024-11-12,nayarit,477,22,8,2
2024-11-12,durango,717,27,18,0
2024-11-12,colima,466,27,15,3
2024-11-12,baja california,3651,147,83,4
2024-11-12,mexico city,30965,2106,1440,109
2024-11-12,chiapas,1176,74,31,3
2024-11-12,guanajuato,5626,226,104,12
2024-11-12,veracruz,4091,203,127,18
2024-11-12,campeche,491,31,21,2
2024-11-12,tabasco,1451,60,33,3
2024-11-12,baja california sur,654,36,12,2
2024-11-12,sonora,2353,114,60,4
2024-11-13,tlaxcala,517,25,13,3
2024-11-13,michoacán,2567,100,52,6
2024-11-13,yucatán,2795,114,64,9
2024-11-13,guerrero,1348,51,31,1
2024-11-13,tamaulipas,2461,105,64,8
2024-11-13,san luis potosí,1095,46,25,2
2024-11-13,sinaloa,5087,197,130,15
2024-11-13,zacatecas,925,38,28,4
2024-11-13,morelos,1590,70,54,8
2024-11-13,coahuila,2585,96,59,5
2024-11-13,jalisco,9726,489,298,32
2024-11-13,aguascalientes,1012,45,20,4
2024-11-13,nuevo león,12708,556,353,38
2024-11-13,chihuahua,3644,141,87,9
2024-11-13,quintana roo,2884,134,77,6
2024-11-13,méxico,8339,373,241,20
2024-11-13,puebla,2458,110,67,5
2024-11-13,hidalgo,1221,55,37,8
2024-11-13,querétaro,2215,98,54,5
2024-11-13,oaxaca,880,32,22,2
2024-11-13,nayarit,478,20,11,1
2024-11-13,durango,714,33,21,1
2024-11-13,colima,460,26,13,2
2024-11-13,baja california,3938,173,84,12
2024-11-13,mexico city,32763,1872,1221,93
2024-11-13,chiapas,1272,52,24,0
2024-11-13,guanajuato,6058,215,119,17
2024-11-13,veracruz,4356,191,121,8
2024-11-13,campeche,538,14,4,1
2024-11-13,tabasco,1569,69,39,3
2024-11-13,baja california sur,655,27,17,3
2024-11-13,sonora,2345,113,56,8
2024-11-14,tlaxcala,569,19,12,0
2024-11-14,michoacán,2850,111,64,7
2024-11-14,yucatán,3028,134,72,10
2024-11-14,guerrero,1584,59,44,6
2024-11-14,tamaulipas,2868,80,49,7
2024-11-14,san luis potosí,1274,49,20,2
2024-11-14,sinaloa,5469,223,123,19
2024-11-14,zacatecas,875,34,9,1
2024-11-14,morelos,1801,72,43,8
2024-11-14,coahuila,2929,90,51,2
2024-11-14,jalisco,10703,531,298,44
2024-11-14,aguascalientes,1099,35,26,5
2024-11-14,nuevo león,14832,594,330,49
2024-11-14,chihuahua,4169,139,81,12
2024-11-14,quintana roo,3206,133,60,6
2024-11-14,méxico,10000,372,228,29
2024-11-14,puebla,2713,112,67,13
2024-11-14,hidalgo,1295,54,33,7
2024-11-14,querétaro,4046,157,89,10
2024-11-14,oaxaca,1033,36,19,1
2024-11-14,nayarit,495,16,7,0
2024-11-14,durango,841,33,16,3
2024-11-14,colima,554,16,8,1
2024-11-14,baja california,4129,154,86,10
2024-11-14,mexico city,36021,1466,811,113
2024-11-14,chiapas,2121,82,41,3
2024-11-14,guanajuato,4967,180,99,15
2024-11-14,veracruz,4811,173,106,8
2024-11-14,campeche,732,34,21,1
2024-11-14,tabasco,1761,55,30,6
2024-11-14,baja california sur,739,39,16,1
2024-11-14,sonora,2584,96,59,6
2024-11-15,tlaxcala,746,48,29,5
2024-11-15,michoacán,3955,288,176,31
2024-11-15,yucatán,4456,314,186,33
2024-11-15,guerrero,2345,142,72,15
2024-11-15,tamaulipas,3751,211,109,19
2024-11-15,san luis potosí,1750,104,50,10
2024-11-15,sinaloa,7407,488,260,56
2024-11-15,zacatecas,1148,68,27,2
2024-11-15,morelos,2604,164,105,26
2024-11-15,coahuila,3982,248,124,21
2024-11-15,jalisco,14140,1014,654,122
2024-11-15,aguascalientes,1619,123,73,10
2024-11-15,nuevo león,20138,1294,654,112
2024-11-15,chihuahua,5266,293,159,28
2024-11-15,quintana roo,4613,327,185,28
2024-11-15,méxico,12674,783,510,79
2024-11-15,puebla,3814,266,156,26
2024-11-15,hidalgo,1777,95,62,9
2024-11-15,querétaro,7198,398,228,39
2024-11-15,oaxaca,1492,107,59,12
2024-11-15,nayarit,707,39,25,4
2024-11-15,durango,1119,68,46,6
2024-11-15,colima,706,58,38,4
2024-11-15,baja california,5530,331,183,23
2024-11-15,mexico city,43659,2919,1775,325
2024-11-15,chiapas,3651,241,156,22
2024-11-15,guanajuato,4759,318,206,43
2024-11-15,veracruz,6623,405,225,33
2024-11-15,campeche,978,64,33,8
2024-11-15,tabasco,2388,172,88,17
2024-11-15,baja california sur,888,58,19,3
2024-11-15,sonora,3490,182,96,15
2024-11-16,tlaxcala,751,42,27,4
2024-11-16,michoacán,3859,237,149,30
2024-11-16,yucatán,3951,228,130,16
2024-11-16,guerrero,2151,105,42,5
2024-11-16,tamaulipas,3513,170,97,15
2024-11-16,san luis potosí,1702,73,42,7
2024-11-16,sinaloa,7323,397,183,33
2024-11-16,zacatecas,1063,50,24,3
2024-11-16,morelos,2587,143,64,11
2024-11-16,coahuila,3884,172,106,17
2024-11-16,jalisco,14141,828,464,75
2024-11-16,aguascalientes,1520,80,47,14
2024-11-16,nuevo león,19719,1044,527,102
2024-11-16,chihuahua,5911,282,153,34
2024-11-16,quintana roo,4284,222,131,28
2024-11-16,méxico,12235,636,400,70
2024-11-16,puebla,3464,206,123,17
2024-11-16,hidalgo,1802,89,49,5
2024-11-16,querétaro,7128,351,201,36
2024-11-16,oaxaca,1346,90,49,11
2024-11-16,nayarit,753,60,26,4
2024-11-16,durango,1066,52,25,2
2024-11-16,colima,738,56,34,5
2024-11-16,baja california,5717,303,157,26
2024-11-16,mexico city,42345,2280,1290,232
2024-11-16,chiapas,3430,205,126,21
2024-11-16,guanajuato,4529,215,134,19
2024-11-16,veracruz,6378,338,161,29
2024-11-16,campeche,909,48,23,5
2024-11-16,tabasco,2136,117,68,13
2024-11-16,baja california sur,972,59,28,6
2024-11-16,sonora,3792,210,84,15
2024-11-17,tlaxcala,786,45,35,6
2024-11-17,michoacán,3894,239,166,34
2024-11-17,yucatán,3982,245,140,26
2024-11-17,guerrero,2115,146,84,24
2024-11-17,tamaulipas,3431,183,112,27
2024-11-17,san luis potosí,1545,87,51,7
2024-11-17,sinaloa,7025,408,213,37
2024-11-17,zacatecas,1009,41,26,6
2024-11-17,morelos,2599,128,92,12
2024-11-17,coahuila,3538,203,124,29
2024-11-17,jalisco,14265,893,514,99
2024-11-17,aguascalientes,1464,80,61,12
2024-11-17,nuevo león,17719,1053,600,116
2024-11-17,chihuahua,5543,279,162,40
2024-11-17,quintana roo,4356,278,128,26
2024-11-17,méxico,12510,666,443,85
2024-11-17,puebla,3637,217,139,17
2024-11-17,hidalgo,1718,88,47,8
2024-11-17,querétaro,6695,371,225,53
2024-11-17,oaxaca,1313,88,37,4
2024-11-17,nayarit,780,53,33,5
2024-11-17,durango,1035,56,38,5
2024-11-17,colima,689,32,14,1
2024-11-17,baja california,5140,298,179,28
2024-11-17,mexico city,41459,2393,1370,280
2024-11-17,chiapas,3411,208,151,24
2024-11-17,guanajuato,4599,255,162,27
2024-11-17,veracruz,6223,356,221,43
2024-11-17,campeche,913,61,32,6
2024-11-17,tabasco,2165,127,89,11
2024-11-17,baja california sur,954,68,43,11
2024-11-17,sonora,3493,204,95,17
2024-11-18,tlaxcala,910,50,34,7
2024-11-18,michoacán,4362,251,168,29
2024-11-18,yucatán,4382,343,212,36
2024-11-18,guerrero,2306,145,98,14
2024-11-18,tamaulipas,3939,241,165,29
2024-11-18,san luis potosí,1899,96,66,6
2024-11-18,sinaloa,7899,497,316,53
2024-11-18,zacatecas,1222,83,46,7
2024-11-18,morelos,2742,140,96,18
2024-11-18,coahuila,4196,273,160,35
2024-11-18,jalisco,16888,1139,685,153
2024-11-18,aguascalientes,1827,106,69,13
2024-11-18,nuevo león,20531,1279,736,168
2024-11-18,chihuahua,6304,323,200,42
2024-11-18,quintana roo,4434,305,183,42
2024-11-18,méxico,13923,848,590,131
2024-11-18,puebla,4086,271,160,35
2024-11-18,hidalgo,1986,145,84,23
2024-11-18,querétaro,7744,447,284,55
2024-11-18,oaxaca,1554,89,62,7
2024-11-18,nayarit,784,49,24,4
2024-11-18,durango,1155,64,47,8
2024-11-18,colima,733,57,37,6
2024-11-18,baja california,5808,370,207,45
2024-11-18,mexico city,47351,3044,1976,440
2024-11-18,chiapas,3727,245,162,39
2024-11-18,guanajuato,5342,289,221,43
2024-11-18,veracruz,6863,401,276,50
2024-11-18,campeche,914,69,41,9
2024-11-18,tabasco,2250,144,91,17
2024-11-18,baja california sur,1010,70,41,2
2024-11-18,sonora,3784,218,108,20
2024-11-19,tlaxcala,539,21,13,2
2024-11-19,michoacán,2668,125,85,12
2024-11-19,yucatán,2964,178,110,13
2024-11-19,guerrero,1435,75,32,4
2024-11-19,tamaulipas,2485,102,56,6
2024-11-19,san luis potosí,1255,56,31,4
2024-11-19,sinaloa,5455,295,167,21
2024-11-19,zacatecas,709,30,22,2
2024-11-19,morelos,1732,67,33,11
2024-11-19,coahuila,2623,116,78,14
2024-11-19,jalisco,10656,541,327,51
2024-11-19,aguascalientes,1149,44,33,7
2024-11-19,nuevo león,13310,608,333,56
2024-11-19,chihuahua,3736,159,89,11
2024-11-19,quintana roo,2919,148,74,8
2024-11-19,méxico,8897,415,251,26
2024-11-19,puebla,2677,136,74,11
2024-11-19,hidalgo,1221,57,38,3
2024-11-19,querétaro,5384,238,140,25
2024-11-19,oaxaca,938,40,27,3
2024-11-19,nayarit,539,31,20,4
2024-11-19,durango,706,38,18,2
2024-11-19,colima,507,29,19,7
2024-11-19,baja california,3887,183,115,13
2024-11-19,mexico city,32512,1560,893,134
2024-11-19,chiapas,2531,119,91,9
2024-11-19,guanajuato,3305,137,78,12
2024-11-19,veracruz,4469,173,104,14
2024-11-19,campeche,661,31,16,3
2024-11-19,tabasco,1525,85,44,3
2024-11-19,baja california sur,685,37,10,3
2024-11-19,sonora,2618,143,75,4
2024-11-20,tlaxcala,564,16,6,1
2024-11-20,michoacán,2735,118,71,8
2024-11-20,yucatán,3181,141,66,11
2024-11-20,guerrero,1475,56,25,0
2024-11-20,tamaulipas,2604,92,51,4
2024-11-20,san luis potosí,1336,53,30,1
2024-11-20,sinaloa,5552,236,98,13
2024-11-20,zacatecas,736,29,18,1
2024-11-20,morelos,1808,76,39,4
2024-11-20,coahuila,2745,133,76,9
2024-11-20,jalisco,11243,526,250,32
2024-11-20,aguascalientes,1130,41,20,5
2024-11-20,nuevo león,14188,670,303,42
2024-11-20,chihuahua,4018,154,79,11
2024-11-20,quintana roo,3274,132,52,8
2024-11-20,méxico,9950,414,228,38
2024-11-20,puebla,2848,102,67,13
2024-11-20,hidalgo,1266,46,24,2
2024-11-20,querétaro,5852,222,130,19
2024-11-20,oaxaca,1038,40,21,2
2024-11-20,nayarit,518,27,10,2
2024-11-20,durango,721,27,23,3
2024-11-20,colima,532,37,17,2
2024-11-20,baja california,4203,203,105,13
2024-11-20,mexico city,35121,1645,807,119
2024-11-20,chiapas,2590,124,65,5
2024-11-20,guanajuato,3284,123,59,11
2024-11-20,veracruz,5061,218,113,16
2024-11-20,campeche,650,29,11,1
2024-11-20,tabasco,1638,74,43,6
2024-11-20,baja california sur,720,29,13,2
2024-11-20,sonora,2704,110,46,4
2024-11-21,tlaxcala,572,26,11,2
2024-11-21,michoacán,2706,99,50,9
2024-11-21,yucatán,3039,134,57,8
2024-11-21,guerrero,1622,71,39,5
2024-11-21,tamaulipas,2787,105,46,4
2024-11-21,san luis potosí,1288,48,23,0
2024-11-21,sinaloa,6080,296,133,17
2024-11-21,zacatecas,866,37,19,4
2024-11-21,morelos,1925,93,54,4
2024-11-21,coahuila,2766,123,44,5
2024-11-21,jalisco,11140,557,257,35
2024-11-21,aguascalientes,1061,62,29,3
2024-11-21,nuevo león,14329,654,289,30
2024-11-21,chihuahua,4038,176,71,10
2024-11-21,quintana roo,3198,142,93,11
2024-11-21,méxico,9567,421,236,34
2024-11-21,puebla,2802,116,55,12
2024-11-21,hidalgo,1182,33,22,2
2024-11-21,querétaro,5755,240,108,12
2024-11-21,oaxaca,1140,54,27,3
2024-11-21,nayarit,615,29,12,1
2024-11-21,durango,806,30,12,2
2024-11-21,colima,594,35,16,0
2024-11-21,baja california,5035,245,104,12
2024-11-21,mexico city,32680,1579,786,124
2024-11-21,chiapas,2510,113,49,5
2024-11-21,guanajuato,3433,137,67,12
2024-11-21,veracruz,5171,189,79,16
2024-11-21,campeche,665,24,14,0
2024-11-21,tabasco,1727,73,31,3
2024-11-21,baja california sur,784,33,20,0
2024-11-21,sonora,2859,122,58,9
2024-11-22,tlaxcala,753,30,9,2
2024-11-22,michoacán,3661,130,73,3
2024-11-22,yucatán,3854,148,68,10
2024-11-22,guerrero,2260,80,32,4
2024-11-22,tamaulipas,3584,138,68,5
2024-11-22,san luis potosí,1752,67,38,3
2024-11-22,sinaloa,7279,344,165,33
2024-11-22,zacatecas,1160,42,13,1
2024-11-22,morelos,2486,92,47,2
2024-11-22,coahuila,3537,135,67,4
2024-11-22,jalisco,14041,656,312,49
2024-11-22,aguascalientes,1329,59,31,3
2024-11-22,nuevo león,18467,728,311,32
2024-11-22,chihuahua,4887,200,88,12
2024-11-22,quintana roo,3932,189,82,5
2024-11-22,méxico,11609,509,229,24
2024-11-22,puebla,3345,152,71,8
2024-11-22,hidalgo,1578,62,28,2
2024-11-22,querétaro,6671,309,123,21
2024-11-22,oaxaca,1546,63,29,8
2024-11-22,nayarit,859,47,14,1
2024-11-22,durango,1042,47,25,1
2024-11-22,colima,730,31,11,0
2024-11-22,baja california,5781,219,103,15
2024-11-22,mexico city,39716,1848,863,137
2024-11-22,chiapas,3187,115,65,9
2024-11-22,guanajuato,4249,187,65,9
2024-11-22,veracruz,6634,255,105,17
2024-11-22,campeche,924,31,14,2
2024-11-22,tabasco,2077,90,45,4
2024-11-22,baja california sur,948,50,22,2
2024-11-22,sonora,3710,170,72,7
2024-11-23,tlaxcala,832,28,8,0
2024-11-23,michoacán,4298,159,91,7
2024-11-23,yucatán,4086,175,79,5
2024-11-23,guerrero,2529,98,38,2
2024-11-23,tamaulipas,3647,129,74,9
2024-11-23,san luis potosí,1834,58,23,2
2024-11-23,sinaloa,7429,303,128,15
2024-11-23,zacatecas,1332,51,21,3
2024-11-23,morelos,2906,97,42,3
2024-11-23,coahuila,3744,141,57,4
2024-11-23,jalisco,15024,652,282,41
2024-11-23,aguascalientes,1471,71,31,4
2024-11-23,nuevo león,19195,677,300,38
2024-11-23,chihuahua,5264,198,106,16
2024-11-23,quintana roo,4189,170,84,9
2024-11-23,méxico,12300,551,255,26
2024-11-23,puebla,3933,154,84,7
2024-11-23,hidalgo,1945,72,38,2
2024-11-23,querétaro,8070,298,119,18
2024-11-23,oaxaca,1953,69,27,2
2024-11-23,nayarit,914,41,19,3
2024-11-23,durango,1105,45,12,2
2024-11-23,colima,884,35,13,2
2024-11-23,baja california,5904,227,112,15
2024-11-23,mexico city,41888,1827,819,106
2024-11-23,chiapas,3607,135,65,5
2024-11-23,guanajuato,4875,137,79,8
2024-11-23,veracruz,7069,267,136,17
2024-11-23,campeche,954,41,24,2
2024-11-23,tabasco,2274,101,39,9
2024-11-23,baja california sur,946,41,12,1
2024-11-23,sonora,3805,174,77,10
2024-11-24,tlaxcala,873,28,15,1
2024-11-24,michoacán,4617,130,73,8
2024-11-24,yucatán,4113,173,83,13
2024-11-24,guerrero,2960,100,48,3
2024-11-24,tamaulipas,4056,146,70,6
2024-11-24,san luis potosí,1878,68,36,5
2024-11-24,sinaloa,7609,287,135,20
2024-11-24,zacatecas,1465,62,23,1
2024-11-24,morelos,2973,105,52,3
2024-11-24,coahuila,4303,143,68,7
2024-11-24,jalisco,15770,657,353,43
2024-11-24,aguascalientes,1479,53,28,4
2024-11-24,nuevo león,20320,763,391,62
2024-11-24,chihuahua,5886,226,101,14
2024-11-24,quintana roo,4192,146,84,16
2024-11-24,méxico,13214,517,258,30
2024-11-24,puebla,4241,144,66,7
2024-11-24,hidalgo,2084,80,37,9
2024-11-24,querétaro,8390,277,137,19
2024-11-24,oaxaca,2058,75,40,1
2024-11-24,nayarit,955,36,22,6
2024-11-24,durango,1182,45,14,5
2024-11-24,colima,928,31,11,1
2024-11-24,baja california,6040,216,104,13
2024-11-24,mexico city,43841,1942,946,130
2024-11-24,chiapas,3965,144,67,3
2024-11-24,guanajuato,5296,178,99,11
2024-11-24,veracruz,7480,219,112,10
2024-11-24,campeche,987,37,21,1
2024-11-24,tabasco,2334,90,41,4
2024-11-24,baja california sur,1088,34,15,1
2024-11-24,sonora,4141,139,53,4
2024-11-25,tlaxcala,497,30,10,3
2024-11-25,michoacán,2836,128,58,14
2024-11-25,yucatán,3595,168,84,14
2024-11-25,guerrero,1721,83,48,3
2024-11-25,tamaulipas,3150,112,65,7
2024-11-25,san luis potosí,1397,56,17,3
2024-11-25,sinaloa,6504,271,97,15
2024-11-25,zacatecas,928,44,17,2
2024-11-25,morelos,1785,61,36,6
2024-11-25,coahuila,3086,130,56,6
2024-11-25,jalisco,11836,608,275,55
2024-11-25,aguascalientes,1069,50,21,3
2024-11-25,nuevo león,16453,708,318,43
2024-11-25,chihuahua,4516,181,65,7
2024-11-25,quintana roo,3623,166,88,10
2024-11-25,méxico,8794,375,210,26
2024-11-25,puebla,2421,90,54,8
2024-11-25,hidalgo,1180,46,24,2
2024-11-25,querétaro,5981,230,92,12
2024-11-25,oaxaca,1102,39,16,0
2024-11-25,nayarit,731,35,14,3
2024-11-25,durango,827,29,8,0
2024-11-25,colima,684,33,16,2
2024-11-25,baja california,4911,178,97,13
2024-11-25,mexico city,32360,1479,760,132
2024-11-25,chiapas,2555,105,68,2
2024-11-25,guanajuato,3470,130,64,4
2024-11-25,veracruz,5357,223,99,16
2024-11-25,campeche,716,36,17,3
2024-11-25,tabasco,1651,64,36,6
2024-11-25,baja california sur,822,44,23,2
2024-11-25,sonora,3153,137,59,7
2024-11-26,tlaxcala,494,20,14,3
2024-11-26,michoacán,2723,125,50,10
2024-11-26,yucatán,3339,140,58,4
2024-11-26,guerrero,1588,63,20,3
2024-11-26,tamaulipas,2978,111,52,3
2024-11-26,san luis potosí,1359,50,24,5
2024-11-26,sinaloa,5877,254,91,16
2024-11-26,zacatecas,980,44,21,5
2024-11-26,morelos,1862,69,29,6
2024-11-26,coahuila,2804,121,41,6
2024-11-26,jalisco,11900,518,222,45
2024-11-26,aguascalientes,1075,56,26,4
2024-11-26,nuevo león,14902,621,239,40
2024-11-26,chihuahua,4204,189,63,10
2024-11-26,quintana roo,3646,124,50,9
2024-11-26,méxico,9040,394,173,28
2024-11-26,puebla,2534,85,48,5
2024-11-26,hidalgo,1167,44,13,0
2024-11-26,querétaro,6095,238,96,19
2024-11-26,oaxaca,1089,44,13,3
2024-11-26,nayarit,679,25,10,2
2024-11-26,durango,868,32,18,2
2024-11-26,colima,654,45,24,2
2024-11-26,baja california,4985,189,87,11
2024-11-26,mexico city,33279,1389,603,113
2024-11-26,chiapas,2526,100,50,4
2024-11-26,guanajuato,3235,128,67,12
2024-11-26,veracruz,5229,174,75,7
2024-11-26,campeche,698,25,13,2
2024-11-26,tabasco,1687,73,31,3
2024-11-26,baja california sur,790,48,22,3
2024-11-26,sonora,2923,112,30,4
2024-11-27,tlaxcala,425,12,11,1
2024-11-27,michoacán,2369,97,46,6
2024-11-27,yucatán,3021,120,60,9
2024-11-27,guerrero,1344,64,22,5
2024-11-27,tamaulipas,2340,98,59,8
2024-11-27,san luis potosí,1105,45,25,1
2024-11-27,sinaloa,5135,221,75,16
2024-11-27,zacatecas,802,43,27,4
2024-11-27,morelos,1512,59,38,0
2024-11-27,coahuila,2233,108,41,6
2024-11-27,jalisco,10161,478,195,33
2024-11-27,aguascalientes,875,44,23,1
2024-11-27,nuevo león,12741,488,232,36
2024-11-27,chihuahua,3743,182,76,9
2024-11-27,quintana roo,3199,146,59,8
2024-11-27,méxico,7685,359,166,30
2024-11-27,puebla,2072,79,34,4
2024-11-27,hidalgo,981,33,16,2
2024-11-27,querétaro,5198,203,88,18
2024-11-27,oaxaca,1023,43,25,6
2024-11-27,nayarit,599,23,8,1
2024-11-27,durango,867,36,18,2
2024-11-27,colima,553,17,9,2
2024-11-27,baja california,3979,180,85,9
2024-11-27,mexico city,29239,1376,594,97
2024-11-27,chiapas,2099,94,43,7
2024-11-27,guanajuato,2642,108,48,9
2024-11-27,veracruz,4291,172,80,10
2024-11-27,campeche,602,29,12,0
2024-11-27,tabasco,1401,42,30,3
2024-11-27,baja california sur,669,32,13,3
2024-11-27,sonora,2530,94,39,3
2024-11-28,tlaxcala,478,18,8,1
2024-11-28,michoacán,2697,88,51,4
2024-11-28,yucatán,3510,154,73,8
2024-11-28,guerrero,1617,66,33,3
2024-11-28,tamaulipas,2563,83,36,4
2024-11-28,san luis potosí,1248,56,25,3
2024-11-28,sinaloa,5734,210,97,10
2024-11-28,zacatecas,904,29,16,1
2024-11-28,morelos,1873,55,32,5
2024-11-28,coahuila,2589,97,52,6
2024-11-28,jalisco,11409,501,250,52
2024-11-28,aguascalientes,1043,47,24,5
2024-11-28,nuevo león,14109,542,240,36
2024-11-28,chihuahua,4051,154,66,7
2024-11-28,quintana roo,3638,146,62,6
2024-11-28,méxico,9530,408,192,26
2024-11-28,puebla,2478,95,37,9
2024-11-28,hidalgo,1178,49,16,5
2024-11-28,querétaro,6000,209,98,14
2024-11-28,oaxaca,1097,40,29,7
2024-11-28,nayarit,624,19,8,2
2024-11-28,durango,941,30,15,4
2024-11-28,colima,594,25,16,4
2024-11-28,baja california,4618,174,88,14
2024-11-28,mexico city,34448,1433,676,121
2024-11-28,chiapas,2478,90,46,4
2024-11-28,guanajuato,3083,116,57,5
2024-11-28,veracruz,5089,168,82,10
2024-11-28,campeche,704,34,19,3
2024-11-28,tabasco,1609,66,36,8
2024-11-28,baja california sur,690,27,18,3
2024-11-28,sonora,2713,93,46,8
2024-11-29,tlaxcala,442,30,18,0
2024-11-29,michoacán,2113,117,81,14
2024-11-29,yucatán,2312,140,77,13
2024-11-29,guerrero,1176,71,43,9
2024-11-29,tamaulipas,2119,111,67,9
2024-11-29,san luis potosí,991,65,41,6
2024-11-29,sinaloa,4264,210,129,18
2024-11-29,zacatecas,704,37,25,3
2024-11-29,morelos,1345,84,48,5
2024-11-29,coahuila,2103,119,77,11
2024-11-29,jalisco,8621,575,389,60
2024-11-29,aguascalientes,731,42,25,4
2024-11-29,nuevo león,10638,563,330,50
2024-11-29,chihuahua,2994,138,71,13
2024-11-29,quintana roo,2620,134,84,12
2024-11-29,méxico,6945,416,269,50
2024-11-29,puebla,1859,120,77,13
2024-11-29,hidalgo,897,41,29,3
2024-11-29,querétaro,4466,244,138,22
2024-11-29,oaxaca,864,58,52,5
2024-11-29,nayarit,456,26,18,3
2024-11-29,durango,701,49,27,2
2024-11-29,colima,453,27,10,2
2024-11-29,baja california,3494,175,88,8
2024-11-29,mexico city,25043,1447,913,155
2024-11-29,chiapas,1989,133,99,11
2024-11-29,guanajuato,2385,159,101,14
2024-11-29,veracruz,3961,183,114,25
2024-11-29,campeche,506,35,21,3
2024-11-29,tabasco,1263,86,32,1
2024-11-29,baja california sur,613,47,24,4
2024-11-29,sonora,2137,87,37,2
2024-11-30,tlaxcala,345,20,11,3
2024-11-30,michoacán,1528,107,52,7
2024-11-30,yucatán,1787,99,50,8
2024-11-30,guerrero,908,52,21,3
2024-11-30,tamaulipas,1604,75,41,7
2024-11-30,san luis potosí,796,37,13,1
2024-11-30,sinaloa,3624,198,85,14
2024-11-30,zacatecas,536,28,16,3
2024-11-30,morelos,1040,50,25,4
2024-11-30,coahuila,1611,106,46,7
2024-11-30,jalisco,7047,478,228,39
2024-11-30,aguascalientes,591,36,17,3
2024-11-30,nuevo león,8212,453,196,31
2024-11-30,chihuahua,2453,126,57,5
2024-11-30,quintana roo,1984,125,64,8
2024-11-30,méxico,5328,322,189,27
2024-11-30,puebla,1538,105,48,8
2024-11-30,hidalgo,716,44,25,7
2024-11-30,querétaro,3263,185,92,7
2024-11-30,oaxaca,643,40,26,9
2024-11-30,nayarit,393,26,15,2
2024-11-30,durango,524,25,10,2
2024-11-30,colima,338,18,7,2
2024-11-30,baja california,2671,162,57,5
2024-11-30,mexico city,19074,1200,569,95
2024-11-30,chiapas,1464,106,62,10
2024-11-30,guanajuato,1999,121,62,12
2024-11-30,veracruz,2999,177,94,12
2024-11-30,campeche,382,30,10,2
2024-11-30,tabasco,974,64,32,3
2024-11-30,baja california sur,457,30,10,3
2024-11-30,sonora,1866,80,34,4
2024-12-01,tlaxcala,493,23,9,3
2024-12-01,michoacán,2280,118,58,13
2024-12-01,yucatán,2602,158,61,10
2024-12-01,guerrero,1207,58,27,11
2024-12-01,tamaulipas,2287,116,45,9
2024-12-01,san luis potosí,1083,59,25,5
2024-12-01,sinaloa,4724,241,119,17
2024-12-01,zacatecas,772,34,27,8
2024-12-01,morelos,1577,80,46,6
2024-12-01,coahuila,2507,129,75,14
2024-12-01,jalisco,9947,595,313,65
2024-12-01,aguascalientes,914,52,35,7
2024-12-01,nuevo león,11978,612,268,40
2024-12-01,chihuahua,3629,183,109,13
2024-12-01,quintana roo,2827,163,84,14
2024-12-01,méxico,8009,424,223,51
2024-12-01,puebla,2274,116,62,13
2024-12-01,hidalgo,1071,52,46,6
2024-12-01,querétaro,4517,248,105,27
2024-12-01,oaxaca,830,53,23,5
2024-12-01,nayarit,487,24,10,3
2024-12-01,durango,744,30,17,1
2024-12-01,colima,487,22,17,2
2024-12-01,baja california,3660,177,94,11
2024-12-01,mexico city,28282,1507,746,147
2024-12-01,chiapas,2052,105,65,17
2024-12-01,guanajuato,2748,115,68,19
2024-12-01,veracruz,4488,194,106,15
2024-12-01,campeche,564,41,20,6
2024-12-01,tabasco,1398,73,43,5
2024-12-01,baja california sur,657,53,15,1
2024-12-01,sonora,2517,118,49,6
2024-12-02,tlaxcala,510,22,17,3
2024-12-02,michoacán,2535,139,91,16
2024-12-02,yucatán,2900,161,98,10
2024-12-02,guerrero,1298,67,39,1
2024-12-02,tamaulipas,2499,116,82,11
2024-12-02,san luis potosí,1300,55,34,5
2024-12-02,sinaloa,5393,310,190,34
2024-12-02,zacatecas,885,53,37,4
2024-12-02,morelos,1573,76,45,5
2024-12-02,coahuila,2647,150,103,17
2024-12-02,jalisco,11228,722,480,76
2024-12-02,aguascalientes,991,55,33,8
2024-12-02,nuevo león,13483,789,404,69
2024-12-02,chihuahua,3669,175,100,11
2024-12-02,quintana roo,2942,158,80,10
2024-12-02,méxico,8991,519,334,49
2024-12-02,puebla,2516,144,105,16
2024-12-02,hidalgo,1161,71,52,9
2024-12-02,querétaro,5313,264,151,28
2024-12-02,oaxaca,945,60,33,5
2024-12-02,nayarit,582,37,28,0
2024-12-02,durango,739,41,23,3
2024-12-02,colima,528,31,14,1
2024-12-02,baja california,3991,203,127,17
2024-12-02,mexico city,33374,1953,1147,189
2024-12-02,chiapas,2387,127,75,6
2024-12-02,guanajuato,3179,162,107,14
2024-12-02,veracruz,4579,226,126,23
2024-12-02,campeche,601,30,18,2
2024-12-02,tabasco,1489,79,66,15
2024-12-02,baja california sur,690,26,14,3
2024-12-02,sonora,2679,116,81,11
2024-12-03,tlaxcala,416,28,12,1
2024-12-03,michoacán,2162,132,69,8
2024-12-03,yucatán,2911,173,84,10
2024-12-03,guerrero,1106,66,42,6
2024-12-03,tamaulipas,2297,118,48,7
2024-12-03,san luis potosí,1206,71,26,3
2024-12-03,sinaloa,5193,289,128,21
2024-12-03,zacatecas,804,42,22,6
2024-12-03,morelos,1476,65,34,4
2024-12-03,coahuila,2368,125,66,5
2024-12-03,jalisco,10351,651,342,55
2024-12-03,aguascalientes,947,54,30,8
2024-12-03,nuevo león,12296,692,331,53
2024-12-03,chihuahua,3425,187,87,18
2024-12-03,quintana roo,2943,187,96,18
2024-12-03,méxico,8582,509,260,43
2024-12-03,puebla,2211,110,63,8
2024-12-03,hidalgo,955,59,34,6
2024-12-03,querétaro,4944,277,128,25
2024-12-03,oaxaca,955,54,23,3
2024-12-03,nayarit,534,38,24,4
2024-12-03,durango,711,38,17,0
2024-12-03,colima,417,22,11,1
2024-12-03,baja california,3629,214,108,17
2024-12-03,mexico city,31939,1912,881,151
2024-12-03,chiapas,2171,117,59,9
2024-12-03,guanajuato,2774,147,59,11
2024-12-03,veracruz,4254,236,78,11
2024-12-03,campeche,558,45,17,2
2024-12-03,tabasco,1364,93,47,2
2024-12-03,baja california sur,616,36,11,0
2024-12-03,sonora,2417,127,56,10
2024-12-04,tlaxcala,429,19,7,1
2024-12-04,michoacán,2317,135,87,9
2024-12-04,yucatán,2859,239,121,32
2024-12-04,guerrero,1171,68,38,4
2024-12-04,tamaulipas,2236,105,58,11
2024-12-04,san luis potosí,1117,65,42,5
2024-12-04,sinaloa,5100,331,163,33
2024-12-04,zacatecas,730,36,18,1
2024-12-04,morelos,1558,96,54,10
2024-12-04,coahuila,2324,131,66,14
2024-12-04,jalisco,10469,732,365,65
2024-12-04,aguascalientes,989,62,31,9
2024-12-04,nuevo león,12044,739,373,67
2024-12-04,chihuahua,3541,206,97,19
2024-12-04,quintana roo,2869,174,87,17
2024-12-04,méxico,10252,658,298,50
2024-12-04,puebla,2354,129,53,10
2024-12-04,hidalgo,1008,64,38,10
2024-12-04,querétaro,5034,295,117,21
2024-12-04,oaxaca,893,58,28,6
2024-12-04,nayarit,539,27,18,2
2024-12-04,durango,718,25,20,2
2024-12-04,colima,489,34,16,3
2024-12-04,baja california,3894,213,108,13
2024-12-04,mexico city,31389,2038,946,179
2024-12-04,chiapas,1995,124,71,11
2024-12-04,guanajuato,2644,160,85,13
2024-12-04,veracruz,4233,246,120,20
2024-12-04,campeche,558,32,14,1
2024-12-04,tabasco,1392,94,45,8
2024-12-04,baja california sur,651,38,17,3
2024-12-04,sonora,2459,119,58,8
2024-12-05,tlaxcala,507,34,12,1
2024-12-05,michoacán,2354,147,70,8
2024-12-05,yucatán,3327,226,123,23
2024-12-05,guerrero,1252,66,36,10
2024-12-05,tamaulipas,2737,148,71,11
2024-12-05,san luis potosí,1300,79,48,10
2024-12-05,sinaloa,5536,330,148,19
2024-12-05,zacatecas,750,35,24,5
2024-12-05,morelos,1702,92,35,5
2024-12-05,coahuila,2689,138,73,10
2024-12-05,jalisco,10980,654,312,56
2024-12-05,aguascalientes,1187,65,43,3
2024-12-05,nuevo león,13729,752,387,60
2024-12-05,chihuahua,3887,209,106,17
2024-12-05,quintana roo,3319,197,94,7
2024-12-05,méxico,10781,621,308,52
2024-12-05,puebla,2450,137,87,13
2024-12-05,hidalgo,1073,48,22,0
2024-12-05,querétaro,5337,300,167,24
2024-12-05,oaxaca,993,48,24,4
2024-12-05,nayarit,583,45,27,3
2024-12-05,durango,762,46,25,1
2024-12-05,colima,545,41,16,3
2024-12-05,baja california,4142,198,117,12
2024-12-05,mexico city,30206,1713,804,136
2024-12-05,chiapas,2126,127,78,15
2024-12-05,guanajuato,2925,163,86,15
2024-12-05,veracruz,4813,255,126,21
2024-12-05,campeche,646,39,33,5
2024-12-05,tabasco,1492,75,40,2
2024-12-05,baja california sur,781,48,23,3
2024-12-05,sonora,2836,142,76,9
2024-12-06,tlaxcala,423,25,16,5
2024-12-06,michoacán,2153,129,74,16
2024-12-06,yucatán,2933,136,72,14
2024-12-06,guerrero,1252,67,35,8
2024-12-06,tamaulipas,2439,123,62,8
2024-12-06,san luis potosí,1070,43,30,2
2024-12-06,sinaloa,5062,250,108,17
2024-12-06,zacatecas,652,35,13,3
2024-12-06,morelos,1377,62,33,7
2024-12-06,coahuila,2416,101,52,4
2024-12-06,jalisco,9239,545,297,47
2024-12-06,aguascalientes,1050,69,41,6
2024-12-06,nuevo león,12764,552,284,54
2024-12-06,chihuahua,3573,178,100,14
2024-12-06,quintana roo,2828,132,72,10
2024-12-06,méxico,9569,464,256,42
2024-12-06,puebla,2132,106,74,13
2024-12-06,hidalgo,984,48,22,4
2024-12-06,querétaro,4762,227,119,22
2024-12-06,oaxaca,832,49,25,1
2024-12-06,nayarit,508,28,16,5
2024-12-06,durango,721,36,19,4
2024-12-06,colima,453,27,16,3
2024-12-06,baja california,3774,180,92,8
2024-12-06,mexico city,26290,1390,674,114
2024-12-06,chiapas,1894,92,43,4
2024-12-06,guanajuato,2448,122,49,9
2024-12-06,veracruz,4279,199,96,13
2024-12-06,campeche,599,29,11,3
2024-12-06,tabasco,1344,72,44,4
2024-12-06,baja california sur,684,36,21,2
2024-12-06,sonora,2549,101,47,8
2024-12-07,tlaxcala,443,17,7,0
2024-12-07,michoacán,1858,93,37,5
2024-12-07,yucatán,2567,126,66,10
2024-12-07,guerrero,1137,51,25,2
2024-12-07,tamaulipas,2223,96,54,11
2024-12-07,san luis potosí,1013,56,19,4
2024-12-07,sinaloa,4418,241,106,15
2024-12-07,zacatecas,551,22,10,3
2024-12-07,morelos,1307,52,24,2
2024-12-07,coahuila,2202,107,43,10
2024-12-07,jalisco,8748,498,239,33
2024-12-07,aguascalientes,1045,51,36,6
2024-12-07,nuevo león,11201,573,250,48
2024-12-07,chihuahua,3293,171,80,11
2024-12-07,quintana roo,2593,125,66,3
2024-12-07,méxico,9086,435,240,37
2024-12-07,puebla,1935,104,59,9
2024-12-07,hidalgo,882,44,18,1
2024-12-07,querétaro,4362,213,102,13
2024-12-07,oaxaca,789,46,27,5
2024-12-07,nayarit,481,28,18,6
2024-12-07,durango,650,33,22,3
2024-12-07,colima,454,25,17,3
2024-12-07,baja california,3468,177,92,23
2024-12-07,mexico city,24509,1354,603,111
2024-12-07,chiapas,1828,91,50,5
2024-12-07,guanajuato,2404,132,64,12
2024-12-07,veracruz,3942,197,88,9
2024-12-07,campeche,479,32,14,1
2024-12-07,tabasco,1225,78,52,4
2024-12-07,baja california sur,612,42,26,3
2024-12-07,sonora,2174,109,48,8
2024-12-08,tlaxcala,460,22,8,4
2024-12-08,michoacán,1795,89,44,11
2024-12-08,yucatán,2442,117,61,12
2024-12-08,guerrero,929,40,16,0
2024-12-08,tamaulipas,1963,90,36,4
2024-12-08,san luis potosí,909,53,26,4
2024-12-08,sinaloa,4204,211,78,10
2024-12-08,zacatecas,542,31,11,2
2024-12-08,morelos,1312,58,52,8
2024-12-08,coahuila,2147,110,76,3
2024-12-08,jalisco,8251,504,262,44
2024-12-08,aguascalientes,955,42,31,2
2024-12-08,nuevo león,10649,575,271,45
2024-12-08,chihuahua,3063,156,68,9
2024-12-08,quintana roo,2445,122,65,7
2024-12-08,méxico,9172,512,276,51
2024-12-08,puebla,1843,107,61,12
2024-12-08,hidalgo,843,39,30,6
2024-12-08,querétaro,3997,192,113,22
2024-12-08,oaxaca,768,49,24,7
2024-12-08,nayarit,409,23,13,1
2024-12-08,durango,641,32,16,4
2024-12-08,colima,408,22,17,3
2024-12-08,baja california,2892,144,82,10
2024-12-08,mexico city,23955,1434,627,129
2024-12-08,chiapas,1631,118,65,13
2024-12-08,guanajuato,2408,120,68,11
2024-12-08,veracruz,3651,200,108,17
2024-12-08,campeche,519,32,25,5
2024-12-08,tabasco,1116,63,39,6
2024-12-08,baja california sur,516,44,22,4
2024-12-08,sonora,2040,119,45,5
2024-12-09,tlaxcala,434,17,8,1
2024-12-09,michoacán,2255,107,54,9
2024-12-09,yucatán,2917,151,59,12
2024-12-09,guerrero,1132,48,37,3
2024-12-09,tamaulipas,2541,115,84,15
2024-12-09,san luis potosí,1242,96,47,9
2024-12-09,sinaloa,5438,265,128,18
2024-12-09,zacatecas,661,35,24,1
2024-12-09,morelos,1438,83,46,7
2024-12-09,coahuila,2498,124,64,5
2024-12-09,jalisco,10703,612,309,66
2024-12-09,aguascalientes,1159,55,32,5
2024-12-09,nuevo león,12617,656,354,37
2024-12-09,chihuahua,3984,195,103,13
2024-12-09,quintana roo,2889,128,72,9
2024-12-09,méxico,10824,613,309,56
2024-12-09,puebla,2237,117,45,2
2024-12-09,hidalgo,1019,65,27,2
2024-12-09,querétaro,5060,278,137,27
2024-12-09,oaxaca,959,55,32,1
2024-12-09,nayarit,584,22,16,2
2024-12-09,durango,739,40,12,1
2024-12-09,colima,494,22,7,3
2024-12-09,baja california,4089,212,111,16
2024-12-09,mexico city,30358,1827,803,158
2024-12-09,chiapas,2094,102,52,5
2024-12-09,guanajuato,2797,127,68,14
2024-12-09,veracruz,4354,217,106,12
2024-12-09,campeche,590,25,8,2
2024-12-09,tabasco,1462,94,39,8
2024-12-09,baja california sur,728,34,17,1
2024-12-09,sonora,2786,143,66,13
2024-12-10,tlaxcala,420,21,11,2
2024-12-10,michoacán,2125,90,56,5
2024-12-10,yucatán,2821,158,67,4
2024-12-10,guerrero,1062,43,26,2
2024-12-10,tamaulipas,2166,115,68,7
2024-12-10,san luis potosí,1051,58,35,9
2024-12-10,sinaloa,5093,254,116,20
2024-12-10,zacatecas,675,31,18,2
2024-12-10,morelos,1369,67,38,0
2024-12-10,coahuila,2264,101,55,4
2024-12-10,jalisco,9933,565,270,46
2024-12-10,aguascalientes,1017,61,30,3
2024-12-10,nuevo león,11415,587,295,54
2024-12-10,chihuahua,3723,187,96,14
2024-12-10,quintana roo,2752,149,94,10
2024-12-10,méxico,10336,619,306,52
2024-12-10,puebla,2175,119,69,9
2024-12-10,hidalgo,971,60,31,2
2024-12-10,querétaro,4794,268,124,18
2024-12-10,oaxaca,811,30,10,2
2024-12-10,nayarit,471,23,13,2
2024-12-10,durango,711,35,21,3
2024-12-10,colima,457,18,6,0
2024-12-10,baja california,3628,173,96,9
2024-12-10,mexico city,28434,1630,779,132
2024-12-10,chiapas,2013,114,46,5
2024-12-10,guanajuato,2572,138,80,11
2024-12-10,veracruz,4088,190,88,12
2024-12-10,campeche,505,28,16,2
2024-12-10,tabasco,1363,66,45,6
2024-12-10,baja california sur,608,36,17,2
2024-12-10,sonora,2513,137,72,8
2024-12-11,tlaxcala,398,21,10,1
2024-12-11,michoacán,1840,110,64,7
2024-12-11,yucatán,2578,145,73,10
2024-12-11,guerrero,910,46,23,1
2024-12-11,tamaulipas,1976,95,64,9
2024-12-11,san luis potosí,932,40,20,2
2024-12-11,sinaloa,4551,221,112,19
2024-12-11,zacatecas,525,26,16,1
2024-12-11,morelos,1175,44,25,2
2024-12-11,coahuila,2059,112,70,18
2024-12-11,jalisco,8583,529,272,34
2024-12-11,aguascalientes,869,54,36,5
2024-12-11,nuevo león,9810,531,293,48
2024-12-11,chihuahua,3288,166,85,10
2024-12-11,quintana roo,2603,134,71,9
2024-12-11,méxico,9101,469,262,43
2024-12-11,puebla,1992,106,66,6
2024-12-11,hidalgo,925,56,18,2
2024-12-11,querétaro,4304,217,101,16
2024-12-11,oaxaca,797,45,29,6
2024-12-11,nayarit,425,25,13,4
2024-12-11,durango,581,41,28,6
2024-12-11,colima,404,18,13,5
2024-12-11,baja california,3329,184,111,13
2024-12-11,mexico city,25575,1487,711,117
2024-12-11,chiapas,1835,95,45,7
2024-12-11,guanajuato,2396,131,87,11
2024-12-11,veracruz,3920,189,100,14
2024-12-11,campeche,499,24,13,2
2024-12-11,tabasco,1260,52,22,4
2024-12-11,baja california sur,547,36,24,4
2024-12-11,sonora,2174,120,59,5
2024-12-12,tlaxcala,430,13,5,1
2024-12-12,michoacán,1992,97,51,11
2024-12-12,yucatán,2616,125,86,9
2024-12-12,guerrero,1087,49,28,6
2024-12-12,tamaulipas,2199,135,70,10
2024-12-12,san luis potosí,1040,63,36,10
2024-12-12,sinaloa,4688,203,104,16
2024-12-12,zacatecas,565,24,12,3
2024-12-12,morelos,1499,63,41,2
2024-12-12,coahuila,2220,94,62,11
2024-12-12,jalisco,9347,520,249,42
2024-12-12,aguascalientes,993,53,23,4
2024-12-12,nuevo león,10707,552,302,43
2024-12-12,chihuahua,3672,178,99,9
2024-12-12,quintana roo,2640,140,100,14
2024-12-12,méxico,10286,485,266,49
2024-12-12,puebla,2226,121,68,6
2024-12-12,hidalgo,909,40,23,3
2024-12-12,querétaro,4863,237,95,9
2024-12-12,oaxaca,823,40,18,5
2024-12-12,nayarit,514,39,18,1
2024-12-12,durango,687,36,21,4
2024-12-12,colima,411,26,12,3
2024-12-12,baja california,3476,173,100,16
2024-12-12,mexico city,28224,1474,693,119
2024-12-12,chiapas,2054,100,66,6
2024-12-12,guanajuato,2673,123,71,16
2024-12-12,veracruz,4051,206,98,20
2024-12-12,campeche,556,31,12,1
2024-12-12,tabasco,1369,65,31,4
2024-12-12,baja california sur,626,32,14,2
2024-12-12,sonora,2418,118,50,8
2024-12-13,tlaxcala,447,23,14,3
2024-12-13,michoacán,2148,135,88,11
2024-12-13,yucatán,2816,158,94,6
2024-12-13,guerrero,1122,76,38,3
2024-12-13,tamaulipas,2313,123,82,9
2024-12-13,san luis potosí,1139,74,38,6
2024-12-13,sinaloa,5477,302,173,18
2024-12-13,zacatecas,637,30,25,3
2024-12-13,morelos,1508,96,53,9
2024-12-13,coahuila,2323,111,64,4
2024-12-13,jalisco,10008,599,387,40
2024-12-13,aguascalientes,1046,60,29,5
2024-12-13,nuevo león,11553,708,401,58
2024-12-13,chihuahua,3718,212,124,14
2024-12-13,quintana roo,2909,175,101,14
2024-12-13,méxico,10424,591,393,50
2024-12-13,puebla,2403,150,91,12
2024-12-13,hidalgo,989,48,30,4
2024-12-13,querétaro,5273,271,165,22
2024-12-13,oaxaca,945,53,30,3
2024-12-13,nayarit,515,41,29,4
2024-12-13,durango,666,37,23,2
2024-12-13,colima,454,26,20,3
2024-12-13,baja california,4144,220,124,14
2024-12-13,mexico city,29205,1761,1024,140
2024-12-13,chiapas,2260,139,70,1
2024-12-13,guanajuato,2736,152,85,14
2024-12-13,veracruz,4151,241,133,14
2024-12-13,campeche,565,34,18,3
2024-12-13,tabasco,1430,75,45,3
2024-12-13,baja california sur,639,39,13,0
2024-12-13,sonora,2669,194,87,5
2024-12-14,tlaxcala,382,18,8,2
2024-12-14,michoacán,1774,104,68,9
2024-12-14,yucatán,2233,145,96,15
2024-12-14,guerrero,996,44,25,3
2024-12-14,tamaulipas,1854,97,64,8
2024-12-14,san luis potosí,932,47,30,7
2024-12-14,sinaloa,4378,236,125,10
2024-12-14,zacatecas,511,28,17,1
2024-12-14,morelos,1272,80,45,7
2024-12-14,coahuila,1996,110,65,8
2024-12-14,jalisco,8162,522,300,33
2024-12-14,aguascalientes,857,58,38,5
2024-12-14,nuevo león,9516,569,316,41
2024-12-14,chihuahua,3038,178,107,8
2024-12-14,quintana roo,2356,137,81,7
2024-12-14,méxico,8539,541,327,36
2024-12-14,puebla,1932,103,76,9
2024-12-14,hidalgo,806,46,24,2
2024-12-14,querétaro,4174,220,129,12
2024-12-14,oaxaca,729,32,19,3
2024-12-14,nayarit,428,31,18,4
2024-12-14,durango,582,23,14,1
2024-12-14,colima,375,23,14,4
2024-12-14,baja california,3367,185,121,13
2024-12-14,mexico city,23171,1483,877,120
2024-12-14,chiapas,1818,89,64,4
2024-12-14,guanajuato,2250,127,70,6
2024-12-14,veracruz,3468,202,125,12
2024-12-14,campeche,450,24,13,0
2024-12-14,tabasco,1158,67,36,5
2024-12-14,baja california sur,525,28,12,1
2024-12-14,sonora,2231,147,73,7
2024-12-15,tlaxcala,416,30,18,1
2024-12-15,michoacán,2080,106,62,10
2024-12-15,yucatán,2532,147,84,10
2024-12-15,guerrero,1076,53,28,5
2024-12-15,tamaulipas,2230,109,60,13
2024-12-15,san luis potosí,1101,69,37,3
2024-12-15,sinaloa,4682,247,136,13
2024-12-15,zacatecas,588,21,18,1
2024-12-15,morelos,1385,84,48,5
2024-12-15,coahuila,2366,114,62,6
2024-12-15,jalisco,9011,581,338,55
2024-12-15,aguascalientes,1010,59,43,9
2024-12-15,nuevo león,10655,576,364,61
2024-12-15,chihuahua,3616,153,88,11
2024-12-15,quintana roo,2534,145,81,8
2024-12-15,méxico,9726,597,343,47
2024-12-15,puebla,2249,123,68,6
2024-12-15,hidalgo,927,51,35,9
2024-12-15,querétaro,4566,247,145,25
2024-12-15,oaxaca,901,56,36,3
2024-12-15,nayarit,486,28,16,1
2024-12-15,durango,724,35,15,2
2024-12-15,colima,431,34,18,3
2024-12-15,baja california,3768,174,105,7
2024-12-15,mexico city,25944,1507,784,123
2024-12-15,chiapas,1891,115,65,4
2024-12-15,guanajuato,2582,132,74,15
2024-12-15,veracruz,4091,211,90,14
2024-12-15,campeche,563,36,19,3
2024-12-15,tabasco,1265,63,40,4
2024-12-15,baja california sur,594,32,16,2
2024-12-15,sonora,2274,125,52,3
2024-12-16,tlaxcala,415,12,8,1
2024-12-16,michoacán,2245,101,56,8
2024-12-16,yucatán,2806,116,75,8
2024-12-16,guerrero,1227,60,29,3
2024-12-16,tamaulipas,2661,116,65,7
2024-12-16,san luis potosí,1274,45,25,4
2024-12-16,sinaloa,5782,239,131,20
2024-12-16,zacatecas,634,29,9,1
2024-12-16,morelos,1487,63,32,5
2024-12-16,coahuila,2778,108,70,3
2024-12-16,jalisco,10635,520,307,49
2024-12-16,aguascalientes,1155,47,26,4
2024-12-16,nuevo león,13161,585,290,34
2024-12-16,chihuahua,4382,163,84,12
2024-12-16,quintana roo,2936,132,77,11
2024-12-16,méxico,10659,427,246,27
2024-12-16,puebla,2381,95,57,7
2024-12-16,hidalgo,1061,51,27,4
2024-12-16,querétaro,5156,188,92,9
2024-12-16,oaxaca,903,39,23,3
2024-12-16,nayarit,546,31,10,0
2024-12-16,durango,768,31,16,5
2024-12-16,colima,514,25,16,1
2024-12-16,baja california,4628,197,97,12
2024-12-16,mexico city,29988,1374,733,112
2024-12-16,chiapas,2160,91,41,4
2024-12-16,guanajuato,2923,120,70,13
2024-12-16,veracruz,4433,180,83,14
2024-12-16,campeche,615,35,21,4
2024-12-16,tabasco,1421,69,36,6
2024-12-16,baja california sur,718,33,18,1
2024-12-16,sonora,2817,113,52,3
2024-12-17,tlaxcala,428,25,13,2
2024-12-17,michoacán,1969,95,42,2
2024-12-17,yucatán,2651,113,66,11
2024-12-17,guerrero,1110,34,19,2
2024-12-17,tamaulipas,2313,94,48,5
2024-12-17,san luis potosí,1122,44,30,8
2024-12-17,sinaloa,5342,207,117,16
2024-12-17,zacatecas,666,35,14,2
2024-12-17,morelos,1265,49,26,6
2024-12-17,coahuila,2360,122,58,5
2024-12-17,jalisco,9386,470,234,26
2024-12-17,aguascalientes,968,43,19,1
2024-12-17,nuevo león,11646,540,279,30
2024-12-17,chihuahua,3918,160,96,10
2024-12-17,quintana roo,2530,113,61,5
2024-12-17,méxico,9479,506,286,39
2024-12-17,puebla,2147,106,51,9
2024-12-17,hidalgo,925,51,25,4
2024-12-17,querétaro,4975,239,112,19
2024-12-17,oaxaca,771,25,16,3
2024-12-17,nayarit,490,28,22,7
2024-12-17,durango,775,27,25,3
2024-12-17,colima,417,27,11,2
2024-12-17,baja california,4041,185,87,11
2024-12-17,mexico city,26714,1366,642,101
2024-12-17,chiapas,2198,92,60,4
2024-12-17,guanajuato,2591,109,63,7
2024-12-17,veracruz,4126,177,98,12
2024-12-17,campeche,536,24,7,1
2024-12-17,tabasco,1292,63,36,5
2024-12-17,baja california sur,599,28,13,3
2024-12-17,sonora,2539,117,55,4
2024-12-18,tlaxcala,349,14,9,2
2024-12-18,michoacán,1903,88,48,5
2024-12-18,yucatán,2378,102,58,5
2024-12-18,guerrero,906,51,20,3
2024-12-18,tamaulipas,2632,118,63,10
2024-12-18,san luis potosí,1051,32,24,3
2024-12-18,sinaloa,4505,229,111,14
2024-12-18,zacatecas,668,38,25,2
2024-12-18,morelos,1178,46,22,5
2024-12-18,coahuila,2114,91,55,7
2024-12-18,jalisco,7508,393,196,25
2024-12-18,aguascalientes,716,35,22,3
2024-12-18,nuevo león,10075,453,237,30
2024-12-18,chihuahua,2885,115,61,7
2024-12-18,quintana roo,2253,112,72,6
2024-12-18,méxico,8818,420,223,23
2024-12-18,puebla,1916,86,54,4
2024-12-18,hidalgo,789,35,18,5
2024-12-18,querétaro,2448,120,66,12
2024-12-18,oaxaca,666,24,15,1
2024-12-18,nayarit,441,18,14,3
2024-12-18,durango,1488,48,23,5
2024-12-18,colima,395,26,15,1
2024-12-18,baja california,3624,141,92,15
2024-12-18,mexico city,25434,1502,952,110
2024-12-18,chiapas,1816,84,51,7
2024-12-18,guanajuato,4251,175,115,13
2024-12-18,veracruz,3794,148,83,16
2024-12-18,campeche,464,33,11,3
2024-12-18,tabasco,1287,60,30,1
2024-12-18,baja california sur,529,22,12,1
2024-12-18,sonora,2169,88,53,4
2024-12-19,tlaxcala,383,22,14,6
2024-12-19,michoacán,1861,83,44,10
2024-12-19,yucatán,2425,120,70,10
2024-12-19,guerrero,931,44,17,3
2024-12-19,tamaulipas,2879,103,59,6
2024-12-19,san luis potosí,1168,54,29,3
2024-12-19,sinaloa,4497,190,106,10
2024-12-19,zacatecas,671,32,18,5
2024-12-19,morelos,1286,39,24,5
2024-12-19,coahuila,2035,70,39,2
2024-12-19,jalisco,7731,401,232,22
2024-12-19,aguascalientes,806,37,15,1
2024-12-19,nuevo león,10692,439,228,19
2024-12-19,chihuahua,2717,106,47,6
2024-12-19,quintana roo,2230,100,51,5
2024-12-19,méxico,9558,425,216,25
2024-12-19,puebla,2013,95,58,8
2024-12-19,hidalgo,900,48,28,3
2024-12-19,querétaro,2105,93,46,5
2024-12-19,oaxaca,825,38,21,2
2024-12-19,nayarit,456,24,13,1
2024-12-19,durango,1618,58,29,2
2024-12-19,colima,477,15,9,1
2024-12-19,baja california,3700,154,72,11
2024-12-19,mexico city,27637,1746,1014,87
2024-12-19,chiapas,1805,76,40,5
2024-12-19,guanajuato,4963,180,83,12
2024-12-19,veracruz,4147,158,75,18
2024-12-19,campeche,493,18,12,0
2024-12-19,tabasco,1357,69,27,2
2024-12-19,baja california sur,548,23,14,3
2024-12-19,sonora,2226,85,52,5
2024-12-20,tlaxcala,423,12,7,1
2024-12-20,michoacán,1910,95,47,9
2024-12-20,yucatán,2434,106,55,6
2024-12-20,guerrero,997,53,25,3
2024-12-20,tamaulipas,2917,102,48,6
2024-12-20,san luis potosí,1219,51,27,5
2024-12-20,sinaloa,4826,203,98,11
2024-12-20,zacatecas,775,37,15,1
2024-12-20,morelos,1295,48,23,2
2024-12-20,coahuila,2167,82,52,5
2024-12-20,jalisco,7720,423,221,27
2024-12-20,aguascalientes,838,40,16,1
2024-12-20,nuevo león,11124,480,239,17
2024-12-20,chihuahua,2679,106,51,4
2024-12-20,quintana roo,2411,93,44,4
2024-12-20,méxico,9507,455,232,26
2024-12-20,puebla,2074,104,57,5
2024-12-20,hidalgo,865,43,26,5
2024-12-20,querétaro,2055,109,47,5
2024-12-20,oaxaca,786,34,13,2
2024-12-20,nayarit,474,29,13,2
2024-12-20,durango,1606,69,37,3
2024-12-20,colima,461,21,6,3
2024-12-20,baja california,3995,180,98,13
2024-12-20,mexico city,27556,1344,675,88
2024-12-20,chiapas,1943,87,56,4
2024-12-20,guanajuato,5232,211,95,11
2024-12-20,veracruz,4370,200,99,17
2024-12-20,campeche,439,21,12,0
2024-12-20,tabasco,1319,59,25,5
2024-12-20,baja california sur,531,23,11,0
2024-12-20,sonora,2168,79,47,5
2024-12-21,tlaxcala,312,15,7,1
2024-12-21,michoacán,1633,69,39,4
2024-12-21,yucatán,2052,81,45,5
2024-12-21,guerrero,871,30,10,0
2024-12-21,tamaulipas,2428,96,50,10
2024-12-21,san luis potosí,946,36,29,5
2024-12-21,sinaloa,3938,163,79,9
2024-12-21,zacatecas,587,36,15,1
2024-12-21,morelos,1068,51,20,6
2024-12-21,coahuila,1831,97,51,6
2024-12-21,jalisco,6607,317,184,21
2024-12-21,aguascalientes,583,28,16,0
2024-12-21,nuevo león,9156,389,205,27
2024-12-21,chihuahua,2315,90,39,3
2024-12-21,quintana roo,2067,85,47,5
2024-12-21,méxico,7964,374,222,38
2024-12-21,puebla,1657,81,54,9
2024-12-21,hidalgo,702,34,14,2
2024-12-21,querétaro,1755,82,43,9
2024-12-21,oaxaca,663,24,17,3
2024-12-21,nayarit,376,12,5,0
2024-12-21,durango,1261,54,26,3
2024-12-21,colima,323,19,5,0
2024-12-21,baja california,3329,119,69,7
2024-12-21,mexico city,23127,1116,545,90
2024-12-21,chiapas,1581,68,31,2
2024-12-21,guanajuato,4362,151,90,6
2024-12-21,veracruz,3441,133,64,8
2024-12-21,campeche,412,18,8,0
2024-12-21,tabasco,1025,44,24,3
2024-12-21,baja california sur,481,25,9,2
2024-12-21,sonora,1805,73,31,3
2024-12-22,tlaxcala,313,11,2,1
2024-12-22,michoacán,1687,79,37,5
2024-12-22,yucatán,1823,96,46,4
2024-12-22,guerrero,751,29,18,2
2024-12-22,tamaulipas,2236,82,54,4
2024-12-22,san luis potosí,828,37,22,2
2024-12-22,sinaloa,3642,152,92,3
2024-12-22,zacatecas,570,28,16,3
2024-12-22,morelos,1105,50,27,2
2024-12-22,coahuila,1693,63,29,3
2024-12-22,jalisco,6333,327,163,20
2024-12-22,aguascalientes,623,24,10,1
2024-12-22,nuevo león,8418,365,218,19
2024-12-22,chihuahua,2257,93,46,4
2024-12-22,quintana roo,1827,82,48,6
2024-12-22,méxico,8193,363,183,17
2024-12-22,puebla,1623,67,30,4
2024-12-22,hidalgo,739,37,21,5
2024-12-22,querétaro,1722,85,50,7
2024-12-22,oaxaca,646,34,20,0
2024-12-22,nayarit,410,21,15,1
2024-12-22,durango,1169,42,22,3
2024-12-22,colima,322,18,4,0
2024-12-22,baja california,2857,114,65,6
2024-12-22,mexico city,22554,1111,561,61
2024-12-22,chiapas,1560,53,43,5
2024-12-22,guanajuato,4127,143,79,18
2024-12-22,veracruz,3291,145,69,3
2024-12-22,campeche,401,20,16,0
2024-12-22,tabasco,935,53,26,3
2024-12-22,baja california sur,401,28,9,2
2024-12-22,sonora,1651,61,17,1
2024-12-23,tlaxcala,376,21,9,1
2024-12-23,michoacán,1834,72,44,3
2024-12-23,yucatán,2068,73,42,3
2024-12-23,guerrero,900,40,22,2
2024-12-23,tamaulipas,2586,93,48,4
2024-12-23,san luis potosí,976,39,27,3
2024-12-23,sinaloa,4347,180,107,4
2024-12-23,zacatecas,590,43,27,1
2024-12-23,morelos,1224,40,23,3
2024-12-23,coahuila,1740,67,46,0
2024-12-23,jalisco,6879,275,153,22
2024-12-23,aguascalientes,714,35,25,2
2024-12-23,nuevo león,9480,366,186,22
2024-12-23,chihuahua,2265,95,52,8
2024-12-23,quintana roo,2083,88,61,10
2024-12-23,méxico,9003,425,241,27
2024-12-23,puebla,1913,78,59,10
2024-12-23,hidalgo,822,41,24,3
2024-12-23,querétaro,1826,86,48,5
2024-12-23,oaxaca,800,27,17,3
2024-12-23,nayarit,414,9,5,0
2024-12-23,durango,1472,55,28,1
2024-12-23,colima,398,30,8,0
2024-12-23,baja california,3547,144,73,5
2024-12-23,mexico city,25858,1197,639,79
2024-12-23,chiapas,1890,56,37,9
2024-12-23,guanajuato,5081,190,104,11
2024-12-23,veracruz,3739,149,80,7
2024-12-23,campeche,428,21,15,1
2024-12-23,tabasco,1082,43,28,2
2024-12-23,baja california sur,510,29,10,0
2024-12-23,sonora,1856,65,45,3
2024-12-24,tlaxcala,214,6,3,0
2024-12-24,michoacán,851,44,21,3
2024-12-24,yucatán,1079,56,37,4
2024-12-24,guerrero,518,19,13,1
2024-12-24,tamaulipas,1368,51,47,5
2024-12-24,san luis potosí,522,18,12,0
2024-12-24,sinaloa,2019,87,61,8
2024-12-24,zacatecas,288,9,9,1
2024-12-24,morelos,636,20,13,4
2024-12-24,coahuila,851,36,30,3
2024-12-24,jalisco,3530,142,97,9
2024-12-24,aguascalientes,351,14,10,2
2024-12-24,nuevo león,4646,182,108,10
2024-12-24,chihuahua,1176,56,21,1
2024-12-24,quintana roo,1095,48,26,5
2024-12-24,méxico,4516,202,114,8
2024-12-24,puebla,990,47,38,4
2024-12-24,hidalgo,389,26,9,1
2024-12-24,querétaro,964,43,25,2
2024-12-24,oaxaca,423,19,11,3
2024-12-24,nayarit,197,11,10,0
2024-12-24,durango,691,26,14,2
2024-12-24,colima,183,10,4,1
2024-12-24,baja california,1833,64,38,2
2024-12-24,mexico city,13510,617,330,41
2024-12-24,chiapas,888,44,34,2
2024-12-24,guanajuato,2568,77,50,8
2024-12-24,veracruz,1845,93,60,6
2024-12-24,campeche,207,8,0,0
2024-12-24,tabasco,551,35,22,3
2024-12-24,baja california sur,236,5,5,2
2024-12-24,sonora,959,25,21,2
2024-12-25,tlaxcala,200,11,6,0
2024-12-25,michoacán,960,44,24,6
2024-12-25,yucatán,1007,42,27,4
2024-12-25,guerrero,498,22,12,2
2024-12-25,tamaulipas,1226,52,30,3
2024-12-25,san luis potosí,443,24,13,3
2024-12-25,sinaloa,1737,74,41,3
2024-12-25,zacatecas,319,11,6,1
2024-12-25,morelos,759,26,16,3
2024-12-25,coahuila,908,44,33,2
2024-12-25,jalisco,3493,156,82,16
2024-12-25,aguascalientes,401,15,16,1
2024-12-25,nuevo león,4417,175,86,8
2024-12-25,chihuahua,1111,44,16,2
2024-12-25,quintana roo,1058,44,26,3
2024-12-25,méxico,4764,228,148,21
2024-12-25,puebla,1048,51,39,6
2024-12-25,hidalgo,457,14,9,2
2024-12-25,querétaro,1026,47,24,4
2024-12-25,oaxaca,454,21,10,1
2024-12-25,nayarit,185,4,4,0
2024-12-25,durango,607,15,8,1
2024-12-25,colima,214,16,9,1
2024-12-25,baja california,1369,50,30,3
2024-12-25,mexico city,13533,671,320,53
2024-12-25,chiapas,844,43,22,0
2024-12-25,guanajuato,2237,93,49,4
2024-12-25,veracruz,2112,100,51,5
2024-12-25,campeche,281,16,9,3
2024-12-25,tabasco,661,35,18,4
2024-12-25,baja california sur,212,12,2,0
2024-12-25,sonora,707,26,21,2
2024-12-26,tlaxcala,320,15,15,4
2024-12-26,michoacán,1547,100,60,8
2024-12-26,yucatán,1610,77,42,5
2024-12-26,guerrero,737,42,27,2
2024-12-26,tamaulipas,1898,108,58,4
2024-12-26,san luis potosí,680,35,17,4
2024-12-26,sinaloa,2920,144,70,4
2024-12-26,zacatecas,455,23,14,2
2024-12-26,morelos,1037,45,19,2
2024-12-26,coahuila,1316,71,32,2
2024-12-26,jalisco,5344,299,143,18
2024-12-26,aguascalientes,550,20,8,1
2024-12-26,nuevo león,6362,349,184,27
2024-12-26,chihuahua,1555,77,31,6
2024-12-26,quintana roo,1600,86,40,2
2024-12-26,méxico,6978,403,217,31
2024-12-26,puebla,1518,81,49,3
2024-12-26,hidalgo,596,31,19,2
2024-12-26,querétaro,1473,77,35,8
2024-12-26,oaxaca,647,31,14,1
2024-12-26,nayarit,269,19,6,0
2024-12-26,durango,920,32,17,2
2024-12-26,colima,270,10,5,1
2024-12-26,baja california,2166,96,57,8
2024-12-26,mexico city,19921,1092,516,79
2024-12-26,chiapas,1251,50,28,1
2024-12-26,guanajuato,3780,188,105,9
2024-12-26,veracruz,2833,131,55,12
2024-12-26,campeche,356,16,11,0
2024-12-26,tabasco,933,48,24,2
2024-12-26,baja california sur,367,20,8,2
2024-12-26,sonora,1242,53,21,4
2024-12-27,tlaxcala,301,19,2,0
2024-12-27,michoacán,1522,84,44,4
2024-12-27,yucatán,1498,64,31,2
2024-12-27,guerrero,704,35,15,3
2024-12-27,tamaulipas,1678,82,40,4
2024-12-27,san luis potosí,680,44,21,2
2024-12-27,sinaloa,2680,135,77,9
2024-12-27,zacatecas,480,10,8,3
2024-12-27,morelos,946,52,37,7
2024-12-27,coahuila,1237,66,41,3
2024-12-27,jalisco,4843,267,140,26
2024-12-27,aguascalientes,539,27,18,2
2024-12-27,nuevo león,5978,307,147,23
2024-12-27,chihuahua,1569,75,31,5
2024-12-27,quintana roo,1453,55,33,3
2024-12-27,méxico,6935,348,187,21
2024-12-27,puebla,1513,71,43,7
2024-12-27,hidalgo,640,34,19,2
2024-12-27,querétaro,1418,76,36,6
2024-12-27,oaxaca,572,35,15,3
2024-12-27,nayarit,260,14,11,0
2024-12-27,durango,822,33,16,1
2024-12-27,colima,270,14,6,2
2024-12-27,baja california,2129,101,53,7
2024-12-27,mexico city,19171,1033,520,70
2024-12-27,chiapas,1184,66,38,2
2024-12-27,guanajuato,3549,182,100,11
2024-12-27,veracruz,2569,116,75,11
2024-12-27,campeche,305,24,15,2
2024-12-27,tabasco,823,31,16,0
2024-12-27,baja california sur,350,23,12,2
2024-12-27,sonora,1109,70,32,5
2024-12-28,tlaxcala,249,15,6,0
2024-12-28,michoacán,1432,76,48,7
2024-12-28,yucatán,1362,62,27,6
2024-12-28,guerrero,576,38,16,1
2024-12-28,tamaulipas,1657,65,33,9
2024-12-28,san luis potosí,617,32,20,6
2024-12-28,sinaloa,2636,151,66,5
2024-12-28,zacatecas,405,15,7,1
2024-12-28,morelos,905,44,22,3
2024-12-28,coahuila,1150,43,22,4
2024-12-28,jalisco,4737,257,146,16
2024-12-28,aguascalientes,448,16,11,1
2024-12-28,nuevo león,5714,279,128,13
2024-12-28,chihuahua,1516,63,33,4
2024-12-28,quintana roo,1445,88,45,9
2024-12-28,méxico,6600,319,178,30
2024-12-28,puebla,1358,62,32,5
2024-12-28,hidalgo,662,40,19,1
2024-12-28,querétaro,1443,73,37,6
2024-12-28,oaxaca,576,27,16,3
2024-12-28,nayarit,263,23,11,2
2024-12-28,durango,786,34,12,2
2024-12-28,colima,254,13,4,2
2024-12-28,baja california,1996,86,43,2
2024-12-28,mexico city,18521,1015,461,67
2024-12-28,chiapas,1141,56,38,4
2024-12-28,guanajuato,3356,159,85,13
2024-12-28,veracruz,2442,121,76,9
2024-12-28,campeche,311,9,7,0
2024-12-28,tabasco,736,26,11,1
2024-12-28,baja california sur,327,23,11,0
2024-12-28,sonora,1046,53,23,2
2024-12-29,tlaxcala,316,16,12,1
2024-12-29,michoacán,1719,76,53,6
2024-12-29,yucatán,1540,71,40,4
2024-12-29,guerrero,783,26,16,1
2024-12-29,tamaulipas,1698,72,28,6
2024-12-29,san luis potosí,725,26,16,1
2024-12-29,sinaloa,2775,116,53,8
2024-12-29,zacatecas,514,19,8,1
2024-12-29,morelos,1122,47,20,2
2024-12-29,coahuila,1301,61,31,6
2024-12-29,jalisco,5772,291,136,24
2024-12-29,aguascalientes,537,14,3,0
2024-12-29,nuevo león,6551,269,124,20
2024-12-29,chihuahua,1866,99,42,4
2024-12-29,quintana roo,1598,76,35,7
2024-12-29,méxico,7713,332,188,33
2024-12-29,puebla,1630,79,37,3
2024-12-29,hidalgo,730,40,28,3
2024-12-29,querétaro,1633,85,34,5
2024-12-29,oaxaca,583,21,8,1
2024-12-29,nayarit,325,16,9,1
2024-12-29,durango,932,45,22,6
2024-12-29,colima,317,19,9,1
2024-12-29,baja california,2157,94,39,4
2024-12-29,mexico city,21648,1072,481,61
2024-12-29,chiapas,1233,57,30,5
2024-12-29,guanajuato,3840,144,93,13
2024-12-29,veracruz,2932,137,68,13
2024-12-29,campeche,393,24,10,4
2024-12-29,tabasco,813,29,16,2
2024-12-29,baja california sur,350,18,6,1
2024-12-29,sonora,1176,52,28,4
2024-12-30,tlaxcala,354,16,5,1
2024-12-30,michoacán,1986,105,52,9
2024-12-30,yucatán,1820,102,52,11
2024-12-30,guerrero,896,33,19,2
2024-12-30,tamaulipas,2061,93,52,2
2024-12-30,san luis potosí,860,43,23,3
2024-12-30,sinaloa,3307,149,67,9
2024-12-30,zacatecas,537,23,13,1
2024-12-30,morelos,1285,60,27,3
2024-12-30,coahuila,1449,49,27,1
2024-12-30,jalisco,6439,311,144,25
2024-12-30,aguascalientes,650,32,15,4
2024-12-30,nuevo león,7429,308,133,17
2024-12-30,chihuahua,2153,96,46,4
2024-12-30,quintana roo,1741,77,26,4
2024-12-30,méxico,8490,399,210,28
2024-12-30,puebla,1825,97,41,5
2024-12-30,hidalgo,778,38,27,2
2024-12-30,querétaro,1831,87,32,1
2024-12-30,oaxaca,657,36,18,2
2024-12-30,nayarit,358,13,6,0
2024-12-30,durango,1128,40,20,3
2024-12-30,colima,397,19,15,0
2024-12-30,baja california,2700,109,56,8
2024-12-30,mexico city,24123,1239,572,94
2024-12-30,chiapas,1408,73,43,3
2024-12-30,guanajuato,4879,185,101,15
2024-12-30,veracruz,3060,136,69,6
2024-12-30,campeche,386,22,7,4
2024-12-30,tabasco,863,36,25,2
2024-12-30,baja california sur,388,18,12,1
2024-12-30,sonora,1284,59,28,3
2024-12-31,tlaxcala,250,7,3,0
2024-12-31,michoacán,1223,55,26,5
2024-12-31,yucatán,1170,48,24,6
2024-12-31,guerrero,516,21,15,3
2024-12-31,tamaulipas,1248,53,17,1
2024-12-31,san luis potosí,547,21,14,4
2024-12-31,sinaloa,1951,80,40,1
2024-12-31,zacatecas,313,15,8,2
2024-12-31,morelos,779,26,21,6
2024-12-31,coahuila,864,26,20,1
2024-12-31,jalisco,4230,211,98,12
2024-12-31,aguascalientes,378,16,11,4
2024-12-31,nuevo león,4558,186,87,14
2024-12-31,chihuahua,1166,45,24,5
2024-12-31,quintana roo,1088,47,22,3
2024-12-31,méxico,5048,214,123,15
2024-12-31,puebla,1200,53,29,0
2024-12-31,hidalgo,521,26,22,1
2024-12-31,querétaro,1135,52,24,5
2024-12-31,oaxaca,442,22,12,1
2024-12-31,nayarit,224,5,2,0
2024-12-31,durango,635,22,10,4
2024-12-31,colima,236,8,3,0
2024-12-31,baja california,1695,64,29,5
2024-12-31,mexico city,14909,747,337,48
2024-12-31,chiapas,995,35,20,0
2024-12-31,guanajuato,3028,101,61,5
2024-12-31,veracruz,2051,74,41,6
2024-12-31,campeche,227,8,3,0
2024-12-31,tabasco,553,20,12,2
2024-12-31,baja california sur,267,14,7,1
2024-12-31,sonora,850,24,15,0
2025-01-01,tlaxcala,313,14,2,0
2025-01-01,michoacán,1640,67,30,6
2025-01-01,yucatán,1364,66,28,3
2025-01-01,guerrero,774,39,26,3
2025-01-01,tamaulipas,1425,44,24,3
2025-01-01,san luis potosí,647,26,15,0
2025-01-01,sinaloa,2016,86,38,1
2025-01-01,zacatecas,409,24,10,0
2025-01-01,morelos,1069,49,35,1
2025-01-01,coahuila,1092,38,18,0
2025-01-01,jalisco,5195,249,94,10
2025-01-01,aguascalientes,479,25,10,0
2025-01-01,nuevo león,5253,227,91,10
2025-01-01,chihuahua,1589,59,25,2
2025-01-01,quintana roo,1367,52,25,5
2025-01-01,méxico,6820,318,162,16
2025-01-01,puebla,1548,66,35,2
2025-01-01,hidalgo,719,48,25,2
2025-01-01,querétaro,1492,50,24,3
2025-01-01,oaxaca,588,28,10,2
2025-01-01,nayarit,281,12,6,1
2025-01-01,durango,730,34,16,5
2025-01-01,colima,294,11,7,4
2025-01-01,baja california,1758,75,30,1
2025-01-01,mexico city,18889,899,383,42
2025-01-01,chiapas,1110,36,19,2
2025-01-01,guanajuato,3598,129,69,5
2025-01-01,veracruz,2553,94,58,8
2025-01-01,campeche,315,13,8,2
2025-01-01,tabasco,761,32,13,0
2025-01-01,baja california sur,274,17,5,0
2025-01-01,sonora,915,32,19,0
2025-01-02,tlaxcala,404,23,7,1
2025-01-02,michoacán,1923,89,43,7
2025-01-02,yucatán,1624,91,51,7
2025-01-02,guerrero,773,34,25,5
2025-01-02,tamaulipas,1823,95,33,3
2025-01-02,san luis potosí,707,36,19,4
2025-01-02,sinaloa,2750,135,59,5
2025-01-02,zacatecas,448,19,9,1
2025-01-02,morelos,1180,53,40,7
2025-01-02,coahuila,1265,58,30,2
2025-01-02,jalisco,5789,298,135,16
2025-01-02,aguascalientes,597,24,11,2
2025-01-02,nuevo león,6651,341,146,13
2025-01-02,chihuahua,1676,77,25,5
2025-01-02,quintana roo,1488,57,31,5
2025-01-02,méxico,7790,376,199,27
2025-01-02,puebla,1804,78,45,6
2025-01-02,hidalgo,757,34,18,2
2025-01-02,querétaro,1730,77,34,3
2025-01-02,oaxaca,679,32,19,2
2025-01-02,nayarit,277,17,5,0
2025-01-02,durango,888,41,19,1
2025-01-02,colima,303,10,8,1
2025-01-02,baja california,2324,103,55,5
2025-01-02,mexico city,21865,1134,579,75
2025-01-02,chiapas,1305,79,33,5
2025-01-02,guanajuato,4509,198,126,14
2025-01-02,veracruz,3133,137,59,6
2025-01-02,campeche,366,14,7,0
2025-01-02,tabasco,929,49,36,2
2025-01-02,baja california sur,374,22,8,3
2025-01-02,sonora,1220,59,21,1
2025-01-03,tlaxcala,480,23,10,1
2025-01-03,michoacán,2392,99,56,3
2025-01-03,yucatán,1884,94,54,4
2025-01-03,guerrero,1074,48,26,3
2025-01-03,tamaulipas,2300,121,53,9
2025-01-03,san luis potosí,928,43,17,0
2025-01-03,sinaloa,3556,191,76,7
2025-01-03,zacatecas,534,18,9,1
2025-01-03,morelos,1360,48,23,0
2025-01-03,coahuila,1525,56,31,5
2025-01-03,jalisco,7005,387,168,31
2025-01-03,aguascalientes,682,31,14,3
2025-01-03,nuevo león,7955,355,149,20
2025-01-03,chihuahua,1983,84,31,4
2025-01-03,quintana roo,1795,83,42,5
2025-01-03,méxico,9749,487,293,28
2025-01-03,puebla,2229,97,66,6
2025-01-03,hidalgo,1022,39,14,0
2025-01-03,querétaro,1999,94,43,5
2025-01-03,oaxaca,869,37,16,1
2025-01-03,nayarit,400,25,12,1
2025-01-03,durango,1111,39,26,2
2025-01-03,colima,356,16,3,0
2025-01-03,baja california,2794,126,51,5
2025-01-03,mexico city,26592,1290,639,77
2025-01-03,chiapas,1591,79,36,7
2025-01-03,guanajuato,5264,203,97,8
2025-01-03,veracruz,3889,174,81,4
2025-01-03,campeche,473,30,15,1
2025-01-03,tabasco,1105,40,13,1
2025-01-03,baja california sur,447,31,8,1
2025-01-03,sonora,1451,62,32,4
2025-01-04,tlaxcala,381,20,13,1
2025-01-04,michoacán,1849,107,59,4
2025-01-04,yucatán,1359,55,36,4
2025-01-04,guerrero,739,39,23,2
2025-01-04,tamaulipas,1641,63,33,3
2025-01-04,san luis potosí,626,35,11,3
2025-01-04,sinaloa,2689,157,85,7
2025-01-04,zacatecas,397,22,8,1
2025-01-04,morelos,982,41,28,0
2025-01-04,coahuila,1158,56,33,5
2025-01-04,jalisco,5187,253,110,13
2025-01-04,aguascalientes,427,16,7,2
2025-01-04,nuevo león,5832,257,116,21
2025-01-04,chihuahua,1582,82,32,0
2025-01-04,quintana roo,1395,74,38,2
2025-01-04,méxico,7486,323,189,13
2025-01-04,puebla,1664,83,50,5
2025-01-04,hidalgo,712,28,15,2
2025-01-04,querétaro,1519,70,32,2
2025-01-04,oaxaca,608,28,16,1
2025-01-04,nayarit,242,15,5,2
2025-01-04,durango,870,41,20,1
2025-01-04,colima,250,16,3,0
2025-01-04,baja california,2257,119,55,7
2025-01-04,mexico city,20274,1049,545,67
2025-01-04,chiapas,1288,77,35,1
2025-01-04,guanajuato,4081,200,106,13
2025-01-04,veracruz,2908,142,68,8
2025-01-04,campeche,337,15,15,4
2025-01-04,tabasco,884,57,32,3
2025-01-04,baja california sur,340,15,8,0
2025-01-04,sonora,1156,42,20,1
2025-01-05,tlaxcala,323,15,10,1
2025-01-05,michoacán,1614,72,49,8
2025-01-05,yucatán,1232,63,40,3
2025-01-05,guerrero,689,23,22,2
2025-01-05,tamaulipas,1525,62,28,2
2025-01-05,san luis potosí,591,29,15,3
2025-01-05,sinaloa,2356,124,65,7
2025-01-05,zacatecas,399,19,14,1
2025-01-05,morelos,888,34,16,2
2025-01-05,coahuila,1034,61,27,2
2025-01-05,jalisco,4580,246,112,22
2025-01-05,aguascalientes,422,11,4,1
2025-01-05,nuevo león,5441,276,134,15
2025-01-05,chihuahua,1440,63,25,2
2025-01-05,quintana roo,1301,70,32,2
2025-01-05,méxico,6422,279,171,19
2025-01-05,puebla,1442,56,35,4
2025-01-05,hidalgo,615,39,13,2
2025-01-05,querétaro,1355,72,30,3
2025-01-05,oaxaca,585,26,11,3
2025-01-05,nayarit,223,15,7,2
2025-01-05,durango,707,29,14,1
2025-01-05,colima,215,10,4,0
2025-01-05,baja california,1851,93,46,5
2025-01-05,mexico city,17870,902,499,59
2025-01-05,chiapas,1123,54,30,3
2025-01-05,guanajuato,3503,125,61,9
2025-01-05,veracruz,2671,135,70,6
2025-01-05,campeche,327,22,13,1
2025-01-05,tabasco,787,35,17,2
2025-01-05,baja california sur,274,12,8,1
2025-01-05,sonora,1009,48,18,2
2025-01-06,tlaxcala,364,20,11,2
2025-01-06,michoacán,1950,74,43,4
2025-01-06,yucatán,1503,64,44,8
2025-01-06,guerrero,859,49,18,3
2025-01-06,tamaulipas,1769,90,48,4
2025-01-06,san luis potosí,692,23,13,3
2025-01-06,sinaloa,2757,127,55,2
2025-01-06,zacatecas,459,19,10,1
2025-01-06,morelos,1051,27,22,2
2025-01-06,coahuila,1307,56,29,1
2025-01-06,jalisco,5422,260,123,28
2025-01-06,aguascalientes,541,18,8,1
2025-01-06,nuevo león,6267,304,139,20
2025-01-06,chihuahua,1580,93,39,3
2025-01-06,quintana roo,1516,81,39,3
2025-01-06,méxico,7353,303,129,15
2025-01-06,puebla,1639,63,25,1
2025-01-06,hidalgo,757,37,26,1
2025-01-06,querétaro,1514,64,30,5
2025-01-06,oaxaca,692,28,18,3
2025-01-06,nayarit,256,14,3,1
2025-01-06,durango,833,42,17,1
2025-01-06,colima,261,17,11,2
2025-01-06,baja california,2272,95,49,5
2025-01-06,mexico city,20142,1003,439,68
2025-01-06,chiapas,1441,73,38,4
2025-01-06,guanajuato,4199,174,108,16
2025-01-06,veracruz,3131,142,53,8
2025-01-06,campeche,382,12,6,3
2025-01-06,tabasco,990,43,17,1
2025-01-06,baja california sur,334,22,10,0
2025-01-06,sonora,1191,59,28,4
2025-01-07,tlaxcala,365,20,9,1
2025-01-07,michoacán,1892,72,29,4
2025-01-07,yucatán,1607,93,42,1
2025-01-07,guerrero,889,33,21,6
2025-01-07,tamaulipas,1817,71,16,1
2025-01-07,san luis potosí,814,37,12,2
2025-01-07,sinaloa,2948,132,48,14
2025-01-07,zacatecas,517,30,24,3
2025-01-07,morelos,1055,42,15,1
2025-01-07,coahuila,1397,64,22,5
2025-01-07,jalisco,5736,284,113,22
2025-01-07,aguascalientes,534,24,11,1
2025-01-07,nuevo león,6460,300,135,23
2025-01-07,chihuahua,1718,63,28,2
2025-01-07,quintana roo,1607,73,30,3
2025-01-07,méxico,7080,351,165,18
2025-01-07,puebla,1643,69,30,6
2025-01-07,hidalgo,751,41,16,1
2025-01-07,querétaro,1637,77,35,2
2025-01-07,oaxaca,694,43,18,2
2025-01-07,nayarit,288,16,6,1
2025-01-07,durango,895,30,7,0
2025-01-07,colima,337,11,5,0
2025-01-07,baja california,2324,110,37,5
2025-01-07,mexico city,20106,1037,483,80
2025-01-07,chiapas,1410,68,45,6
2025-01-07,guanajuato,4129,149,67,8
2025-01-07,veracruz,3277,132,65,5
2025-01-07,campeche,419,15,9,1
2025-01-07,tabasco,1072,38,18,5
2025-01-07,baja california sur,362,21,5,0
2025-01-07,sonora,1269,56,21,1
2025-01-08,tlaxcala,324,13,11,1
2025-01-08,michoacán,1792,68,35,5
2025-01-08,yucatán,1667,75,34,4
2025-01-08,guerrero,924,38,17,2
2025-01-08,tamaulipas,2008,98,50,7
2025-01-08,san luis potosí,799,35,15,2
2025-01-08,sinaloa,2986,154,58,6
2025-01-08,zacatecas,556,19,9,0
2025-01-08,morelos,1017,40,20,5
2025-01-08,coahuila,1359,52,23,1
2025-01-08,jalisco,5721,293,135,22
2025-01-08,aguascalientes,582,32,12,2
2025-01-08,nuevo león,6406,307,130,26
2025-01-08,chihuahua,1748,78,30,4
2025-01-08,quintana roo,1625,60,32,3
2025-01-08,méxico,6799,313,155,17
2025-01-08,puebla,1584,71,33,4
2025-01-08,hidalgo,757,37,19,2
2025-01-08,querétaro,1593,82,27,5
2025-01-08,oaxaca,757,32,15,3
2025-01-08,nayarit,346,23,15,4
2025-01-08,durango,1022,34,18,0
2025-01-08,colima,312,11,5,0
2025-01-08,baja california,2396,125,46,2
2025-01-08,mexico city,19544,949,439,71
2025-01-08,chiapas,1425,65,38,6
2025-01-08,guanajuato,3994,155,79,8
2025-01-08,veracruz,3376,159,67,11
2025-01-08,campeche,391,15,7,1
2025-01-08,tabasco,992,38,17,3
2025-01-08,baja california sur,433,20,14,1
2025-01-08,sonora,1384,54,27,5
2025-01-09,tlaxcala,459,16,11,1
2025-01-09,michoacán,1915,72,40,6
2025-01-09,yucatán,1766,93,41,6
2025-01-09,guerrero,947,33,24,1
2025-01-09,tamaulipas,2379,104,50,5
2025-01-09,san luis potosí,901,32,21,4
2025-01-09,sinaloa,3301,116,42,5
2025-01-09,zacatecas,606,17,10,2
2025-01-09,morelos,1186,30,22,2
2025-01-09,coahuila,1647,55,33,5
2025-01-09,jalisco,6172,258,123,13
2025-01-09,aguascalientes,583,30,9,3
2025-01-09,nuevo león,7465,250,111,8
2025-01-09,chihuahua,2007,53,20,2
2025-01-09,quintana roo,1671,53,23,1
2025-01-09,méxico,7874,281,138,19
2025-01-09,puebla,1821,52,31,2
2025-01-09,hidalgo,873,35,26,2
2025-01-09,querétaro,1670,65,35,4
2025-01-09,oaxaca,860,31,17,1
2025-01-09,nayarit,387,8,4,0
2025-01-09,durango,1054,21,15,3
2025-01-09,colima,370,16,11,0
2025-01-09,baja california,2585,97,58,5
2025-01-09,mexico city,21342,869,406,53
2025-01-09,chiapas,1600,81,45,8
2025-01-09,guanajuato,4445,147,81,12
2025-01-09,veracruz,3742,122,50,5
2025-01-09,campeche,431,27,12,0
2025-01-09,tabasco,1143,44,23,1
2025-01-09,baja california sur,501,19,5,0
2025-01-09,sonora,1502,59,17,1
2025-01-10,tlaxcala,348,14,9,0
2025-01-10,michoacán,1741,58,28,5
2025-01-10,yucatán,1452,57,27,5
2025-01-10,guerrero,866,25,19,1
2025-01-10,tamaulipas,1961,68,44,8
2025-01-10,san luis potosí,749,23,8,3
2025-01-10,sinaloa,2721,100,51,4
2025-01-10,zacatecas,490,17,9,0
2025-01-10,morelos,953,23,5,1
2025-01-10,coahuila,1446,63,30,6
2025-01-10,jalisco,5279,239,105,13
2025-01-10,aguascalientes,527,27,21,2
2025-01-10,nuevo león,6499,261,110,12
2025-01-10,chihuahua,1502,60,24,5
2025-01-10,quintana roo,1438,40,29,3
2025-01-10,méxico,6807,276,135,14
2025-01-10,puebla,1594,72,25,7
2025-01-10,hidalgo,703,27,19,2
2025-01-10,querétaro,1422,38,16,2
2025-01-10,oaxaca,710,26,16,3
2025-01-10,nayarit,315,8,3,1
2025-01-10,durango,875,25,10,2
2025-01-10,colima,312,18,10,2
2025-01-10,baja california,2121,73,35,1
2025-01-10,mexico city,18335,716,360,61
2025-01-10,chiapas,1447,67,41,7
2025-01-10,guanajuato,3983,133,73,10
2025-01-10,veracruz,3049,118,54,4
2025-01-10,campeche,372,19,7,1
2025-01-10,tabasco,1052,33,15,3
2025-01-10,baja california sur,375,22,12,0
2025-01-10,sonora,1323,50,21,4
2025-01-11,tlaxcala,469,21,7,0
2025-01-11,michoacán,1825,73,32,8
2025-01-11,yucatán,1599,55,34,6
2025-01-11,guerrero,912,41,26,2
2025-01-11,tamaulipas,2061,87,46,3
2025-01-11,san luis potosí,807,31,9,1
2025-01-11,sinaloa,2868,104,60,7
2025-01-11,zacatecas,564,18,11,1
2025-01-11,morelos,1127,35,20,4
2025-01-11,coahuila,1391,58,28,6
2025-01-11,jalisco,5681,228,121,15
2025-01-11,aguascalientes,563,28,15,2
2025-01-11,nuevo león,6793,256,121,19
2025-01-11,chihuahua,1734,73,28,3
2025-01-11,quintana roo,1668,59,35,4
2025-01-11,méxico,7695,258,161,18
2025-01-11,puebla,1848,72,42,2
2025-01-11,hidalgo,805,31,22,2
2025-01-11,querétaro,1615,49,23,2
2025-01-11,oaxaca,744,28,20,4
2025-01-11,nayarit,332,17,6,0
2025-01-11,durango,979,25,17,3
2025-01-11,colima,301,15,6,1
2025-01-11,baja california,2422,110,59,4
2025-01-11,mexico city,20446,816,427,47
2025-01-11,chiapas,1526,48,29,4
2025-01-11,guanajuato,4448,137,66,8
2025-01-11,veracruz,3277,145,62,6
2025-01-11,campeche,449,24,15,1
2025-01-11,tabasco,1102,53,18,0
2025-01-11,baja california sur,370,12,9,1
2025-01-11,sonora,1363,46,28,2
2025-01-12,tlaxcala,419,11,8,0
2025-01-12,michoacán,1636,54,26,2
2025-01-12,yucatán,1502,70,27,5
2025-01-12,guerrero,799,47,23,1
2025-01-12,tamaulipas,1859,49,29,5
2025-01-12,san luis potosí,780,27,14,3
2025-01-12,sinaloa,2765,110,56,4
2025-01-12,zacatecas,515,21,9,1
2025-01-12,morelos,1035,48,16,1
2025-01-12,coahuila,1416,50,32,6
2025-01-12,jalisco,5791,242,129,17
2025-01-12,aguascalientes,508,25,10,2
2025-01-12,nuevo león,6382,269,109,19
2025-01-12,chihuahua,1660,66,33,2
2025-01-12,quintana roo,1507,63,35,2
2025-01-12,méxico,6880,257,134,16
2025-01-12,puebla,1736,69,37,4
2025-01-12,hidalgo,769,36,15,1
2025-01-12,querétaro,1570,74,27,6
2025-01-12,oaxaca,717,45,21,3
2025-01-12,nayarit,339,11,8,1
2025-01-12,durango,851,34,20,2
2025-01-12,colima,327,6,6,1
2025-01-12,baja california,2293,85,56,5
2025-01-12,mexico city,19691,870,395,55
2025-01-12,chiapas,1407,71,29,2
2025-01-12,guanajuato,3908,130,64,8
2025-01-12,veracruz,2997,118,60,8
2025-01-12,campeche,375,13,5,0
2025-01-12,tabasco,966,43,21,2
2025-01-12,baja california sur,411,20,5,1
2025-01-12,sonora,1315,53,35,4
2025-01-13,tlaxcala,360,24,12,1
2025-01-13,michoacán,1714,62,29,5
2025-01-13,yucatán,1627,69,38,5
2025-01-13,guerrero,836,29,16,3
2025-01-13,tamaulipas,1986,77,40,2
2025-01-13,san luis potosí,795,28,15,2
2025-01-13,sinaloa,3389,135,75,9
2025-01-13,zacatecas,529,26,8,1
2025-01-13,morelos,1063,32,19,2
2025-01-13,coahuila,1435,68,40,6
2025-01-13,jalisco,5777,317,142,24
2025-01-13,aguascalientes,568,27,11,2
2025-01-13,nuevo león,7175,302,155,17
2025-01-13,chihuahua,1652,63,30,6
2025-01-13,quintana roo,1596,65,34,3
2025-01-13,méxico,6870,268,136,18
2025-01-13,puebla,1642,77,36,3
2025-01-13,hidalgo,785,24,12,1
2025-01-13,querétaro,1556,57,30,4
2025-01-13,oaxaca,795,28,20,2
2025-01-13,nayarit,295,17,9,1
2025-01-13,durango,1078,43,16,3
2025-01-13,colima,288,15,7,0
2025-01-13,baja california,2627,106,51,10
2025-01-13,mexico city,20675,922,441,78
2025-01-13,chiapas,1543,60,31,2
2025-01-13,guanajuato,4679,152,76,8
2025-01-13,veracruz,3184,163,63,11
2025-01-13,campeche,410,18,10,2
2025-01-13,tabasco,1009,49,23,3
2025-01-13,baja california sur,456,16,8,0
2025-01-13,sonora,1353,63,24,4
2025-01-14,tlaxcala,413,13,7,0
2025-01-14,michoacán,1837,82,41,2
2025-01-14,yucatán,1805,84,49,6
2025-01-14,guerrero,952,40,17,0
2025-01-14,tamaulipas,2173,83,36,3
2025-01-14,san luis potosí,847,27,13,1
2025-01-14,sinaloa,3699,139,73,9
2025-01-14,zacatecas,577,33,12,0
2025-01-14,morelos,1083,39,16,1
2025-01-14,coahuila,1472,52,26,5
2025-01-14,jalisco,6026,289,155,29
2025-01-14,aguascalientes,567,21,8,1
2025-01-14,nuevo león,7742,296,141,18
2025-01-14,chihuahua,1739,57,39,7
2025-01-14,quintana roo,1873,52,33,4
2025-01-14,méxico,7464,313,145,15
2025-01-14,puebla,1713,65,31,2
2025-01-14,hidalgo,797,37,19,1
2025-01-14,querétaro,1608,64,27,5
2025-01-14,oaxaca,846,34,18,3
2025-01-14,nayarit,330,13,7,1
2025-01-14,durango,1206,41,14,5
2025-01-14,colima,327,20,9,1
2025-01-14,baja california,2849,114,49,7
2025-01-14,mexico city,21054,1006,484,63
2025-01-14,chiapas,1612,72,37,8
2025-01-14,guanajuato,5178,164,79,11
2025-01-14,veracruz,3426,138,61,8
2025-01-14,campeche,438,19,11,1
2025-01-14,tabasco,1083,39,21,2
2025-01-14,baja california sur,418,16,9,2
2025-01-14,sonora,1344,53,24,7
2025-01-15,tlaxcala,309,16,8,2
2025-01-15,michoacán,1618,84,41,5
2025-01-15,yucatán,1559,79,48,6
2025-01-15,guerrero,731,27,14,3
2025-01-15,tamaulipas,1829,73,44,8
2025-01-15,san luis potosí,748,35,14,0
2025-01-15,sinaloa,2910,135,60,8
2025-01-15,zacatecas,523,22,10,0
2025-01-15,morelos,930,36,20,2
2025-01-15,coahuila,1322,60,35,4
2025-01-15,jalisco,5318,254,137,20
2025-01-15,aguascalientes,442,22,13,0
2025-01-15,nuevo león,6893,285,144,18
2025-01-15,chihuahua,1485,70,31,7
2025-01-15,quintana roo,1573,58,30,4
2025-01-15,méxico,6580,292,164,21
2025-01-15,puebla,1499,65,34,2
2025-01-15,hidalgo,705,31,17,5
2025-01-15,querétaro,1499,64,35,5
2025-01-15,oaxaca,627,39,20,2
2025-01-15,nayarit,302,18,17,2
2025-01-15,durango,900,29,14,4
2025-01-15,colima,310,14,9,0
2025-01-15,baja california,2429,83,41,5
2025-01-15,mexico city,18403,825,450,54
2025-01-15,chiapas,1425,57,36,2
2025-01-15,guanajuato,3896,149,70,4
2025-01-15,veracruz,2986,129,66,8
2025-01-15,campeche,386,10,6,1
2025-01-15,tabasco,1008,42,21,1
2025-01-15,baja california sur,387,16,8,0
2025-01-15,sonora,1306,57,25,2
