time,location,Y,total_sessions,total_carts,total_checkouts,total_orders_placed
2023-12-05,mexico city,Mexico,20394,793,584,93
2023-12-05,méxico,Mexico,8691,357,292,50
2023-12-05,nuevo león,Mexico,7536,270,185,18
2023-12-05,jalisco,Mexico,8381,390,275,39
2023-12-05,veracruz,Mexico,2887,132,112,11
2023-12-05,guanajuato,Mexico,2166,86,57,6
2023-12-05,sinaloa,Mexico,2037,94,68,13
2023-12-05,puebla,Mexico,2142,83,68,10
2023-12-05,querétaro,Mexico,1860,86,51,9
2023-12-05,baja california,Mexico,2429,92,72,6
2023-12-05,chihuahua,Mexico,1717,66,47,4
2023-12-05,sonora,Mexico,1796,71,48,7
2023-12-05,coahuila,Mexico,1636,51,45,1
2023-12-05,tamaulipas,Mexico,1608,59,42,5
2023-12-05,yucatán,Mexico,1898,73,67,3
2023-12-05,quintana roo,Mexico,1525,71,53,4
2023-12-05,michoacán,Mexico,1248,40,31,4
2023-12-05,morelos,Mexico,884,41,28,2
2023-12-05,tabasco,Mexico,1166,38,30,3
2023-12-05,guerrero,Mexico,441,22,10,1
2023-12-05,chiapas,Mexico,628,22,14,1
2023-12-05,san luis potosí,Mexico,839,35,30,6
2023-12-05,hidalgo,Mexico,731,38,27,5
2023-12-05,oaxaca,Mexico,361,16,12,0
2023-12-05,aguascalientes,Mexico,612,21,17,3
2023-12-05,zacatecas,Mexico,423,13,13,4
2023-12-05,baja california sur,Mexico,384,23,12,0
2023-12-05,durango,Mexico,417,17,16,2
2023-12-05,campeche,Mexico,436,21,15,0
2023-12-05,nayarit,Mexico,300,9,8,0
2023-12-05,colima,Mexico,266,15,11,1
2023-12-05,tlaxcala,Mexico,295,15,9,2
2023-12-06,mexico city,Mexico,19376,871,676,96
2023-12-06,méxico,Mexico,8238,386,284,52
2023-12-06,nuevo león,Mexico,6762,269,198,27
2023-12-06,jalisco,Mexico,7983,346,264,32
2023-12-06,veracruz,Mexico,2626,137,102,8
2023-12-06,guanajuato,Mexico,2046,108,66,8
2023-12-06,sinaloa,Mexico,1935,83,50,12
2023-12-06,puebla,Mexico,2165,89,73,7
2023-12-06,querétaro,Mexico,1730,77,56,9
2023-12-06,baja california,Mexico,2179,74,66,1
2023-12-06,chihuahua,Mexico,1451,66,40,4
2023-12-06,sonora,Mexico,1735,69,45,4
2023-12-06,coahuila,Mexico,1520,50,41,3
2023-12-06,tamaulipas,Mexico,1475,57,46,5
2023-12-06,yucatán,Mexico,1688,71,58,2
2023-12-06,quintana roo,Mexico,1381,85,67,7
2023-12-06,michoacán,Mexico,1168,54,39,4
2023-12-06,morelos,Mexico,949,33,25,3
2023-12-06,tabasco,Mexico,1048,53,55,9
2023-12-06,guerrero,Mexico,413,18,15,1
2023-12-06,chiapas,Mexico,558,22,19,2
2023-12-06,san luis potosí,Mexico,723,34,29,2
2023-12-06,hidalgo,Mexico,723,21,28,3
2023-12-06,oaxaca,Mexico,294,13,10,2
2023-12-06,aguascalientes,Mexico,545,25,21,3
2023-12-06,zacatecas,Mexico,392,12,9,1
2023-12-06,baja california sur,Mexico,384,17,9,2
2023-12-06,durango,Mexico,443,28,16,0
2023-12-06,campeche,Mexico,431,21,17,1
2023-12-06,nayarit,Mexico,311,6,4,1
2023-12-06,colima,Mexico,255,10,10,1
2023-12-06,tlaxcala,Mexico,247,14,13,1
2023-12-07,mexico city,Mexico,15637,619,497,87
2023-12-07,méxico,Mexico,6760,249,239,42
2023-12-07,nuevo león,Mexico,6428,234,164,16
2023-12-07,jalisco,Mexico,7205,270,209,34
2023-12-07,veracruz,Mexico,2100,86,65,7
2023-12-07,guanajuato,Mexico,1795,77,55,5
2023-12-07,sinaloa,Mexico,1789,63,40,4
2023-12-07,puebla,Mexico,1668,68,57,8
2023-12-07,querétaro,Mexico,1544,78,60,4
2023-12-07,baja california,Mexico,1949,74,61,5
2023-12-07,chihuahua,Mexico,1445,54,36,7
2023-12-07,sonora,Mexico,1640,66,57,1
2023-12-07,coahuila,Mexico,1483,55,34,5
2023-12-07,tamaulipas,Mexico,1401,51,39,6
2023-12-07,yucatán,Mexico,1590,52,57,6
2023-12-07,quintana roo,Mexico,1249,57,66,10
2023-12-07,michoacán,Mexico,1015,34,28,2
2023-12-07,morelos,Mexico,672,17,13,4
2023-12-07,tabasco,Mexico,838,34,21,2
2023-12-07,guerrero,Mexico,395,17,11,1
2023-12-07,chiapas,Mexico,472,15,12,3
2023-12-07,san luis potosí,Mexico,659,32,24,1
2023-12-07,hidalgo,Mexico,550,26,23,6
2023-12-07,oaxaca,Mexico,254,12,10,0
2023-12-07,aguascalientes,Mexico,487,22,14,2
2023-12-07,zacatecas,Mexico,354,15,7,1
2023-12-07,baja california sur,Mexico,367,12,13,2
2023-12-07,durango,Mexico,350,8,7,0
2023-12-07,campeche,Mexico,297,10,8,2
2023-12-07,nayarit,Mexico,265,21,12,1
2023-12-07,colima,Mexico,234,13,7,0
2023-12-07,tlaxcala,Mexico,231,8,7,1
2023-12-08,mexico city,Mexico,13955,568,469,77
2023-12-08,méxico,Mexico,5972,216,194,29
2023-12-08,nuevo león,Mexico,5120,212,164,23
2023-12-08,jalisco,Mexico,6172,230,204,27
2023-12-08,veracruz,Mexico,1852,73,56,6
2023-12-08,guanajuato,Mexico,1393,35,34,4
2023-12-08,sinaloa,Mexico,1509,43,45,7
2023-12-08,puebla,Mexico,1474,57,51,7
2023-12-08,querétaro,Mexico,1244,33,33,3
2023-12-08,baja california,Mexico,1777,57,39,5
2023-12-08,chihuahua,Mexico,1188,47,38,3
2023-12-08,sonora,Mexico,1344,44,41,2
2023-12-08,coahuila,Mexico,1231,53,43,6
2023-12-08,tamaulipas,Mexico,1106,39,26,3
2023-12-08,yucatán,Mexico,1234,50,53,7
2023-12-08,quintana roo,Mexico,1134,43,41,6
2023-12-08,michoacán,Mexico,782,26,27,2
2023-12-08,morelos,Mexico,657,25,16,0
2023-12-08,tabasco,Mexico,639,24,20,4
2023-12-08,guerrero,Mexico,313,14,4,0
2023-12-08,chiapas,Mexico,434,26,26,6
2023-12-08,san luis potosí,Mexico,539,14,13,1
2023-12-08,hidalgo,Mexico,476,19,14,7
2023-12-08,oaxaca,Mexico,206,9,7,2
2023-12-08,aguascalientes,Mexico,361,20,17,1
2023-12-08,zacatecas,Mexico,282,6,4,0
2023-12-08,baja california sur,Mexico,326,15,9,2
2023-12-08,durango,Mexico,318,15,9,0
2023-12-08,campeche,Mexico,267,7,11,3
2023-12-08,nayarit,Mexico,220,4,7,1
2023-12-08,colima,Mexico,172,7,4,0
2023-12-08,tlaxcala,Mexico,191,9,6,3
2023-12-09,mexico city,Mexico,14263,509,443,73
2023-12-09,méxico,Mexico,6391,235,183,23
2023-12-09,nuevo león,Mexico,5289,185,121,18
2023-12-09,jalisco,Mexico,5786,208,171,18
2023-12-09,veracruz,Mexico,1931,60,58,8
2023-12-09,guanajuato,Mexico,1479,47,29,5
2023-12-09,sinaloa,Mexico,1554,59,51,10
2023-12-09,puebla,Mexico,1553,64,55,9
2023-12-09,querétaro,Mexico,1252,46,31,6
2023-12-09,baja california,Mexico,1927,64,56,7
2023-12-09,chihuahua,Mexico,1317,43,29,1
2023-12-09,sonora,Mexico,1333,34,23,1
2023-12-09,coahuila,Mexico,1222,32,19,3
2023-12-09,tamaulipas,Mexico,1197,34,25,2
2023-12-09,yucatán,Mexico,1279,31,28,5
2023-12-09,quintana roo,Mexico,1074,51,43,12
2023-12-09,michoacán,Mexico,887,32,20,3
2023-12-09,morelos,Mexico,692,18,12,2
2023-12-09,tabasco,Mexico,671,21,19,2
2023-12-09,guerrero,Mexico,354,13,12,2
2023-12-09,chiapas,Mexico,382,11,12,3
2023-12-09,san luis potosí,Mexico,570,18,12,0
2023-12-09,hidalgo,Mexico,485,10,11,0
2023-12-09,oaxaca,Mexico,218,10,8,0
2023-12-09,aguascalientes,Mexico,372,11,7,1
2023-12-09,zacatecas,Mexico,299,11,10,2
2023-12-09,baja california sur,Mexico,356,17,16,0
2023-12-09,durango,Mexico,349,11,10,5
2023-12-09,campeche,Mexico,262,5,5,1
2023-12-09,nayarit,Mexico,187,8,8,2
2023-12-09,colima,Mexico,174,4,3,0
2023-12-09,tlaxcala,Mexico,237,8,6,0
2023-12-10,mexico city,Mexico,14789,575,431,52
2023-12-10,méxico,Mexico,6820,257,215,23
2023-12-10,nuevo león,Mexico,5365,159,120,10
2023-12-10,jalisco,Mexico,6012,241,188,27
2023-12-10,veracruz,Mexico,2119,66,55,8
2023-12-10,guanajuato,Mexico,1708,67,61,3
2023-12-10,sinaloa,Mexico,1502,46,39,3
2023-12-10,puebla,Mexico,1545,55,36,4
2023-12-10,querétaro,Mexico,1426,57,37,9
2023-12-10,baja california,Mexico,1780,46,27,2
2023-12-10,chihuahua,Mexico,1404,49,38,8
2023-12-10,sonora,Mexico,1473,34,31,4
2023-12-10,coahuila,Mexico,1297,46,35,4
2023-12-10,tamaulipas,Mexico,1276,43,30,3
2023-12-10,yucatán,Mexico,1404,46,48,5
2023-12-10,quintana roo,Mexico,1167,44,37,3
2023-12-10,michoacán,Mexico,927,34,22,4
2023-12-10,morelos,Mexico,734,22,17,2
2023-12-10,tabasco,Mexico,710,24,19,1
2023-12-10,guerrero,Mexico,379,17,15,0
2023-12-10,chiapas,Mexico,419,9,6,1
2023-12-10,san luis potosí,Mexico,567,22,15,2
2023-12-10,hidalgo,Mexico,548,28,19,3
2023-12-10,oaxaca,Mexico,262,15,8,1
2023-12-10,aguascalientes,Mexico,449,26,18,3
2023-12-10,zacatecas,Mexico,318,13,24,6
2023-12-10,baja california sur,Mexico,342,15,6,1
2023-12-10,durango,Mexico,356,6,5,0
2023-12-10,campeche,Mexico,292,12,8,1
2023-12-10,nayarit,Mexico,239,12,6,0
2023-12-10,colima,Mexico,176,2,4,0
2023-12-10,tlaxcala,Mexico,227,8,15,0
2023-12-11,mexico city,Mexico,15346,642,498,87
2023-12-11,méxico,Mexico,6675,272,222,46
2023-12-11,nuevo león,Mexico,5467,207,160,27
2023-12-11,jalisco,Mexico,6546,248,215,29
2023-12-11,veracruz,Mexico,1932,60,48,7
2023-12-11,guanajuato,Mexico,1700,68,51,10
2023-12-11,sinaloa,Mexico,1607,66,57,8
2023-12-11,puebla,Mexico,1517,53,37,3
2023-12-11,querétaro,Mexico,1456,57,41,12
2023-12-11,baja california,Mexico,1826,50,57,1
2023-12-11,chihuahua,Mexico,1345,52,35,3
2023-12-11,sonora,Mexico,1580,59,44,2
2023-12-11,coahuila,Mexico,1272,44,45,4
2023-12-11,tamaulipas,Mexico,1210,35,26,4
2023-12-11,yucatán,Mexico,1388,48,50,8
2023-12-11,quintana roo,Mexico,1169,53,40,6
2023-12-11,michoacán,Mexico,889,34,22,5
2023-12-11,morelos,Mexico,616,16,17,2
2023-12-11,tabasco,Mexico,755,39,35,2
2023-12-11,guerrero,Mexico,360,12,7,2
2023-12-11,chiapas,Mexico,421,23,17,4
2023-12-11,san luis potosí,Mexico,571,21,12,0
2023-12-11,hidalgo,Mexico,559,29,19,4
2023-12-11,oaxaca,Mexico,210,9,7,1
2023-12-11,aguascalientes,Mexico,454,14,17,1
2023-12-11,zacatecas,Mexico,305,6,4,1
2023-12-11,baja california sur,Mexico,344,10,6,1
2023-12-11,durango,Mexico,344,8,9,1
2023-12-11,campeche,Mexico,275,13,9,1
2023-12-11,nayarit,Mexico,231,7,5,1
2023-12-11,colima,Mexico,195,7,7,1
2023-12-11,tlaxcala,Mexico,207,5,8,2
2023-12-12,mexico city,Mexico,17861,614,537,91
2023-12-12,méxico,Mexico,7436,279,219,35
2023-12-12,nuevo león,Mexico,6301,191,174,22
2023-12-12,jalisco,Mexico,7493,293,240,33
2023-12-12,veracruz,Mexico,2318,80,41,4
2023-12-12,guanajuato,Mexico,1881,55,40,2
2023-12-12,sinaloa,Mexico,1897,67,59,20
2023-12-12,puebla,Mexico,2025,54,51,3
2023-12-12,querétaro,Mexico,1747,63,47,11
2023-12-12,baja california,Mexico,1849,41,26,1
2023-12-12,chihuahua,Mexico,1406,49,38,5
2023-12-12,sonora,Mexico,1610,46,38,4
2023-12-12,coahuila,Mexico,1413,35,33,6
2023-12-12,tamaulipas,Mexico,1309,44,37,9
2023-12-12,yucatán,Mexico,1646,45,45,6
2023-12-12,quintana roo,Mexico,1413,51,51,3
2023-12-12,michoacán,Mexico,1047,28,31,1
2023-12-12,morelos,Mexico,867,23,22,2
2023-12-12,tabasco,Mexico,874,18,14,1
2023-12-12,guerrero,Mexico,459,26,23,11
2023-12-12,chiapas,Mexico,562,17,14,1
2023-12-12,san luis potosí,Mexico,643,31,19,2
2023-12-12,hidalgo,Mexico,639,28,17,2
2023-12-12,oaxaca,Mexico,284,7,7,2
2023-12-12,aguascalientes,Mexico,442,10,16,3
2023-12-12,zacatecas,Mexico,351,13,12,2
2023-12-12,baja california sur,Mexico,369,10,9,1
2023-12-12,durango,Mexico,383,12,8,0
2023-12-12,campeche,Mexico,391,15,16,2
2023-12-12,nayarit,Mexico,283,12,9,0
2023-12-12,colima,Mexico,212,7,6,2
2023-12-12,tlaxcala,Mexico,271,15,16,2
2023-12-13,mexico city,Mexico,19193,706,618,77
2023-12-13,méxico,Mexico,7972,293,254,42
2023-12-13,nuevo león,Mexico,6736,200,161,14
2023-12-13,jalisco,Mexico,7905,286,238,31
2023-12-13,veracruz,Mexico,2554,93,69,7
2023-12-13,guanajuato,Mexico,2147,84,66,9
2023-12-13,sinaloa,Mexico,2180,77,58,2
2023-12-13,puebla,Mexico,2292,79,63,6
2023-12-13,querétaro,Mexico,1914,68,64,9
2023-12-13,baja california,Mexico,2064,43,36,3
2023-12-13,chihuahua,Mexico,1743,61,48,4
2023-12-13,sonora,Mexico,1837,55,49,3
2023-12-13,coahuila,Mexico,1529,35,28,4
2023-12-13,tamaulipas,Mexico,1435,41,37,6
2023-12-13,yucatán,Mexico,1837,68,60,8
2023-12-13,quintana roo,Mexico,1427,67,60,8
2023-12-13,michoacán,Mexico,1115,36,29,3
2023-12-13,morelos,Mexico,880,24,16,1
2023-12-13,tabasco,Mexico,1021,26,31,3
2023-12-13,guerrero,Mexico,454,9,13,4
2023-12-13,chiapas,Mexico,542,19,14,2
2023-12-13,san luis potosí,Mexico,685,30,22,3
2023-12-13,hidalgo,Mexico,671,21,21,0
2023-12-13,oaxaca,Mexico,353,24,24,1
2023-12-13,aguascalientes,Mexico,528,30,29,6
2023-12-13,zacatecas,Mexico,371,15,13,1
2023-12-13,baja california sur,Mexico,359,14,11,2
2023-12-13,durango,Mexico,397,14,15,1
2023-12-13,campeche,Mexico,430,10,7,1
2023-12-13,nayarit,Mexico,280,12,7,0
2023-12-13,colima,Mexico,236,5,3,1
2023-12-13,tlaxcala,Mexico,260,12,6,2
2023-12-14,mexico city,Mexico,17869,737,628,88
2023-12-14,méxico,Mexico,7595,318,275,29
2023-12-14,nuevo león,Mexico,6307,223,158,18
2023-12-14,jalisco,Mexico,7276,278,244,29
2023-12-14,veracruz,Mexico,2331,91,70,7
2023-12-14,guanajuato,Mexico,1947,74,56,8
2023-12-14,sinaloa,Mexico,1806,65,52,9
2023-12-14,puebla,Mexico,1952,81,69,7
2023-12-14,querétaro,Mexico,1626,62,44,6
2023-12-14,baja california,Mexico,1773,52,38,1
2023-12-14,chihuahua,Mexico,1433,41,26,4
2023-12-14,sonora,Mexico,1675,53,47,5
2023-12-14,coahuila,Mexico,1385,45,36,7
2023-12-14,tamaulipas,Mexico,1389,43,38,5
2023-12-14,yucatán,Mexico,1651,78,72,5
2023-12-14,quintana roo,Mexico,1270,47,37,1
2023-12-14,michoacán,Mexico,1021,49,39,2
2023-12-14,morelos,Mexico,831,30,30,2
2023-12-14,tabasco,Mexico,916,43,36,1
2023-12-14,guerrero,Mexico,457,22,30,5
2023-12-14,chiapas,Mexico,524,14,14,0
2023-12-14,san luis potosí,Mexico,660,15,15,1
2023-12-14,hidalgo,Mexico,600,19,27,2
2023-12-14,oaxaca,Mexico,284,11,15,0
2023-12-14,aguascalientes,Mexico,538,24,12,1
2023-12-14,zacatecas,Mexico,366,10,6,0
2023-12-14,baja california sur,Mexico,372,11,9,2
2023-12-14,durango,Mexico,302,13,8,0
2023-12-14,campeche,Mexico,367,10,12,0
2023-12-14,nayarit,Mexico,305,7,6,0
2023-12-14,colima,Mexico,197,9,6,1
2023-12-14,tlaxcala,Mexico,225,10,10,0
2023-12-15,mexico city,Mexico,15387,603,556,72
2023-12-15,méxico,Mexico,6652,299,245,28
2023-12-15,nuevo león,Mexico,4868,192,161,12
2023-12-15,jalisco,Mexico,6297,320,261,25
2023-12-15,veracruz,Mexico,2073,81,66,6
2023-12-15,guanajuato,Mexico,1696,82,65,7
2023-12-15,sinaloa,Mexico,1504,60,47,3
2023-12-15,puebla,Mexico,1713,65,47,1
2023-12-15,querétaro,Mexico,1386,64,49,4
2023-12-15,baja california,Mexico,1489,50,34,2
2023-12-15,chihuahua,Mexico,1185,47,30,2
2023-12-15,sonora,Mexico,1342,53,48,4
2023-12-15,coahuila,Mexico,1192,45,45,6
2023-12-15,tamaulipas,Mexico,1109,45,34,5
2023-12-15,yucatán,Mexico,1431,67,58,8
2023-12-15,quintana roo,Mexico,1171,45,52,6
2023-12-15,michoacán,Mexico,879,34,28,1
2023-12-15,morelos,Mexico,733,22,15,1
2023-12-15,tabasco,Mexico,752,38,35,6
2023-12-15,guerrero,Mexico,368,15,11,1
2023-12-15,chiapas,Mexico,504,28,19,2
2023-12-15,san luis potosí,Mexico,529,18,15,3
2023-12-15,hidalgo,Mexico,552,23,19,1
2023-12-15,oaxaca,Mexico,251,11,7,0
2023-12-15,aguascalientes,Mexico,436,18,18,5
2023-12-15,zacatecas,Mexico,316,12,10,1
2023-12-15,baja california sur,Mexico,315,13,10,0
2023-12-15,durango,Mexico,273,12,8,1
2023-12-15,campeche,Mexico,318,8,11,2
2023-12-15,nayarit,Mexico,246,9,10,2
2023-12-15,colima,Mexico,189,8,7,1
2023-12-15,tlaxcala,Mexico,212,7,9,0
2023-12-16,mexico city,Mexico,15349,639,564,64
2023-12-16,méxico,Mexico,6798,321,250,27
2023-12-16,nuevo león,Mexico,5380,210,164,15
2023-12-16,jalisco,Mexico,6704,317,263,28
2023-12-16,veracruz,Mexico,2189,104,67,1
2023-12-16,guanajuato,Mexico,1672,73,56,5
2023-12-16,sinaloa,Mexico,1691,60,53,4
2023-12-16,puebla,Mexico,1871,69,68,7
2023-12-16,querétaro,Mexico,1499,66,59,7
2023-12-16,baja california,Mexico,1659,60,53,4
2023-12-16,chihuahua,Mexico,1324,52,40,4
2023-12-16,sonora,Mexico,1410,50,37,3
2023-12-16,coahuila,Mexico,1206,54,40,5
2023-12-16,tamaulipas,Mexico,1283,60,42,3
2023-12-16,yucatán,Mexico,1562,53,38,5
2023-12-16,quintana roo,Mexico,1153,50,45,3
2023-12-16,michoacán,Mexico,896,47,41,2
2023-12-16,morelos,Mexico,713,22,21,1
2023-12-16,tabasco,Mexico,851,33,37,6
2023-12-16,guerrero,Mexico,452,20,20,5
2023-12-16,chiapas,Mexico,467,28,19,0
2023-12-16,san luis potosí,Mexico,549,19,17,0
2023-12-16,hidalgo,Mexico,551,22,20,4
2023-12-16,oaxaca,Mexico,220,6,5,0
2023-12-16,aguascalientes,Mexico,443,12,13,2
2023-12-16,zacatecas,Mexico,273,12,12,1
2023-12-16,baja california sur,Mexico,317,10,8,1
2023-12-16,durango,Mexico,334,13,13,3
2023-12-16,campeche,Mexico,345,7,7,0
2023-12-16,nayarit,Mexico,227,4,1,0
2023-12-16,colima,Mexico,219,12,3,0
2023-12-16,tlaxcala,Mexico,218,9,9,1
2023-12-17,mexico city,Mexico,15057,692,636,84
2023-12-17,méxico,Mexico,6904,296,223,37
2023-12-17,nuevo león,Mexico,5162,193,149,17
2023-12-17,jalisco,Mexico,6816,337,262,24
2023-12-17,veracruz,Mexico,2153,68,66,5
2023-12-17,guanajuato,Mexico,1695,71,53,6
2023-12-17,sinaloa,Mexico,1669,62,38,3
2023-12-17,puebla,Mexico,1784,80,53,7
2023-12-17,querétaro,Mexico,1604,75,73,4
2023-12-17,baja california,Mexico,1570,36,28,2
2023-12-17,chihuahua,Mexico,1367,48,33,4
2023-12-17,sonora,Mexico,1432,53,42,2
2023-12-17,coahuila,Mexico,1226,37,32,5
2023-12-17,tamaulipas,Mexico,1199,40,33,2
2023-12-17,yucatán,Mexico,1446,65,51,3
2023-12-17,quintana roo,Mexico,1157,51,51,7
2023-12-17,michoacán,Mexico,1080,53,53,4
2023-12-17,morelos,Mexico,813,37,33,3
2023-12-17,tabasco,Mexico,751,26,21,1
2023-12-17,guerrero,Mexico,451,9,8,0
2023-12-17,chiapas,Mexico,427,18,15,3
2023-12-17,san luis potosí,Mexico,534,21,20,1
2023-12-17,hidalgo,Mexico,569,28,17,1
2023-12-17,oaxaca,Mexico,244,12,12,2
2023-12-17,aguascalientes,Mexico,456,15,14,2
2023-12-17,zacatecas,Mexico,331,16,9,0
2023-12-17,baja california sur,Mexico,312,14,8,0
2023-12-17,durango,Mexico,321,13,6,2
2023-12-17,campeche,Mexico,366,19,26,5
2023-12-17,nayarit,Mexico,270,9,8,1
2023-12-17,colima,Mexico,225,5,5,0
2023-12-17,tlaxcala,Mexico,235,6,3,1
2023-12-18,mexico city,Mexico,17175,814,739,111
2023-12-18,méxico,Mexico,7406,340,313,48
2023-12-18,nuevo león,Mexico,6009,258,204,30
2023-12-18,jalisco,Mexico,7084,328,293,31
2023-12-18,veracruz,Mexico,2467,112,89,5
2023-12-18,guanajuato,Mexico,1875,76,60,6
2023-12-18,sinaloa,Mexico,1837,68,55,3
2023-12-18,puebla,Mexico,2120,90,76,5
2023-12-18,querétaro,Mexico,1685,81,60,6
2023-12-18,baja california,Mexico,1789,62,53,1
2023-12-18,chihuahua,Mexico,1503,56,38,3
2023-12-18,sonora,Mexico,1608,69,52,7
2023-12-18,coahuila,Mexico,1413,53,43,3
2023-12-18,tamaulipas,Mexico,1348,42,26,3
2023-12-18,yucatán,Mexico,1715,63,59,5
2023-12-18,quintana roo,Mexico,1272,54,52,8
2023-12-18,michoacán,Mexico,1179,47,58,7
2023-12-18,morelos,Mexico,862,30,25,2
2023-12-18,tabasco,Mexico,931,41,36,2
2023-12-18,guerrero,Mexico,499,15,16,4
2023-12-18,chiapas,Mexico,553,21,15,1
2023-12-18,san luis potosí,Mexico,623,30,17,3
2023-12-18,hidalgo,Mexico,606,32,18,1
2023-12-18,oaxaca,Mexico,321,9,7,1
2023-12-18,aguascalientes,Mexico,511,26,23,2
2023-12-18,zacatecas,Mexico,345,15,12,1
2023-12-18,baja california sur,Mexico,329,16,8,0
2023-12-18,durango,Mexico,347,17,16,3
2023-12-18,campeche,Mexico,405,18,9,2
2023-12-18,nayarit,Mexico,299,9,8,1
2023-12-18,colima,Mexico,245,13,12,1
2023-12-18,tlaxcala,Mexico,300,19,15,2
2023-12-19,mexico city,Mexico,17884,943,862,120
2023-12-19,méxico,Mexico,7625,376,328,49
2023-12-19,nuevo león,Mexico,6151,264,224,17
2023-12-19,jalisco,Mexico,7295,367,308,25
2023-12-19,veracruz,Mexico,2222,105,89,8
2023-12-19,guanajuato,Mexico,1830,92,67,10
2023-12-19,sinaloa,Mexico,1760,79,63,7
2023-12-19,puebla,Mexico,2038,95,84,4
2023-12-19,querétaro,Mexico,1608,61,49,4
2023-12-19,baja california,Mexico,1733,66,48,2
2023-12-19,chihuahua,Mexico,1460,60,44,4
2023-12-19,sonora,Mexico,1561,63,46,2
2023-12-19,coahuila,Mexico,1382,57,46,9
2023-12-19,tamaulipas,Mexico,1384,53,44,1
2023-12-19,yucatán,Mexico,1641,76,66,8
2023-12-19,quintana roo,Mexico,1236,58,51,2
2023-12-19,michoacán,Mexico,1127,53,46,5
2023-12-19,morelos,Mexico,809,35,31,2
2023-12-19,tabasco,Mexico,876,27,20,1
2023-12-19,guerrero,Mexico,437,19,14,1
2023-12-19,chiapas,Mexico,513,20,19,0
2023-12-19,san luis potosí,Mexico,637,28,20,4
2023-12-19,hidalgo,Mexico,592,33,35,5
2023-12-19,oaxaca,Mexico,263,7,10,0
2023-12-19,aguascalientes,Mexico,484,23,21,3
2023-12-19,zacatecas,Mexico,381,10,14,1
2023-12-19,baja california sur,Mexico,342,21,9,2
2023-12-19,durango,Mexico,382,11,15,2
2023-12-19,campeche,Mexico,394,25,13,2
2023-12-19,nayarit,Mexico,277,12,14,0
2023-12-19,colima,Mexico,250,10,11,1
2023-12-19,tlaxcala,Mexico,232,10,7,0
2023-12-20,mexico city,Mexico,18152,899,860,128
2023-12-20,méxico,Mexico,7734,383,377,57
2023-12-20,nuevo león,Mexico,6307,266,233,18
2023-12-20,jalisco,Mexico,7092,365,319,31
2023-12-20,veracruz,Mexico,2247,89,76,5
2023-12-20,guanajuato,Mexico,1904,77,74,8
2023-12-20,sinaloa,Mexico,1833,86,59,3
2023-12-20,puebla,Mexico,2013,93,86,10
2023-12-20,querétaro,Mexico,1614,87,57,6
2023-12-20,baja california,Mexico,1707,55,48,3
2023-12-20,chihuahua,Mexico,1434,53,40,3
2023-12-20,sonora,Mexico,1424,57,54,3
2023-12-20,coahuila,Mexico,1361,67,44,4
2023-12-20,tamaulipas,Mexico,1370,49,44,2
2023-12-20,yucatán,Mexico,1665,63,59,2
2023-12-20,quintana roo,Mexico,1265,71,67,8
2023-12-20,michoacán,Mexico,1082,46,42,8
2023-12-20,morelos,Mexico,815,27,30,3
2023-12-20,tabasco,Mexico,770,34,28,4
2023-12-20,guerrero,Mexico,455,14,20,2
2023-12-20,chiapas,Mexico,449,18,20,3
2023-12-20,san luis potosí,Mexico,676,33,27,2
2023-12-20,hidalgo,Mexico,629,32,29,10
2023-12-20,oaxaca,Mexico,230,10,8,0
2023-12-20,aguascalientes,Mexico,523,17,19,2
2023-12-20,zacatecas,Mexico,340,20,13,1
2023-12-20,baja california sur,Mexico,331,12,11,0
2023-12-20,durango,Mexico,360,10,6,0
2023-12-20,campeche,Mexico,336,13,5,1
2023-12-20,nayarit,Mexico,293,12,11,0
2023-12-20,colima,Mexico,239,4,5,0
2023-12-20,tlaxcala,Mexico,244,10,10,0
2023-12-21,mexico city,Mexico,18358,815,691,97
2023-12-21,méxico,Mexico,7869,360,297,34
2023-12-21,nuevo león,Mexico,6256,248,201,9
2023-12-21,jalisco,Mexico,7352,337,281,20
2023-12-21,veracruz,Mexico,2359,103,68,4
2023-12-21,guanajuato,Mexico,1870,79,62,9
2023-12-21,sinaloa,Mexico,1916,70,62,3
2023-12-21,puebla,Mexico,2123,94,81,6
2023-12-21,querétaro,Mexico,1497,64,45,3
2023-12-21,baja california,Mexico,1752,58,37,1
2023-12-21,chihuahua,Mexico,1402,59,40,3
2023-12-21,sonora,Mexico,1468,56,34,2
2023-12-21,coahuila,Mexico,1431,52,41,3
2023-12-21,tamaulipas,Mexico,1332,45,29,1
2023-12-21,yucatán,Mexico,1688,74,55,5
2023-12-21,quintana roo,Mexico,1197,59,56,5
2023-12-21,michoacán,Mexico,1115,34,33,4
2023-12-21,morelos,Mexico,833,38,25,0
2023-12-21,tabasco,Mexico,853,28,27,2
2023-12-21,guerrero,Mexico,446,18,17,0
2023-12-21,chiapas,Mexico,522,24,17,4
2023-12-21,san luis potosí,Mexico,679,24,19,1
2023-12-21,hidalgo,Mexico,589,24,26,2
2023-12-21,oaxaca,Mexico,279,14,13,1
2023-12-21,aguascalientes,Mexico,492,22,11,0
2023-12-21,zacatecas,Mexico,379,16,12,0
2023-12-21,baja california sur,Mexico,350,10,5,2
2023-12-21,durango,Mexico,378,15,13,4
2023-12-21,campeche,Mexico,340,11,10,0
2023-12-21,nayarit,Mexico,281,8,6,1
2023-12-21,colima,Mexico,226,13,12,2
2023-12-21,tlaxcala,Mexico,266,5,2,0
2023-12-22,mexico city,Mexico,15878,642,571,69
2023-12-22,méxico,Mexico,6587,228,224,25
2023-12-22,nuevo león,Mexico,5379,214,161,13
2023-12-22,jalisco,Mexico,6422,234,224,23
2023-12-22,veracruz,Mexico,2159,79,68,4
2023-12-22,guanajuato,Mexico,1632,68,48,5
2023-12-22,sinaloa,Mexico,1748,64,52,5
2023-12-22,puebla,Mexico,1884,79,63,6
2023-12-22,querétaro,Mexico,1428,62,39,6
2023-12-22,baja california,Mexico,1774,65,45,7
2023-12-22,chihuahua,Mexico,1219,43,45,4
2023-12-22,sonora,Mexico,1324,47,33,3
2023-12-22,coahuila,Mexico,1306,46,25,2
2023-12-22,tamaulipas,Mexico,1178,31,25,1
2023-12-22,yucatán,Mexico,1370,35,31,4
2023-12-22,quintana roo,Mexico,1250,64,59,4
2023-12-22,michoacán,Mexico,1035,38,29,3
2023-12-22,morelos,Mexico,689,14,16,2
2023-12-22,tabasco,Mexico,777,32,29,0
2023-12-22,guerrero,Mexico,400,10,9,0
2023-12-22,chiapas,Mexico,457,15,11,3
2023-12-22,san luis potosí,Mexico,566,26,13,0
2023-12-22,hidalgo,Mexico,514,40,29,11
2023-12-22,oaxaca,Mexico,268,12,10,0
2023-12-22,aguascalientes,Mexico,384,22,13,1
2023-12-22,zacatecas,Mexico,295,17,11,1
2023-12-22,baja california sur,Mexico,336,15,9,0
2023-12-22,durango,Mexico,354,18,9,0
2023-12-22,campeche,Mexico,283,10,9,4
2023-12-22,nayarit,Mexico,261,12,8,0
2023-12-22,colima,Mexico,239,3,3,1
2023-12-22,tlaxcala,Mexico,219,14,11,0
2023-12-23,mexico city,Mexico,16850,585,473,48
2023-12-23,méxico,Mexico,7529,255,215,24
2023-12-23,nuevo león,Mexico,4724,140,125,5
2023-12-23,jalisco,Mexico,5899,194,162,12
2023-12-23,veracruz,Mexico,2003,57,54,7
2023-12-23,guanajuato,Mexico,1614,67,46,2
2023-12-23,sinaloa,Mexico,1462,65,42,0
2023-12-23,puebla,Mexico,1685,39,33,2
2023-12-23,querétaro,Mexico,1311,44,30,2
2023-12-23,baja california,Mexico,1390,33,36,0
2023-12-23,chihuahua,Mexico,1143,31,20,4
2023-12-23,sonora,Mexico,1119,23,15,0
2023-12-23,coahuila,Mexico,1165,46,39,3
2023-12-23,tamaulipas,Mexico,1120,29,25,3
2023-12-23,yucatán,Mexico,1330,42,27,2
2023-12-23,quintana roo,Mexico,1180,58,41,1
2023-12-23,michoacán,Mexico,1013,30,26,1
2023-12-23,morelos,Mexico,690,24,21,0
2023-12-23,tabasco,Mexico,711,26,21,1
2023-12-23,guerrero,Mexico,411,13,8,4
2023-12-23,chiapas,Mexico,426,9,15,1
2023-12-23,san luis potosí,Mexico,487,10,15,2
2023-12-23,hidalgo,Mexico,575,30,31,10
2023-12-23,oaxaca,Mexico,290,8,12,2
2023-12-23,aguascalientes,Mexico,384,12,10,1
2023-12-23,zacatecas,Mexico,282,12,7,0
2023-12-23,baja california sur,Mexico,298,5,4,1
2023-12-23,durango,Mexico,266,9,9,0
2023-12-23,campeche,Mexico,291,6,1,0
2023-12-23,nayarit,Mexico,192,8,11,1
2023-12-23,colima,Mexico,198,4,6,0
2023-12-23,tlaxcala,Mexico,252,8,11,1
2023-12-24,mexico city,Mexico,6707,292,257,20
2023-12-24,méxico,Mexico,3148,129,135,17
2023-12-24,nuevo león,Mexico,2050,72,55,4
2023-12-24,jalisco,Mexico,2489,99,93,9
2023-12-24,veracruz,Mexico,1043,29,24,2
2023-12-24,guanajuato,Mexico,714,32,27,3
2023-12-24,sinaloa,Mexico,743,31,29,2
2023-12-24,puebla,Mexico,773,36,25,4
2023-12-24,querétaro,Mexico,595,25,25,1
2023-12-24,baja california,Mexico,690,17,17,0
2023-12-24,chihuahua,Mexico,500,12,8,1
2023-12-24,sonora,Mexico,545,16,12,0
2023-12-24,coahuila,Mexico,530,15,17,2
2023-12-24,tamaulipas,Mexico,514,14,17,3
2023-12-24,yucatán,Mexico,576,16,17,3
2023-12-24,quintana roo,Mexico,534,14,12,0
2023-12-24,michoacán,Mexico,510,24,19,0
2023-12-24,morelos,Mexico,382,13,23,2
2023-12-24,tabasco,Mexico,379,19,17,1
2023-12-24,guerrero,Mexico,203,10,7,0
2023-12-24,chiapas,Mexico,192,8,4,1
2023-12-24,san luis potosí,Mexico,180,12,7,0
2023-12-24,hidalgo,Mexico,269,11,12,1
2023-12-24,oaxaca,Mexico,155,1,5,0
2023-12-24,aguascalientes,Mexico,148,6,8,1
2023-12-24,zacatecas,Mexico,132,2,0,0
2023-12-24,baja california sur,Mexico,161,2,2,1
2023-12-24,durango,Mexico,146,9,8,1
2023-12-24,campeche,Mexico,170,8,5,0
2023-12-24,nayarit,Mexico,129,5,7,0
2023-12-24,colima,Mexico,95,1,1,0
2023-12-24,tlaxcala,Mexico,96,6,7,2
2023-12-25,mexico city,Mexico,5655,246,219,32
2023-12-25,méxico,Mexico,2909,114,128,24
2023-12-25,nuevo león,Mexico,1790,51,45,6
2023-12-25,jalisco,Mexico,2090,100,77,11
2023-12-25,veracruz,Mexico,1011,44,37,2
2023-12-25,guanajuato,Mexico,664,27,23,2
2023-12-25,sinaloa,Mexico,558,24,22,3
2023-12-25,puebla,Mexico,664,33,23,2
2023-12-25,querétaro,Mexico,527,28,29,3
2023-12-25,baja california,Mexico,553,13,9,0
2023-12-25,chihuahua,Mexico,468,19,13,4
2023-12-25,sonora,Mexico,410,9,3,0
2023-12-25,coahuila,Mexico,489,19,18,0
2023-12-25,tamaulipas,Mexico,526,17,14,1
2023-12-25,yucatán,Mexico,480,17,14,1
2023-12-25,quintana roo,Mexico,439,28,21,3
2023-12-25,michoacán,Mexico,410,17,21,3
2023-12-25,morelos,Mexico,332,13,14,2
2023-12-25,tabasco,Mexico,366,12,14,0
2023-12-25,guerrero,Mexico,209,6,6,0
2023-12-25,chiapas,Mexico,163,6,7,1
2023-12-25,san luis potosí,Mexico,181,3,5,1
2023-12-25,hidalgo,Mexico,216,9,8,1
2023-12-25,oaxaca,Mexico,103,5,3,0
2023-12-25,aguascalientes,Mexico,169,5,6,0
2023-12-25,zacatecas,Mexico,114,2,1,0
2023-12-25,baja california sur,Mexico,128,5,4,0
2023-12-25,durango,Mexico,100,2,1,0
2023-12-25,campeche,Mexico,125,9,8,1
2023-12-25,nayarit,Mexico,98,3,3,1
2023-12-25,colima,Mexico,78,1,2,0
2023-12-25,tlaxcala,Mexico,75,4,2,0
2023-12-26,mexico city,Mexico,7600,407,397,56
2023-12-26,méxico,Mexico,3694,192,216,30
2023-12-26,nuevo león,Mexico,2190,99,72,9
2023-12-26,jalisco,Mexico,2853,135,125,8
2023-12-26,veracruz,Mexico,1106,49,45,5
2023-12-26,guanajuato,Mexico,895,41,34,2
2023-12-26,sinaloa,Mexico,634,32,23,1
2023-12-26,puebla,Mexico,894,55,44,6
2023-12-26,querétaro,Mexico,691,38,43,5
2023-12-26,baja california,Mexico,598,21,14,0
2023-12-26,chihuahua,Mexico,499,16,6,1
2023-12-26,sonora,Mexico,549,23,19,2
2023-12-26,coahuila,Mexico,562,23,19,2
2023-12-26,tamaulipas,Mexico,541,19,14,2
2023-12-26,yucatán,Mexico,661,24,26,3
2023-12-26,quintana roo,Mexico,521,22,23,1
2023-12-26,michoacán,Mexico,572,29,18,0
2023-12-26,morelos,Mexico,349,13,12,1
2023-12-26,tabasco,Mexico,426,22,16,2
2023-12-26,guerrero,Mexico,176,7,4,2
2023-12-26,chiapas,Mexico,231,14,11,1
2023-12-26,san luis potosí,Mexico,223,12,9,2
2023-12-26,hidalgo,Mexico,364,23,28,3
2023-12-26,oaxaca,Mexico,135,10,8,0
2023-12-26,aguascalientes,Mexico,155,10,5,1
2023-12-26,zacatecas,Mexico,147,8,11,2
2023-12-26,baja california sur,Mexico,167,9,5,0
2023-12-26,durango,Mexico,155,2,1,0
2023-12-26,campeche,Mexico,170,8,2,1
2023-12-26,nayarit,Mexico,91,5,3,0
2023-12-26,colima,Mexico,96,5,5,1
2023-12-26,tlaxcala,Mexico,125,8,8,0
2023-12-27,mexico city,Mexico,8681,476,450,49
2023-12-27,méxico,Mexico,3935,223,217,21
2023-12-27,nuevo león,Mexico,2108,102,76,5
2023-12-27,jalisco,Mexico,2973,157,125,15
2023-12-27,veracruz,Mexico,1166,46,41,6
2023-12-27,guanajuato,Mexico,939,54,45,3
2023-12-27,sinaloa,Mexico,682,33,28,4
2023-12-27,puebla,Mexico,948,44,41,5
2023-12-27,querétaro,Mexico,642,34,27,3
2023-12-27,baja california,Mexico,715,21,19,4
2023-12-27,chihuahua,Mexico,632,17,16,4
2023-12-27,sonora,Mexico,583,29,19,0
2023-12-27,coahuila,Mexico,584,19,21,2
2023-12-27,tamaulipas,Mexico,534,24,16,0
2023-12-27,yucatán,Mexico,782,35,24,5
2023-12-27,quintana roo,Mexico,567,29,27,0
2023-12-27,michoacán,Mexico,523,24,23,3
2023-12-27,morelos,Mexico,369,14,13,1
2023-12-27,tabasco,Mexico,458,16,17,5
2023-12-27,guerrero,Mexico,227,8,9,0
2023-12-27,chiapas,Mexico,207,4,4,1
2023-12-27,san luis potosí,Mexico,241,13,12,0
2023-12-27,hidalgo,Mexico,369,28,35,14
2023-12-27,oaxaca,Mexico,150,3,1,0
2023-12-27,aguascalientes,Mexico,212,14,10,2
2023-12-27,zacatecas,Mexico,169,7,3,1
2023-12-27,baja california sur,Mexico,188,5,7,0
2023-12-27,durango,Mexico,146,2,1,0
2023-12-27,campeche,Mexico,177,12,10,1
2023-12-27,nayarit,Mexico,109,5,3,0
2023-12-27,colima,Mexico,110,12,7,0
2023-12-27,tlaxcala,Mexico,137,7,12,0
2023-12-28,mexico city,Mexico,9720,537,518,61
2023-12-28,méxico,Mexico,4573,242,248,27
2023-12-28,nuevo león,Mexico,2462,105,89,11
2023-12-28,jalisco,Mexico,3417,164,149,22
2023-12-28,veracruz,Mexico,1463,78,82,7
2023-12-28,guanajuato,Mexico,1153,75,73,7
2023-12-28,sinaloa,Mexico,807,38,28,1
2023-12-28,puebla,Mexico,1155,66,52,7
2023-12-28,querétaro,Mexico,868,33,26,5
2023-12-28,baja california,Mexico,744,17,12,1
2023-12-28,chihuahua,Mexico,596,21,22,2
2023-12-28,sonora,Mexico,613,30,20,2
2023-12-28,coahuila,Mexico,632,19,9,0
2023-12-28,tamaulipas,Mexico,631,23,19,1
2023-12-28,yucatán,Mexico,842,42,43,6
2023-12-28,quintana roo,Mexico,655,34,33,0
2023-12-28,michoacán,Mexico,631,25,23,3
2023-12-28,morelos,Mexico,509,33,23,1
2023-12-28,tabasco,Mexico,578,26,22,1
2023-12-28,guerrero,Mexico,299,15,14,3
2023-12-28,chiapas,Mexico,282,10,10,0
2023-12-28,san luis potosí,Mexico,290,11,7,0
2023-12-28,hidalgo,Mexico,408,27,24,7
2023-12-28,oaxaca,Mexico,179,9,5,1
2023-12-28,aguascalientes,Mexico,245,10,7,2
2023-12-28,zacatecas,Mexico,195,9,10,0
2023-12-28,baja california sur,Mexico,201,8,8,0
2023-12-28,durango,Mexico,157,7,5,0
2023-12-28,campeche,Mexico,235,11,13,2
2023-12-28,nayarit,Mexico,117,0,3,1
2023-12-28,colima,Mexico,125,12,5,1
2023-12-28,tlaxcala,Mexico,185,13,12,0
2023-12-29,mexico city,Mexico,9876,520,426,53
2023-12-29,méxico,Mexico,4579,249,241,18
2023-12-29,nuevo león,Mexico,2462,104,81,5
2023-12-29,jalisco,Mexico,3383,167,144,8
2023-12-29,veracruz,Mexico,1412,63,48,3
2023-12-29,guanajuato,Mexico,1169,52,50,6
2023-12-29,sinaloa,Mexico,841,26,19,2
2023-12-29,puebla,Mexico,1147,55,49,4
2023-12-29,querétaro,Mexico,831,44,33,5
2023-12-29,baja california,Mexico,782,23,21,3
2023-12-29,chihuahua,Mexico,570,23,16,3
2023-12-29,sonora,Mexico,645,27,21,1
2023-12-29,coahuila,Mexico,639,21,15,0
2023-12-29,tamaulipas,Mexico,692,14,13,1
2023-12-29,yucatán,Mexico,800,38,41,4
2023-12-29,quintana roo,Mexico,646,37,34,1
2023-12-29,michoacán,Mexico,700,29,23,0
2023-12-29,morelos,Mexico,487,15,12,1
2023-12-29,tabasco,Mexico,539,29,19,1
2023-12-29,guerrero,Mexico,307,16,15,1
2023-12-29,chiapas,Mexico,291,11,11,0
2023-12-29,san luis potosí,Mexico,300,9,11,2
2023-12-29,hidalgo,Mexico,429,28,25,4
2023-12-29,oaxaca,Mexico,164,5,2,0
2023-12-29,aguascalientes,Mexico,226,9,9,1
2023-12-29,zacatecas,Mexico,193,6,8,0
2023-12-29,baja california sur,Mexico,187,8,5,0
2023-12-29,durango,Mexico,153,2,7,1
2023-12-29,campeche,Mexico,224,10,6,0
2023-12-29,nayarit,Mexico,109,3,0,0
2023-12-29,colima,Mexico,122,4,3,0
2023-12-29,tlaxcala,Mexico,155,11,10,1
2023-12-30,mexico city,Mexico,10216,469,448,45
2023-12-30,méxico,Mexico,4856,254,250,35
2023-12-30,nuevo león,Mexico,2455,90,64,4
2023-12-30,jalisco,Mexico,3624,159,124,12
2023-12-30,veracruz,Mexico,1490,80,55,9
2023-12-30,guanajuato,Mexico,1243,65,62,10
2023-12-30,sinaloa,Mexico,855,37,21,5
2023-12-30,puebla,Mexico,1250,61,51,2
2023-12-30,querétaro,Mexico,886,40,34,4
2023-12-30,baja california,Mexico,867,24,19,1
2023-12-30,chihuahua,Mexico,566,24,13,0
2023-12-30,sonora,Mexico,613,23,16,4
2023-12-30,coahuila,Mexico,672,29,16,0
2023-12-30,tamaulipas,Mexico,647,17,16,0
2023-12-30,yucatán,Mexico,855,37,22,2
2023-12-30,quintana roo,Mexico,658,31,19,2
2023-12-30,michoacán,Mexico,706,22,28,4
2023-12-30,morelos,Mexico,505,11,17,2
2023-12-30,tabasco,Mexico,544,17,12,2
2023-12-30,guerrero,Mexico,342,18,13,1
2023-12-30,chiapas,Mexico,339,14,10,1
2023-12-30,san luis potosí,Mexico,294,14,10,0
2023-12-30,hidalgo,Mexico,438,26,25,8
2023-12-30,oaxaca,Mexico,143,3,5,1
2023-12-30,aguascalientes,Mexico,227,6,4,1
2023-12-30,zacatecas,Mexico,191,7,8,0
2023-12-30,baja california sur,Mexico,194,6,5,1
2023-12-30,durango,Mexico,167,10,8,0
2023-12-30,campeche,Mexico,253,10,9,3
2023-12-30,nayarit,Mexico,144,3,2,0
2023-12-30,colima,Mexico,136,3,4,0
2023-12-30,tlaxcala,Mexico,176,8,5,0
2023-12-31,mexico city,Mexico,8362,381,334,42
2023-12-31,méxico,Mexico,4121,184,205,23
2023-12-31,nuevo león,Mexico,2163,65,35,3
2023-12-31,jalisco,Mexico,3273,138,113,11
2023-12-31,veracruz,Mexico,1288,52,45,2
2023-12-31,guanajuato,Mexico,1134,53,46,5
2023-12-31,sinaloa,Mexico,682,22,15,1
2023-12-31,puebla,Mexico,977,40,41,5
2023-12-31,querétaro,Mexico,766,41,39,6
2023-12-31,baja california,Mexico,745,15,12,0
2023-12-31,chihuahua,Mexico,558,29,27,1
2023-12-31,sonora,Mexico,538,20,14,1
2023-12-31,coahuila,Mexico,562,15,15,0
2023-12-31,tamaulipas,Mexico,552,13,14,1
2023-12-31,yucatán,Mexico,728,34,24,2
2023-12-31,quintana roo,Mexico,554,19,18,0
2023-12-31,michoacán,Mexico,645,32,27,2
2023-12-31,morelos,Mexico,477,14,9,1
2023-12-31,tabasco,Mexico,471,19,10,1
2023-12-31,guerrero,Mexico,303,16,12,2
2023-12-31,chiapas,Mexico,275,4,5,0
2023-12-31,san luis potosí,Mexico,250,10,8,1
2023-12-31,hidalgo,Mexico,333,14,14,0
2023-12-31,oaxaca,Mexico,150,9,6,0
2023-12-31,aguascalientes,Mexico,218,9,9,1
2023-12-31,zacatecas,Mexico,194,5,10,0
2023-12-31,baja california sur,Mexico,178,7,4,1
2023-12-31,durango,Mexico,142,0,2,0
2023-12-31,campeche,Mexico,181,9,7,0
2023-12-31,nayarit,Mexico,134,9,3,0
2023-12-31,colima,Mexico,117,2,4,0
2023-12-31,tlaxcala,Mexico,148,17,16,0
2024-01-01,mexico city,Mexico,11783,438,366,37
2024-01-01,méxico,Mexico,6158,214,183,17
2024-01-01,nuevo león,Mexico,2997,91,69,5
2024-01-01,jalisco,Mexico,4522,156,118,11
2024-01-01,veracruz,Mexico,1888,55,49,7
2024-01-01,guanajuato,Mexico,1576,54,39,5
2024-01-01,sinaloa,Mexico,895,28,23,2
2024-01-01,puebla,Mexico,1449,53,37,2
2024-01-01,querétaro,Mexico,958,34,23,4
2024-01-01,baja california,Mexico,912,33,24,2
2024-01-01,chihuahua,Mexico,733,22,19,0
2024-01-01,sonora,Mexico,661,16,14,3
2024-01-01,coahuila,Mexico,849,25,18,2
2024-01-01,tamaulipas,Mexico,733,11,12,1
2024-01-01,yucatán,Mexico,1066,40,29,5
2024-01-01,quintana roo,Mexico,756,26,15,1
2024-01-01,michoacán,Mexico,1055,41,30,1
2024-01-01,morelos,Mexico,679,22,17,2
2024-01-01,tabasco,Mexico,668,19,10,0
2024-01-01,guerrero,Mexico,525,31,17,1
2024-01-01,chiapas,Mexico,406,15,13,2
2024-01-01,san luis potosí,Mexico,334,13,9,1
2024-01-01,hidalgo,Mexico,437,11,13,0
2024-01-01,oaxaca,Mexico,262,5,4,0
2024-01-01,aguascalientes,Mexico,310,9,6,0
2024-01-01,zacatecas,Mexico,260,4,5,0
2024-01-01,baja california sur,Mexico,240,9,8,1
2024-01-01,durango,Mexico,233,8,8,1
2024-01-01,campeche,Mexico,315,11,7,0
2024-01-01,nayarit,Mexico,170,8,6,1
2024-01-01,colima,Mexico,179,5,3,0
2024-01-01,tlaxcala,Mexico,185,9,9,0
2024-01-02,mexico city,Mexico,11003,620,530,75
2024-01-02,méxico,Mexico,5112,272,226,23
2024-01-02,nuevo león,Mexico,2684,116,88,6
2024-01-02,jalisco,Mexico,3705,183,162,22
2024-01-02,veracruz,Mexico,1602,76,58,7
2024-01-02,guanajuato,Mexico,1263,68,54,5
2024-01-02,sinaloa,Mexico,773,27,23,5
2024-01-02,puebla,Mexico,1169,41,44,5
2024-01-02,querétaro,Mexico,965,43,42,6
2024-01-02,baja california,Mexico,814,23,19,3
2024-01-02,chihuahua,Mexico,649,26,33,6
2024-01-02,sonora,Mexico,637,24,17,1
2024-01-02,coahuila,Mexico,700,25,16,2
2024-01-02,tamaulipas,Mexico,729,25,20,1
2024-01-02,yucatán,Mexico,855,31,29,3
2024-01-02,quintana roo,Mexico,626,28,27,1
2024-01-02,michoacán,Mexico,824,45,43,5
2024-01-02,morelos,Mexico,555,31,21,3
2024-01-02,tabasco,Mexico,674,25,19,5
2024-01-02,guerrero,Mexico,342,11,13,0
2024-01-02,chiapas,Mexico,356,22,15,0
2024-01-02,san luis potosí,Mexico,353,10,9,0
2024-01-02,hidalgo,Mexico,447,24,22,1
2024-01-02,oaxaca,Mexico,191,7,4,0
2024-01-02,aguascalientes,Mexico,226,11,11,2
2024-01-02,zacatecas,Mexico,233,13,10,1
2024-01-02,baja california sur,Mexico,195,5,3,1
2024-01-02,durango,Mexico,190,11,9,1
2024-01-02,campeche,Mexico,224,8,6,1
2024-01-02,nayarit,Mexico,117,9,5,1
2024-01-02,colima,Mexico,136,7,7,1
2024-01-02,tlaxcala,Mexico,181,12,14,2
2024-01-03,mexico city,Mexico,11726,602,545,68
2024-01-03,méxico,Mexico,5680,316,301,42
2024-01-03,nuevo león,Mexico,2876,122,103,17
2024-01-03,jalisco,Mexico,3849,195,164,21
2024-01-03,veracruz,Mexico,1756,94,78,10
2024-01-03,guanajuato,Mexico,1418,71,80,4
2024-01-03,sinaloa,Mexico,892,40,30,3
2024-01-03,puebla,Mexico,1371,70,58,5
2024-01-03,querétaro,Mexico,1053,63,44,4
2024-01-03,baja california,Mexico,888,31,25,3
2024-01-03,chihuahua,Mexico,714,27,20,0
2024-01-03,sonora,Mexico,697,37,16,2
2024-01-03,coahuila,Mexico,713,16,11,1
2024-01-03,tamaulipas,Mexico,748,27,21,2
2024-01-03,yucatán,Mexico,952,49,37,7
2024-01-03,quintana roo,Mexico,729,34,30,0
2024-01-03,michoacán,Mexico,813,45,37,3
2024-01-03,morelos,Mexico,605,20,18,1
2024-01-03,tabasco,Mexico,743,32,26,3
2024-01-03,guerrero,Mexico,348,21,22,3
2024-01-03,chiapas,Mexico,334,13,13,1
2024-01-03,san luis potosí,Mexico,345,23,13,2
2024-01-03,hidalgo,Mexico,473,29,29,12
2024-01-03,oaxaca,Mexico,210,13,10,0
2024-01-03,aguascalientes,Mexico,261,16,15,3
2024-01-03,zacatecas,Mexico,244,11,8,0
2024-01-03,baja california sur,Mexico,229,11,6,1
2024-01-03,durango,Mexico,176,11,5,0
2024-01-03,campeche,Mexico,282,13,15,5
2024-01-03,nayarit,Mexico,147,8,7,3
2024-01-03,colima,Mexico,151,9,9,1
2024-01-03,tlaxcala,Mexico,183,10,11,1
2024-01-04,mexico city,Mexico,11627,630,615,49
2024-01-04,méxico,Mexico,5375,279,289,32
2024-01-04,nuevo león,Mexico,2751,128,94,11
2024-01-04,jalisco,Mexico,3802,192,146,25
2024-01-04,veracruz,Mexico,1704,92,72,2
2024-01-04,guanajuato,Mexico,1328,70,66,5
2024-01-04,sinaloa,Mexico,851,39,31,6
2024-01-04,puebla,Mexico,1255,61,47,1
2024-01-04,querétaro,Mexico,1004,53,35,3
2024-01-04,baja california,Mexico,793,21,18,0
2024-01-04,chihuahua,Mexico,686,28,28,3
2024-01-04,sonora,Mexico,733,23,26,2
2024-01-04,coahuila,Mexico,714,21,33,3
2024-01-04,tamaulipas,Mexico,685,33,21,2
2024-01-04,yucatán,Mexico,833,47,33,6
2024-01-04,quintana roo,Mexico,689,40,37,4
2024-01-04,michoacán,Mexico,692,32,23,1
2024-01-04,morelos,Mexico,587,26,25,3
2024-01-04,tabasco,Mexico,672,20,15,2
2024-01-04,guerrero,Mexico,337,17,18,4
2024-01-04,chiapas,Mexico,333,24,20,1
2024-01-04,san luis potosí,Mexico,330,9,4,0
2024-01-04,hidalgo,Mexico,445,23,27,5
2024-01-04,oaxaca,Mexico,194,9,4,1
2024-01-04,aguascalientes,Mexico,250,13,5,0
2024-01-04,zacatecas,Mexico,194,5,3,1
2024-01-04,baja california sur,Mexico,207,12,12,1
2024-01-04,durango,Mexico,169,6,9,3
2024-01-04,campeche,Mexico,236,13,7,1
2024-01-04,nayarit,Mexico,121,5,4,1
2024-01-04,colima,Mexico,101,3,5,0
2024-01-04,tlaxcala,Mexico,178,11,8,0
2024-01-05,mexico city,Mexico,10212,459,411,56
2024-01-05,méxico,Mexico,4521,188,199,13
2024-01-05,nuevo león,Mexico,2592,102,76,12
2024-01-05,jalisco,Mexico,3503,151,133,13
2024-01-05,veracruz,Mexico,1661,75,53,8
2024-01-05,guanajuato,Mexico,1175,57,54,3
2024-01-05,sinaloa,Mexico,814,40,24,3
2024-01-05,puebla,Mexico,1220,52,42,3
2024-01-05,querétaro,Mexico,869,37,17,1
2024-01-05,baja california,Mexico,804,30,23,3
2024-01-05,chihuahua,Mexico,657,20,15,3
2024-01-05,sonora,Mexico,685,31,17,1
2024-01-05,coahuila,Mexico,671,27,20,1
2024-01-05,tamaulipas,Mexico,663,22,22,3
2024-01-05,yucatán,Mexico,859,31,34,3
2024-01-05,quintana roo,Mexico,724,42,32,2
2024-01-05,michoacán,Mexico,627,22,21,3
2024-01-05,morelos,Mexico,539,18,17,2
2024-01-05,tabasco,Mexico,622,29,23,2
2024-01-05,guerrero,Mexico,307,17,15,1
2024-01-05,chiapas,Mexico,346,9,12,2
2024-01-05,san luis potosí,Mexico,296,16,10,2
2024-01-05,hidalgo,Mexico,366,17,15,3
2024-01-05,oaxaca,Mexico,174,9,5,1
2024-01-05,aguascalientes,Mexico,209,7,9,0
2024-01-05,zacatecas,Mexico,189,12,9,0
2024-01-05,baja california sur,Mexico,206,9,8,1
2024-01-05,durango,Mexico,145,6,4,1
2024-01-05,campeche,Mexico,278,14,11,2
2024-01-05,nayarit,Mexico,99,7,5,0
2024-01-05,colima,Mexico,111,5,4,1
2024-01-05,tlaxcala,Mexico,165,10,5,0
2024-01-06,mexico city,Mexico,9977,441,411,62
2024-01-06,méxico,Mexico,4863,195,154,18
2024-01-06,nuevo león,Mexico,2710,110,86,14
2024-01-06,jalisco,Mexico,3441,149,125,18
2024-01-06,veracruz,Mexico,1699,73,64,8
2024-01-06,guanajuato,Mexico,1188,57,63,6
2024-01-06,sinaloa,Mexico,892,35,35,3
2024-01-06,puebla,Mexico,1268,58,43,4
2024-01-06,querétaro,Mexico,910,37,35,7
2024-01-06,baja california,Mexico,805,22,16,1
2024-01-06,chihuahua,Mexico,810,21,19,5
2024-01-06,sonora,Mexico,681,24,18,1
2024-01-06,coahuila,Mexico,576,29,29,6
2024-01-06,tamaulipas,Mexico,681,25,20,2
2024-01-06,yucatán,Mexico,858,41,31,6
2024-01-06,quintana roo,Mexico,673,32,28,3
2024-01-06,michoacán,Mexico,717,36,26,4
2024-01-06,morelos,Mexico,536,29,23,4
2024-01-06,tabasco,Mexico,664,23,15,3
2024-01-06,guerrero,Mexico,325,11,19,0
2024-01-06,chiapas,Mexico,312,7,13,1
2024-01-06,san luis potosí,Mexico,324,16,7,0
2024-01-06,hidalgo,Mexico,354,14,11,3
2024-01-06,oaxaca,Mexico,211,5,6,0
2024-01-06,aguascalientes,Mexico,246,15,10,2
2024-01-06,zacatecas,Mexico,219,10,10,1
2024-01-06,baja california sur,Mexico,199,11,8,0
2024-01-06,durango,Mexico,182,4,3,0
2024-01-06,campeche,Mexico,241,8,5,0
2024-01-06,nayarit,Mexico,144,1,3,0
2024-01-06,colima,Mexico,130,7,5,1
2024-01-06,tlaxcala,Mexico,158,3,4,2
2024-01-07,mexico city,Mexico,11918,469,353,49
2024-01-07,méxico,Mexico,6113,218,176,25
2024-01-07,nuevo león,Mexico,3454,114,72,5
2024-01-07,jalisco,Mexico,4169,167,116,15
2024-01-07,veracruz,Mexico,1986,94,78,9
2024-01-07,guanajuato,Mexico,1443,59,45,4
2024-01-07,sinaloa,Mexico,981,47,37,4
2024-01-07,puebla,Mexico,1447,75,50,5
2024-01-07,querétaro,Mexico,1089,48,36,4
2024-01-07,baja california,Mexico,1009,28,17,1
2024-01-07,chihuahua,Mexico,859,31,24,3
2024-01-07,sonora,Mexico,814,33,34,9
2024-01-07,coahuila,Mexico,850,32,36,4
2024-01-07,tamaulipas,Mexico,861,31,13,0
2024-01-07,yucatán,Mexico,948,39,31,1
2024-01-07,quintana roo,Mexico,888,46,29,2
2024-01-07,michoacán,Mexico,892,27,28,4
2024-01-07,morelos,Mexico,672,21,16,1
2024-01-07,tabasco,Mexico,699,30,20,1
2024-01-07,guerrero,Mexico,377,11,7,0
2024-01-07,chiapas,Mexico,418,23,19,1
2024-01-07,san luis potosí,Mexico,446,20,9,2
2024-01-07,hidalgo,Mexico,497,18,8,0
2024-01-07,oaxaca,Mexico,240,7,7,2
2024-01-07,aguascalientes,Mexico,317,16,19,0
2024-01-07,zacatecas,Mexico,247,10,7,1
2024-01-07,baja california sur,Mexico,236,8,6,1
2024-01-07,durango,Mexico,238,5,3,0
2024-01-07,campeche,Mexico,308,13,13,2
2024-01-07,nayarit,Mexico,158,2,4,1
2024-01-07,colima,Mexico,144,4,2,1
2024-01-07,tlaxcala,Mexico,197,2,2,0
2024-01-08,mexico city,Mexico,12084,491,397,64
2024-01-08,méxico,Mexico,5405,216,198,29
2024-01-08,nuevo león,Mexico,3563,140,89,11
2024-01-08,jalisco,Mexico,4288,180,150,16
2024-01-08,veracruz,Mexico,1806,79,55,5
2024-01-08,guanajuato,Mexico,1412,48,52,6
2024-01-08,sinaloa,Mexico,1071,39,39,5
2024-01-08,puebla,Mexico,1442,44,41,3
2024-01-08,querétaro,Mexico,1082,41,27,8
2024-01-08,baja california,Mexico,950,27,22,5
2024-01-08,chihuahua,Mexico,827,31,25,2
2024-01-08,sonora,Mexico,968,25,15,3
2024-01-08,coahuila,Mexico,803,26,18,4
2024-01-08,tamaulipas,Mexico,892,30,29,4
2024-01-08,yucatán,Mexico,1081,45,38,4
2024-01-08,quintana roo,Mexico,833,41,27,3
2024-01-08,michoacán,Mexico,824,30,20,3
2024-01-08,morelos,Mexico,560,21,20,4
2024-01-08,tabasco,Mexico,780,37,38,5
2024-01-08,guerrero,Mexico,422,24,14,0
2024-01-08,chiapas,Mexico,368,18,14,2
2024-01-08,san luis potosí,Mexico,397,9,6,1
2024-01-08,hidalgo,Mexico,447,18,14,3
2024-01-08,oaxaca,Mexico,246,8,5,1
2024-01-08,aguascalientes,Mexico,270,11,12,3
2024-01-08,zacatecas,Mexico,240,6,5,2
2024-01-08,baja california sur,Mexico,222,7,4,1
2024-01-08,durango,Mexico,226,10,11,5
2024-01-08,campeche,Mexico,314,9,7,0
2024-01-08,nayarit,Mexico,163,7,9,1
2024-01-08,colima,Mexico,151,11,9,0
2024-01-08,tlaxcala,Mexico,181,8,4,1
2024-01-09,mexico city,Mexico,11350,521,408,57
2024-01-09,méxico,Mexico,5161,228,186,21
2024-01-09,nuevo león,Mexico,3223,136,103,15
2024-01-09,jalisco,Mexico,4017,167,129,19
2024-01-09,veracruz,Mexico,1718,67,47,5
2024-01-09,guanajuato,Mexico,1285,52,41,5
2024-01-09,sinaloa,Mexico,1018,45,37,4
2024-01-09,puebla,Mexico,1248,48,42,1
2024-01-09,querétaro,Mexico,1001,31,16,2
2024-01-09,baja california,Mexico,951,26,21,3
2024-01-09,chihuahua,Mexico,830,36,29,5
2024-01-09,sonora,Mexico,813,18,14,0
2024-01-09,coahuila,Mexico,830,23,8,1
2024-01-09,tamaulipas,Mexico,859,34,20,1
2024-01-09,yucatán,Mexico,1047,41,30,8
2024-01-09,quintana roo,Mexico,776,42,24,2
2024-01-09,michoacán,Mexico,790,37,21,6
2024-01-09,morelos,Mexico,604,16,11,3
2024-01-09,tabasco,Mexico,791,34,34,6
2024-01-09,guerrero,Mexico,378,18,20,4
2024-01-09,chiapas,Mexico,371,25,14,4
2024-01-09,san luis potosí,Mexico,403,18,12,2
2024-01-09,hidalgo,Mexico,426,23,11,2
2024-01-09,oaxaca,Mexico,198,20,13,0
2024-01-09,aguascalientes,Mexico,279,10,7,3
2024-01-09,zacatecas,Mexico,185,11,6,0
2024-01-09,baja california sur,Mexico,215,16,7,3
2024-01-09,durango,Mexico,214,2,1,0
2024-01-09,campeche,Mexico,256,10,6,1
2024-01-09,nayarit,Mexico,166,8,3,1
2024-01-09,colima,Mexico,131,9,5,1
2024-01-09,tlaxcala,Mexico,150,5,2,0
2024-01-10,mexico city,Mexico,11208,436,359,41
2024-01-10,méxico,Mexico,5219,198,163,22
2024-01-10,nuevo león,Mexico,3479,137,97,19
2024-01-10,jalisco,Mexico,4072,174,132,17
2024-01-10,veracruz,Mexico,1665,65,44,7
2024-01-10,guanajuato,Mexico,1281,59,42,4
2024-01-10,sinaloa,Mexico,1056,36,25,1
2024-01-10,puebla,Mexico,1288,55,36,5
2024-01-10,querétaro,Mexico,972,32,23,9
2024-01-10,baja california,Mexico,1032,38,20,2
2024-01-10,chihuahua,Mexico,899,53,35,4
2024-01-10,sonora,Mexico,885,31,21,2
2024-01-10,coahuila,Mexico,839,33,29,3
2024-01-10,tamaulipas,Mexico,949,37,32,1
2024-01-10,yucatán,Mexico,1051,41,30,8
2024-01-10,quintana roo,Mexico,822,28,24,3
2024-01-10,michoacán,Mexico,777,28,21,2
2024-01-10,morelos,Mexico,593,30,17,6
2024-01-10,tabasco,Mexico,750,31,27,3
2024-01-10,guerrero,Mexico,407,19,13,1
2024-01-10,chiapas,Mexico,361,14,10,1
2024-01-10,san luis potosí,Mexico,416,11,7,0
2024-01-10,hidalgo,Mexico,471,15,13,4
2024-01-10,oaxaca,Mexico,223,20,11,1
2024-01-10,aguascalientes,Mexico,269,13,13,1
2024-01-10,zacatecas,Mexico,244,13,7,0
2024-01-10,baja california sur,Mexico,262,13,6,0
2024-01-10,durango,Mexico,244,17,7,0
2024-01-10,campeche,Mexico,306,6,10,1
2024-01-10,nayarit,Mexico,159,8,9,0
2024-01-10,colima,Mexico,158,6,8,2
2024-01-10,tlaxcala,Mexico,175,8,6,0
2024-01-11,mexico city,Mexico,9787,411,372,58
2024-01-11,méxico,Mexico,4476,179,166,17
2024-01-11,nuevo león,Mexico,2920,118,83,12
2024-01-11,jalisco,Mexico,3679,143,140,23
2024-01-11,veracruz,Mexico,1478,50,40,1
2024-01-11,guanajuato,Mexico,1051,45,36,6
2024-01-11,sinaloa,Mexico,910,34,34,6
2024-01-11,puebla,Mexico,1133,46,42,6
2024-01-11,querétaro,Mexico,825,34,24,8
2024-01-11,baja california,Mexico,948,32,21,1
2024-01-11,chihuahua,Mexico,729,22,22,2
2024-01-11,sonora,Mexico,803,36,21,4
2024-01-11,coahuila,Mexico,689,28,16,3
2024-01-11,tamaulipas,Mexico,742,17,10,1
2024-01-11,yucatán,Mexico,1004,34,33,5
2024-01-11,quintana roo,Mexico,720,32,26,2
2024-01-11,michoacán,Mexico,690,30,16,2
2024-01-11,morelos,Mexico,506,20,14,0
2024-01-11,tabasco,Mexico,636,13,13,1
2024-01-11,guerrero,Mexico,359,19,12,4
2024-01-11,chiapas,Mexico,305,13,8,0
2024-01-11,san luis potosí,Mexico,345,12,10,0
2024-01-11,hidalgo,Mexico,399,17,22,0
2024-01-11,oaxaca,Mexico,163,6,7,2
2024-01-11,aguascalientes,Mexico,203,5,1,0
2024-01-11,zacatecas,Mexico,192,10,7,0
2024-01-11,baja california sur,Mexico,246,7,8,3
2024-01-11,durango,Mexico,200,8,6,1
2024-01-11,campeche,Mexico,252,12,16,2
2024-01-11,nayarit,Mexico,163,8,2,0
2024-01-11,colima,Mexico,145,5,3,0
2024-01-11,tlaxcala,Mexico,102,7,5,1
2024-01-12,mexico city,Mexico,9834,452,333,48
2024-01-12,méxico,Mexico,4712,212,148,18
2024-01-12,nuevo león,Mexico,3357,175,101,18
2024-01-12,jalisco,Mexico,3660,147,99,17
2024-01-12,veracruz,Mexico,1506,61,46,5
2024-01-12,guanajuato,Mexico,1142,56,47,10
2024-01-12,sinaloa,Mexico,1064,48,27,8
2024-01-12,puebla,Mexico,1198,51,40,9
2024-01-12,querétaro,Mexico,960,47,23,6
2024-01-12,baja california,Mexico,932,34,20,2
2024-01-12,chihuahua,Mexico,936,57,23,6
2024-01-12,sonora,Mexico,1171,72,27,7
2024-01-12,coahuila,Mexico,774,29,20,6
2024-01-12,tamaulipas,Mexico,860,45,23,6
2024-01-12,yucatán,Mexico,1020,43,32,5
2024-01-12,quintana roo,Mexico,816,34,21,3
2024-01-12,michoacán,Mexico,653,36,23,3
2024-01-12,morelos,Mexico,498,18,16,2
2024-01-12,tabasco,Mexico,635,32,22,4
2024-01-12,guerrero,Mexico,379,32,21,2
2024-01-12,chiapas,Mexico,374,25,14,4
2024-01-12,san luis potosí,Mexico,375,22,24,5
2024-01-12,hidalgo,Mexico,375,19,15,3
2024-01-12,oaxaca,Mexico,182,11,11,5
2024-01-12,aguascalientes,Mexico,251,16,7,2
2024-01-12,zacatecas,Mexico,190,11,10,3
2024-01-12,baja california sur,Mexico,257,17,8,3
2024-01-12,durango,Mexico,231,9,8,1
2024-01-12,campeche,Mexico,274,5,5,0
2024-01-12,nayarit,Mexico,150,7,2,1
2024-01-12,colima,Mexico,143,4,2,0
2024-01-12,tlaxcala,Mexico,123,4,1,0
2024-01-13,mexico city,Mexico,9183,396,308,46
2024-01-13,méxico,Mexico,4493,201,153,22
2024-01-13,nuevo león,Mexico,3427,156,100,12
2024-01-13,jalisco,Mexico,3631,181,119,18
2024-01-13,veracruz,Mexico,1625,58,43,4
2024-01-13,guanajuato,Mexico,1118,36,32,5
2024-01-13,sinaloa,Mexico,1098,59,39,12
2024-01-13,puebla,Mexico,1178,61,50,8
2024-01-13,querétaro,Mexico,973,51,35,5
2024-01-13,baja california,Mexico,856,29,22,0
2024-01-13,chihuahua,Mexico,972,44,28,8
2024-01-13,sonora,Mexico,1147,54,21,2
2024-01-13,coahuila,Mexico,799,26,18,1
2024-01-13,tamaulipas,Mexico,897,37,23,2
2024-01-13,yucatán,Mexico,994,43,36,3
2024-01-13,quintana roo,Mexico,843,38,38,7
2024-01-13,michoacán,Mexico,703,42,32,6
2024-01-13,morelos,Mexico,555,28,7,2
2024-01-13,tabasco,Mexico,682,28,21,3
2024-01-13,guerrero,Mexico,408,17,11,3
2024-01-13,chiapas,Mexico,326,18,14,1
2024-01-13,san luis potosí,Mexico,340,15,6,0
2024-01-13,hidalgo,Mexico,390,14,17,4
2024-01-13,oaxaca,Mexico,172,11,7,0
2024-01-13,aguascalientes,Mexico,247,13,14,2
2024-01-13,zacatecas,Mexico,193,5,3,0
2024-01-13,baja california sur,Mexico,273,16,9,2
2024-01-13,durango,Mexico,173,5,1,0
2024-01-13,campeche,Mexico,279,17,12,2
2024-01-13,nayarit,Mexico,153,3,2,1
2024-01-13,colima,Mexico,132,4,2,0
2024-01-13,tlaxcala,Mexico,143,4,3,0
2024-01-14,mexico city,Mexico,9445,426,311,53
2024-01-14,méxico,Mexico,4631,186,160,22
2024-01-14,nuevo león,Mexico,3446,130,107,14
2024-01-14,jalisco,Mexico,3683,151,106,20
2024-01-14,veracruz,Mexico,1610,61,39,6
2024-01-14,guanajuato,Mexico,1202,49,33,3
2024-01-14,sinaloa,Mexico,906,36,21,2
2024-01-14,puebla,Mexico,1147,35,32,8
2024-01-14,querétaro,Mexico,927,44,24,4
2024-01-14,baja california,Mexico,845,31,22,3
2024-01-14,chihuahua,Mexico,1011,40,29,3
2024-01-14,sonora,Mexico,1052,36,22,5
2024-01-14,coahuila,Mexico,899,23,15,2
2024-01-14,tamaulipas,Mexico,891,28,25,2
2024-01-14,yucatán,Mexico,1069,43,39,8
2024-01-14,quintana roo,Mexico,806,38,33,1
2024-01-14,michoacán,Mexico,690,37,25,6
2024-01-14,morelos,Mexico,609,24,18,2
2024-01-14,tabasco,Mexico,675,21,25,2
2024-01-14,guerrero,Mexico,337,16,16,1
2024-01-14,chiapas,Mexico,322,13,10,2
2024-01-14,san luis potosí,Mexico,351,6,6,3
2024-01-14,hidalgo,Mexico,371,20,9,1
2024-01-14,oaxaca,Mexico,193,6,3,0
2024-01-14,aguascalientes,Mexico,246,11,7,2
2024-01-14,zacatecas,Mexico,234,6,7,3
2024-01-14,baja california sur,Mexico,253,14,7,2
2024-01-14,durango,Mexico,183,6,5,1
2024-01-14,campeche,Mexico,315,14,9,3
2024-01-14,nayarit,Mexico,197,8,3,0
2024-01-14,colima,Mexico,117,3,5,1
2024-01-14,tlaxcala,Mexico,150,8,4,1
2024-01-15,mexico city,Mexico,11118,443,372,65
2024-01-15,méxico,Mexico,5016,224,179,28
2024-01-15,nuevo león,Mexico,3597,134,90,17
2024-01-15,jalisco,Mexico,4369,184,158,19
2024-01-15,veracruz,Mexico,1755,71,67,13
2024-01-15,guanajuato,Mexico,1283,50,38,7
2024-01-15,sinaloa,Mexico,1107,34,35,7
2024-01-15,puebla,Mexico,1330,45,28,2
2024-01-15,querétaro,Mexico,1012,37,27,5
2024-01-15,baja california,Mexico,987,40,22,3
2024-01-15,chihuahua,Mexico,871,39,24,3
2024-01-15,sonora,Mexico,904,31,30,5
2024-01-15,coahuila,Mexico,795,30,21,2
2024-01-15,tamaulipas,Mexico,934,24,23,1
2024-01-15,yucatán,Mexico,1183,60,43,11
2024-01-15,quintana roo,Mexico,860,39,27,5
2024-01-15,michoacán,Mexico,718,31,18,1
2024-01-15,morelos,Mexico,551,16,11,5
2024-01-15,tabasco,Mexico,710,25,24,2
2024-01-15,guerrero,Mexico,468,14,18,2
2024-01-15,chiapas,Mexico,363,15,11,5
2024-01-15,san luis potosí,Mexico,380,21,14,2
2024-01-15,hidalgo,Mexico,405,22,14,1
2024-01-15,oaxaca,Mexico,231,12,9,1
2024-01-15,aguascalientes,Mexico,282,10,10,1
2024-01-15,zacatecas,Mexico,236,6,8,1
2024-01-15,baja california sur,Mexico,251,7,6,1
2024-01-15,durango,Mexico,180,5,3,0
2024-01-15,campeche,Mexico,288,16,11,2
2024-01-15,nayarit,Mexico,183,10,9,3
2024-01-15,colima,Mexico,152,4,5,2
2024-01-15,tlaxcala,Mexico,181,3,3,0
2024-01-16,mexico city,Mexico,10869,413,339,55
2024-01-16,méxico,Mexico,4753,205,155,24
2024-01-16,nuevo león,Mexico,3229,141,101,18
2024-01-16,jalisco,Mexico,3960,178,127,13
2024-01-16,veracruz,Mexico,1706,63,51,6
2024-01-16,guanajuato,Mexico,1213,48,38,5
2024-01-16,sinaloa,Mexico,1003,38,31,4
2024-01-16,puebla,Mexico,1285,49,40,4
2024-01-16,querétaro,Mexico,994,30,25,5
2024-01-16,baja california,Mexico,1003,27,18,0
2024-01-16,chihuahua,Mexico,757,36,27,4
2024-01-16,sonora,Mexico,842,37,18,1
2024-01-16,coahuila,Mexico,814,23,16,0
2024-01-16,tamaulipas,Mexico,800,23,25,2
2024-01-16,yucatán,Mexico,1035,41,36,8
2024-01-16,quintana roo,Mexico,898,27,22,7
2024-01-16,michoacán,Mexico,736,34,21,5
2024-01-16,morelos,Mexico,543,22,15,2
2024-01-16,tabasco,Mexico,719,23,20,3
2024-01-16,guerrero,Mexico,396,11,8,0
2024-01-16,chiapas,Mexico,365,18,14,1
2024-01-16,san luis potosí,Mexico,376,13,11,0
2024-01-16,hidalgo,Mexico,405,19,19,4
2024-01-16,oaxaca,Mexico,202,11,4,1
2024-01-16,aguascalientes,Mexico,268,13,9,1
2024-01-16,zacatecas,Mexico,217,6,5,0
2024-01-16,baja california sur,Mexico,263,10,7,0
2024-01-16,durango,Mexico,219,7,6,0
2024-01-16,campeche,Mexico,309,19,13,2
2024-01-16,nayarit,Mexico,160,5,5,0
2024-01-16,colima,Mexico,137,4,3,1
2024-01-16,tlaxcala,Mexico,149,6,2,0
2024-01-17,mexico city,Mexico,11339,414,349,60
2024-01-17,méxico,Mexico,5032,207,154,21
2024-01-17,nuevo león,Mexico,3344,106,87,16
2024-01-17,jalisco,Mexico,4146,173,121,8
2024-01-17,veracruz,Mexico,1731,55,47,4
2024-01-17,guanajuato,Mexico,1265,62,39,5
2024-01-17,sinaloa,Mexico,1132,53,38,7
2024-01-17,puebla,Mexico,1367,61,35,6
2024-01-17,querétaro,Mexico,973,27,25,4
2024-01-17,baja california,Mexico,1098,33,15,3
2024-01-17,chihuahua,Mexico,834,34,29,4
2024-01-17,sonora,Mexico,877,28,14,4
2024-01-17,coahuila,Mexico,774,33,21,3
2024-01-17,tamaulipas,Mexico,772,26,17,2
2024-01-17,yucatán,Mexico,1063,33,34,5
2024-01-17,quintana roo,Mexico,905,39,37,3
2024-01-17,michoacán,Mexico,716,30,21,2
2024-01-17,morelos,Mexico,558,20,13,0
2024-01-17,tabasco,Mexico,779,27,19,3
2024-01-17,guerrero,Mexico,446,14,10,1
2024-01-17,chiapas,Mexico,399,20,14,2
2024-01-17,san luis potosí,Mexico,394,14,7,1
2024-01-17,hidalgo,Mexico,407,11,8,1
2024-01-17,oaxaca,Mexico,194,10,3,0
2024-01-17,aguascalientes,Mexico,234,12,6,0
2024-01-17,zacatecas,Mexico,222,1,5,1
2024-01-17,baja california sur,Mexico,249,12,9,0
2024-01-17,durango,Mexico,209,6,6,0
2024-01-17,campeche,Mexico,273,13,8,0
2024-01-17,nayarit,Mexico,192,12,6,0
2024-01-17,colima,Mexico,134,8,5,1
2024-01-17,tlaxcala,Mexico,147,7,4,1
2024-01-18,mexico city,Mexico,11391,422,321,35
2024-01-18,méxico,Mexico,4848,177,133,15
2024-01-18,nuevo león,Mexico,3353,109,81,8
2024-01-18,jalisco,Mexico,4288,175,135,15
2024-01-18,veracruz,Mexico,1794,71,51,4
2024-01-18,guanajuato,Mexico,1274,44,34,1
2024-01-18,sinaloa,Mexico,1182,52,26,4
2024-01-18,puebla,Mexico,1447,50,38,3
2024-01-18,querétaro,Mexico,1046,46,17,1
2024-01-18,baja california,Mexico,1117,42,29,2
2024-01-18,chihuahua,Mexico,815,40,20,2
2024-01-18,sonora,Mexico,876,32,27,4
2024-01-18,coahuila,Mexico,828,32,32,3
2024-01-18,tamaulipas,Mexico,792,27,26,6
2024-01-18,yucatán,Mexico,1147,43,35,1
2024-01-18,quintana roo,Mexico,945,40,36,4
2024-01-18,michoacán,Mexico,809,27,21,2
2024-01-18,morelos,Mexico,579,22,15,1
2024-01-18,tabasco,Mexico,744,29,25,3
2024-01-18,guerrero,Mexico,467,22,12,1
2024-01-18,chiapas,Mexico,415,11,12,0
2024-01-18,san luis potosí,Mexico,413,6,7,0
2024-01-18,hidalgo,Mexico,404,22,15,2
2024-01-18,oaxaca,Mexico,221,6,6,1
2024-01-18,aguascalientes,Mexico,306,15,3,0
2024-01-18,zacatecas,Mexico,261,9,8,1
2024-01-18,baja california sur,Mexico,241,10,11,2
2024-01-18,durango,Mexico,237,7,2,0
2024-01-18,campeche,Mexico,314,18,9,2
2024-01-18,nayarit,Mexico,159,8,7,1
2024-01-18,colima,Mexico,159,8,7,2
2024-01-18,tlaxcala,Mexico,160,6,5,0
2024-01-19,mexico city,Mexico,10795,414,313,43
2024-01-19,méxico,Mexico,4818,179,140,14
2024-01-19,nuevo león,Mexico,3192,116,83,9
2024-01-19,jalisco,Mexico,4042,152,121,19
2024-01-19,veracruz,Mexico,1689,68,48,6
2024-01-19,guanajuato,Mexico,1085,35,21,3
2024-01-19,sinaloa,Mexico,1075,52,31,3
2024-01-19,puebla,Mexico,1340,45,35,6
2024-01-19,querétaro,Mexico,967,44,32,6
2024-01-19,baja california,Mexico,986,34,27,3
2024-01-19,chihuahua,Mexico,785,22,17,2
2024-01-19,sonora,Mexico,803,36,15,0
2024-01-19,coahuila,Mexico,753,28,16,1
2024-01-19,tamaulipas,Mexico,764,23,11,2
2024-01-19,yucatán,Mexico,983,34,35,8
2024-01-19,quintana roo,Mexico,900,37,26,1
2024-01-19,michoacán,Mexico,713,22,25,4
2024-01-19,morelos,Mexico,504,16,17,0
2024-01-19,tabasco,Mexico,644,21,20,2
2024-01-19,guerrero,Mexico,444,14,11,1
2024-01-19,chiapas,Mexico,351,12,9,2
2024-01-19,san luis potosí,Mexico,352,19,13,1
2024-01-19,hidalgo,Mexico,427,14,6,0
2024-01-19,oaxaca,Mexico,201,9,8,1
2024-01-19,aguascalientes,Mexico,307,15,6,0
2024-01-19,zacatecas,Mexico,203,6,5,0
2024-01-19,baja california sur,Mexico,222,7,4,1
2024-01-19,durango,Mexico,182,8,3,0
2024-01-19,campeche,Mexico,243,11,10,2
2024-01-19,nayarit,Mexico,168,5,3,1
2024-01-19,colima,Mexico,131,4,2,0
2024-01-19,tlaxcala,Mexico,150,6,2,0
2024-01-20,mexico city,Mexico,9602,372,255,27
2024-01-20,méxico,Mexico,4317,154,106,13
2024-01-20,nuevo león,Mexico,3062,106,74,6
2024-01-20,jalisco,Mexico,3660,146,110,16
2024-01-20,veracruz,Mexico,1644,45,30,0
2024-01-20,guanajuato,Mexico,1058,36,36,2
2024-01-20,sinaloa,Mexico,968,41,30,4
2024-01-20,puebla,Mexico,1167,32,21,2
2024-01-20,querétaro,Mexico,969,23,16,2
2024-01-20,baja california,Mexico,950,32,27,4
2024-01-20,chihuahua,Mexico,729,17,18,1
2024-01-20,sonora,Mexico,767,26,15,2
2024-01-20,coahuila,Mexico,704,30,30,3
2024-01-20,tamaulipas,Mexico,719,19,11,1
2024-01-20,yucatán,Mexico,915,30,28,3
2024-01-20,quintana roo,Mexico,845,39,43,6
2024-01-20,michoacán,Mexico,685,30,24,2
2024-01-20,morelos,Mexico,492,27,16,0
2024-01-20,tabasco,Mexico,613,19,14,1
2024-01-20,guerrero,Mexico,414,20,18,1
2024-01-20,chiapas,Mexico,375,15,11,1
2024-01-20,san luis potosí,Mexico,321,14,8,1
2024-01-20,hidalgo,Mexico,384,24,18,7
2024-01-20,oaxaca,Mexico,201,9,10,1
2024-01-20,aguascalientes,Mexico,279,4,5,1
2024-01-20,zacatecas,Mexico,205,4,6,0
2024-01-20,baja california sur,Mexico,196,9,3,0
2024-01-20,durango,Mexico,162,5,4,1
2024-01-20,campeche,Mexico,275,14,11,1
2024-01-20,nayarit,Mexico,146,9,2,0
2024-01-20,colima,Mexico,112,6,8,2
2024-01-20,tlaxcala,Mexico,147,8,4,2
2024-01-21,mexico city,Mexico,10316,399,300,35
2024-01-21,méxico,Mexico,4943,188,131,16
2024-01-21,nuevo león,Mexico,3501,131,95,11
2024-01-21,jalisco,Mexico,3925,144,97,12
2024-01-21,veracruz,Mexico,1731,68,64,11
2024-01-21,guanajuato,Mexico,1226,33,29,2
2024-01-21,sinaloa,Mexico,1068,28,19,3
2024-01-21,puebla,Mexico,1229,52,33,7
2024-01-21,querétaro,Mexico,978,30,22,6
2024-01-21,baja california,Mexico,1051,26,17,0
2024-01-21,chihuahua,Mexico,810,25,23,2
2024-01-21,sonora,Mexico,892,31,21,3
2024-01-21,coahuila,Mexico,830,35,25,4
2024-01-21,tamaulipas,Mexico,840,26,15,2
2024-01-21,yucatán,Mexico,1047,54,39,5
2024-01-21,quintana roo,Mexico,800,34,25,6
2024-01-21,michoacán,Mexico,780,34,28,2
2024-01-21,morelos,Mexico,585,20,19,2
2024-01-21,tabasco,Mexico,719,20,23,2
2024-01-21,guerrero,Mexico,383,15,10,2
2024-01-21,chiapas,Mexico,356,11,13,1
2024-01-21,san luis potosí,Mexico,391,11,10,0
2024-01-21,hidalgo,Mexico,386,17,12,1
2024-01-21,oaxaca,Mexico,214,6,9,2
2024-01-21,aguascalientes,Mexico,271,8,7,0
2024-01-21,zacatecas,Mexico,216,5,5,1
2024-01-21,baja california sur,Mexico,239,8,6,0
2024-01-21,durango,Mexico,187,12,6,0
2024-01-21,campeche,Mexico,289,10,10,0
2024-01-21,nayarit,Mexico,131,1,3,1
2024-01-21,colima,Mexico,127,2,2,0
2024-01-21,tlaxcala,Mexico,152,8,11,1
2024-01-22,mexico city,Mexico,10311,385,344,51
2024-01-22,méxico,Mexico,4593,171,123,20
2024-01-22,nuevo león,Mexico,3154,113,82,10
2024-01-22,jalisco,Mexico,3941,139,116,17
2024-01-22,veracruz,Mexico,1684,68,44,7
2024-01-22,guanajuato,Mexico,1172,56,37,3
2024-01-22,sinaloa,Mexico,1081,50,38,7
2024-01-22,puebla,Mexico,1152,44,32,4
2024-01-22,querétaro,Mexico,964,41,26,5
2024-01-22,baja california,Mexico,1032,35,31,1
2024-01-22,chihuahua,Mexico,789,22,12,3
2024-01-22,sonora,Mexico,874,36,28,3
2024-01-22,coahuila,Mexico,770,19,14,1
2024-01-22,tamaulipas,Mexico,802,22,20,5
2024-01-22,yucatán,Mexico,958,36,37,3
2024-01-22,quintana roo,Mexico,811,26,17,4
2024-01-22,michoacán,Mexico,718,36,39,3
2024-01-22,morelos,Mexico,511,21,19,1
2024-01-22,tabasco,Mexico,680,20,16,1
2024-01-22,guerrero,Mexico,398,14,17,5
2024-01-22,chiapas,Mexico,325,9,14,1
2024-01-22,san luis potosí,Mexico,374,15,14,4
2024-01-22,hidalgo,Mexico,387,16,10,2
2024-01-22,oaxaca,Mexico,204,10,5,0
2024-01-22,aguascalientes,Mexico,286,12,7,0
2024-01-22,zacatecas,Mexico,240,7,5,1
2024-01-22,baja california sur,Mexico,260,8,5,1
2024-01-22,durango,Mexico,206,13,5,0
2024-01-22,campeche,Mexico,268,12,10,2
2024-01-22,nayarit,Mexico,142,7,8,1
2024-01-22,colima,Mexico,119,9,5,0
2024-01-22,tlaxcala,Mexico,165,2,4,0
2024-01-23,mexico city,Mexico,8685,330,266,32
2024-01-23,méxico,Mexico,4095,176,149,18
2024-01-23,nuevo león,Mexico,2722,98,67,6
2024-01-23,jalisco,Mexico,3486,148,116,17
2024-01-23,veracruz,Mexico,1324,72,46,3
2024-01-23,guanajuato,Mexico,938,35,35,2
2024-01-23,sinaloa,Mexico,899,36,30,5
2024-01-23,puebla,Mexico,991,46,20,1
2024-01-23,querétaro,Mexico,769,36,28,5
2024-01-23,baja california,Mexico,925,28,25,2
2024-01-23,chihuahua,Mexico,742,29,22,3
2024-01-23,sonora,Mexico,745,25,16,2
2024-01-23,coahuila,Mexico,717,29,23,2
2024-01-23,tamaulipas,Mexico,759,16,14,0
2024-01-23,yucatán,Mexico,853,35,35,6
2024-01-23,quintana roo,Mexico,669,31,31,3
2024-01-23,michoacán,Mexico,644,24,18,2
2024-01-23,morelos,Mexico,425,15,8,1
2024-01-23,tabasco,Mexico,619,23,25,3
2024-01-23,guerrero,Mexico,309,10,4,0
2024-01-23,chiapas,Mexico,318,13,12,3
2024-01-23,san luis potosí,Mexico,278,13,5,1
2024-01-23,hidalgo,Mexico,346,14,10,1
2024-01-23,oaxaca,Mexico,161,4,3,0
2024-01-23,aguascalientes,Mexico,241,10,7,1
2024-01-23,zacatecas,Mexico,168,6,3,1
2024-01-23,baja california sur,Mexico,224,10,9,0
2024-01-23,durango,Mexico,153,5,8,1
2024-01-23,campeche,Mexico,229,11,4,0
2024-01-23,nayarit,Mexico,137,7,8,3
2024-01-23,colima,Mexico,117,4,3,2
2024-01-23,tlaxcala,Mexico,145,5,3,2
2024-01-24,mexico city,Mexico,9786,351,324,45
2024-01-24,méxico,Mexico,4335,155,146,21
2024-01-24,nuevo león,Mexico,3049,92,74,7
2024-01-24,jalisco,Mexico,3582,112,89,13
2024-01-24,veracruz,Mexico,1476,43,37,5
2024-01-24,guanajuato,Mexico,1074,41,34,3
2024-01-24,sinaloa,Mexico,907,38,25,5
2024-01-24,puebla,Mexico,1093,42,27,4
2024-01-24,querétaro,Mexico,841,33,27,3
2024-01-24,baja california,Mexico,915,30,20,1
2024-01-24,chihuahua,Mexico,704,21,14,0
2024-01-24,sonora,Mexico,766,19,12,2
2024-01-24,coahuila,Mexico,735,28,25,5
2024-01-24,tamaulipas,Mexico,753,23,18,4
2024-01-24,yucatán,Mexico,999,32,27,2
2024-01-24,quintana roo,Mexico,776,34,33,5
2024-01-24,michoacán,Mexico,748,24,21,6
2024-01-24,morelos,Mexico,459,10,10,0
2024-01-24,tabasco,Mexico,704,23,15,1
2024-01-24,guerrero,Mexico,337,8,6,1
2024-01-24,chiapas,Mexico,353,11,8,1
2024-01-24,san luis potosí,Mexico,318,14,6,0
2024-01-24,hidalgo,Mexico,393,16,14,0
2024-01-24,oaxaca,Mexico,190,5,6,3
2024-01-24,aguascalientes,Mexico,252,14,6,1
2024-01-24,zacatecas,Mexico,205,9,8,1
2024-01-24,baja california sur,Mexico,225,10,4,0
2024-01-24,durango,Mexico,169,8,4,0
2024-01-24,campeche,Mexico,270,12,16,4
2024-01-24,nayarit,Mexico,149,7,2,0
2024-01-24,colima,Mexico,113,4,3,0
2024-01-24,tlaxcala,Mexico,155,4,5,1
2024-01-25,mexico city,Mexico,9951,350,340,46
2024-01-25,méxico,Mexico,4421,175,147,24
2024-01-25,nuevo león,Mexico,2990,119,72,12
2024-01-25,jalisco,Mexico,3824,151,151,16
2024-01-25,veracruz,Mexico,1522,58,49,4
2024-01-25,guanajuato,Mexico,1065,28,27,5
2024-01-25,sinaloa,Mexico,1051,34,29,4
2024-01-25,puebla,Mexico,1124,42,39,4
2024-01-25,querétaro,Mexico,871,34,26,4
2024-01-25,baja california,Mexico,942,21,26,3
2024-01-25,chihuahua,Mexico,766,19,15,1
2024-01-25,sonora,Mexico,763,29,12,1
2024-01-25,coahuila,Mexico,778,16,11,0
2024-01-25,tamaulipas,Mexico,766,28,21,1
2024-01-25,yucatán,Mexico,901,39,31,4
2024-01-25,quintana roo,Mexico,719,22,18,1
2024-01-25,michoacán,Mexico,737,20,14,2
2024-01-25,morelos,Mexico,517,16,19,3
2024-01-25,tabasco,Mexico,676,20,23,3
2024-01-25,guerrero,Mexico,389,18,18,1
2024-01-25,chiapas,Mexico,348,13,9,1
2024-01-25,san luis potosí,Mexico,372,9,4,0
2024-01-25,hidalgo,Mexico,373,17,11,0
2024-01-25,oaxaca,Mexico,192,9,3,0
2024-01-25,aguascalientes,Mexico,263,13,6,1
2024-01-25,zacatecas,Mexico,238,12,10,0
2024-01-25,baja california sur,Mexico,232,9,5,2
2024-01-25,durango,Mexico,175,3,2,0
2024-01-25,campeche,Mexico,248,7,8,2
2024-01-25,nayarit,Mexico,146,5,4,1
2024-01-25,colima,Mexico,122,9,9,1
2024-01-25,tlaxcala,Mexico,136,6,4,0
2024-01-26,mexico city,Mexico,8631,319,287,30
2024-01-26,méxico,Mexico,3955,167,116,13
2024-01-26,nuevo león,Mexico,2620,81,58,5
2024-01-26,jalisco,Mexico,3383,127,104,13
2024-01-26,veracruz,Mexico,1394,44,45,6
2024-01-26,guanajuato,Mexico,975,36,31,1
2024-01-26,sinaloa,Mexico,870,25,16,7
2024-01-26,puebla,Mexico,1002,46,30,1
2024-01-26,querétaro,Mexico,764,27,16,2
2024-01-26,baja california,Mexico,770,17,13,1
2024-01-26,chihuahua,Mexico,703,19,19,3
2024-01-26,sonora,Mexico,687,25,14,2
2024-01-26,coahuila,Mexico,599,12,12,0
2024-01-26,tamaulipas,Mexico,679,25,18,1
2024-01-26,yucatán,Mexico,820,36,30,2
2024-01-26,quintana roo,Mexico,661,26,27,3
2024-01-26,michoacán,Mexico,655,31,23,0
2024-01-26,morelos,Mexico,427,13,15,2
2024-01-26,tabasco,Mexico,606,22,17,3
2024-01-26,guerrero,Mexico,334,12,12,2
2024-01-26,chiapas,Mexico,280,7,7,1
2024-01-26,san luis potosí,Mexico,311,12,17,2
2024-01-26,hidalgo,Mexico,366,17,18,5
2024-01-26,oaxaca,Mexico,193,8,4,1
2024-01-26,aguascalientes,Mexico,216,7,5,2
2024-01-26,zacatecas,Mexico,177,8,6,0
2024-01-26,baja california sur,Mexico,204,9,4,1
2024-01-26,durango,Mexico,156,1,2,0
2024-01-26,campeche,Mexico,225,8,8,0
2024-01-26,nayarit,Mexico,138,2,1,0
2024-01-26,colima,Mexico,109,4,5,1
2024-01-26,tlaxcala,Mexico,129,5,6,0
2024-01-27,mexico city,Mexico,8621,285,228,30
2024-01-27,méxico,Mexico,4085,153,129,17
2024-01-27,nuevo león,Mexico,2846,102,82,10
2024-01-27,jalisco,Mexico,3384,128,111,10
2024-01-27,veracruz,Mexico,1476,56,45,6
2024-01-27,guanajuato,Mexico,952,33,23,3
2024-01-27,sinaloa,Mexico,857,39,22,5
2024-01-27,puebla,Mexico,964,35,24,1
2024-01-27,querétaro,Mexico,811,36,35,4
2024-01-27,baja california,Mexico,768,32,21,2
2024-01-27,chihuahua,Mexico,676,25,12,3
2024-01-27,sonora,Mexico,738,23,18,5
2024-01-27,coahuila,Mexico,680,25,19,2
2024-01-27,tamaulipas,Mexico,747,21,14,2
2024-01-27,yucatán,Mexico,908,38,34,5
2024-01-27,quintana roo,Mexico,676,26,20,2
2024-01-27,michoacán,Mexico,613,32,30,5
2024-01-27,morelos,Mexico,442,12,4,1
2024-01-27,tabasco,Mexico,624,19,18,3
2024-01-27,guerrero,Mexico,370,15,7,2
2024-01-27,chiapas,Mexico,309,14,10,1
2024-01-27,san luis potosí,Mexico,323,12,10,1
2024-01-27,hidalgo,Mexico,350,16,17,3
2024-01-27,oaxaca,Mexico,182,8,1,0
2024-01-27,aguascalientes,Mexico,221,9,9,2
2024-01-27,zacatecas,Mexico,190,10,4,2
2024-01-27,baja california sur,Mexico,208,10,3,0
2024-01-27,durango,Mexico,173,5,4,1
2024-01-27,campeche,Mexico,211,8,7,0
2024-01-27,nayarit,Mexico,132,7,4,1
2024-01-27,colima,Mexico,102,5,3,0
2024-01-27,tlaxcala,Mexico,152,5,5,2
2024-01-28,mexico city,Mexico,9042,346,296,35
2024-01-28,méxico,Mexico,4553,194,147,18
2024-01-28,nuevo león,Mexico,3035,119,91,12
2024-01-28,jalisco,Mexico,3488,132,86,14
2024-01-28,veracruz,Mexico,1589,53,34,3
2024-01-28,guanajuato,Mexico,1080,33,22,3
2024-01-28,sinaloa,Mexico,962,42,30,4
2024-01-28,puebla,Mexico,1073,35,28,2
2024-01-28,querétaro,Mexico,902,47,35,6
2024-01-28,baja california,Mexico,854,33,23,0
2024-01-28,chihuahua,Mexico,798,38,19,2
2024-01-28,sonora,Mexico,794,19,16,1
2024-01-28,coahuila,Mexico,706,24,17,4
2024-01-28,tamaulipas,Mexico,751,21,12,2
2024-01-28,yucatán,Mexico,897,25,32,7
2024-01-28,quintana roo,Mexico,780,38,33,2
2024-01-28,michoacán,Mexico,710,23,19,3
2024-01-28,morelos,Mexico,497,13,6,0
2024-01-28,tabasco,Mexico,695,19,17,2
2024-01-28,guerrero,Mexico,302,19,15,1
2024-01-28,chiapas,Mexico,358,20,14,1
2024-01-28,san luis potosí,Mexico,329,15,14,1
2024-01-28,hidalgo,Mexico,371,16,11,1
2024-01-28,oaxaca,Mexico,178,5,7,0
2024-01-28,aguascalientes,Mexico,291,8,6,0
2024-01-28,zacatecas,Mexico,197,9,6,1
2024-01-28,baja california sur,Mexico,223,7,6,1
2024-01-28,durango,Mexico,186,5,3,1
2024-01-28,campeche,Mexico,262,12,12,1
2024-01-28,nayarit,Mexico,159,3,6,0
2024-01-28,colima,Mexico,132,5,3,2
2024-01-28,tlaxcala,Mexico,151,3,4,2
2024-01-29,mexico city,Mexico,9662,365,308,48
2024-01-29,méxico,Mexico,4606,173,141,20
2024-01-29,nuevo león,Mexico,3006,107,88,11
2024-01-29,jalisco,Mexico,3781,137,110,14
2024-01-29,veracruz,Mexico,1553,47,51,5
2024-01-29,guanajuato,Mexico,1196,44,30,6
2024-01-29,sinaloa,Mexico,975,37,22,3
2024-01-29,puebla,Mexico,1185,32,26,8
2024-01-29,querétaro,Mexico,899,41,27,4
2024-01-29,baja california,Mexico,865,26,23,2
2024-01-29,chihuahua,Mexico,748,32,29,5
2024-01-29,sonora,Mexico,858,26,22,3
2024-01-29,coahuila,Mexico,737,26,8,0
2024-01-29,tamaulipas,Mexico,812,26,24,2
2024-01-29,yucatán,Mexico,983,38,35,6
2024-01-29,quintana roo,Mexico,844,32,34,4
2024-01-29,michoacán,Mexico,712,26,22,1
2024-01-29,morelos,Mexico,503,21,19,1
2024-01-29,tabasco,Mexico,784,33,22,0
2024-01-29,guerrero,Mexico,379,15,7,1
2024-01-29,chiapas,Mexico,403,14,11,2
2024-01-29,san luis potosí,Mexico,380,11,9,0
2024-01-29,hidalgo,Mexico,384,13,11,1
2024-01-29,oaxaca,Mexico,196,6,7,2
2024-01-29,aguascalientes,Mexico,258,10,7,2
2024-01-29,zacatecas,Mexico,180,2,4,0
2024-01-29,baja california sur,Mexico,239,13,7,2
2024-01-29,durango,Mexico,181,4,3,0
2024-01-29,campeche,Mexico,244,6,6,1
2024-01-29,nayarit,Mexico,162,6,8,0
2024-01-29,colima,Mexico,119,3,5,0
2024-01-29,tlaxcala,Mexico,131,4,2,0
2024-01-30,mexico city,Mexico,8474,364,320,54
2024-01-30,méxico,Mexico,3927,184,155,19
2024-01-30,nuevo león,Mexico,2737,95,78,9
2024-01-30,jalisco,Mexico,3294,144,141,18
2024-01-30,veracruz,Mexico,1359,52,36,2
2024-01-30,guanajuato,Mexico,969,30,27,2
2024-01-30,sinaloa,Mexico,805,34,25,1
2024-01-30,puebla,Mexico,996,32,34,3
2024-01-30,querétaro,Mexico,763,36,30,3
2024-01-30,baja california,Mexico,795,23,18,2
2024-01-30,chihuahua,Mexico,694,25,26,4
2024-01-30,sonora,Mexico,710,28,20,3
2024-01-30,coahuila,Mexico,659,26,16,1
2024-01-30,tamaulipas,Mexico,692,17,22,3
2024-01-30,yucatán,Mexico,867,42,30,4
2024-01-30,quintana roo,Mexico,675,24,21,2
2024-01-30,michoacán,Mexico,557,18,16,1
2024-01-30,morelos,Mexico,409,13,10,1
2024-01-30,tabasco,Mexico,634,22,17,4
2024-01-30,guerrero,Mexico,364,14,16,3
2024-01-30,chiapas,Mexico,316,11,12,4
2024-01-30,san luis potosí,Mexico,319,11,3,0
2024-01-30,hidalgo,Mexico,339,16,11,1
2024-01-30,oaxaca,Mexico,166,5,4,0
2024-01-30,aguascalientes,Mexico,212,13,2,0
2024-01-30,zacatecas,Mexico,158,8,6,0
2024-01-30,baja california sur,Mexico,202,6,6,0
2024-01-30,durango,Mexico,141,6,4,0
2024-01-30,campeche,Mexico,215,8,6,0
2024-01-30,nayarit,Mexico,155,4,6,0
2024-01-30,colima,Mexico,118,14,10,1
2024-01-30,tlaxcala,Mexico,113,7,5,0
2024-01-31,mexico city,Mexico,9375,378,374,43
2024-01-31,méxico,Mexico,4488,199,180,22
2024-01-31,nuevo león,Mexico,2942,133,111,18
2024-01-31,jalisco,Mexico,3563,143,146,25
2024-01-31,veracruz,Mexico,1408,80,75,10
2024-01-31,guanajuato,Mexico,1100,41,39,5
2024-01-31,sinaloa,Mexico,917,52,38,3
2024-01-31,puebla,Mexico,1047,30,34,3
2024-01-31,querétaro,Mexico,848,34,21,3
2024-01-31,baja california,Mexico,796,23,22,1
2024-01-31,chihuahua,Mexico,726,26,12,1
2024-01-31,sonora,Mexico,742,29,28,3
2024-01-31,coahuila,Mexico,705,30,26,2
2024-01-31,tamaulipas,Mexico,710,28,20,1
2024-01-31,yucatán,Mexico,930,45,41,4
2024-01-31,quintana roo,Mexico,739,30,32,4
2024-01-31,michoacán,Mexico,597,27,17,6
2024-01-31,morelos,Mexico,432,17,14,0
2024-01-31,tabasco,Mexico,644,25,21,1
2024-01-31,guerrero,Mexico,361,15,10,1
2024-01-31,chiapas,Mexico,311,12,10,1
2024-01-31,san luis potosí,Mexico,346,6,9,2
2024-01-31,hidalgo,Mexico,347,11,8,2
2024-01-31,oaxaca,Mexico,179,10,10,1
2024-01-31,aguascalientes,Mexico,250,10,5,0
2024-01-31,zacatecas,Mexico,178,4,4,0
2024-01-31,baja california sur,Mexico,214,5,6,0
2024-01-31,durango,Mexico,170,9,6,1
2024-01-31,campeche,Mexico,251,9,12,1
2024-01-31,nayarit,Mexico,126,5,3,1
2024-01-31,colima,Mexico,122,7,7,1
2024-01-31,tlaxcala,Mexico,150,8,7,2
2024-02-01,mexico city,Mexico,12105,616,504,71
2024-02-01,méxico,Mexico,5738,253,220,34
2024-02-01,nuevo león,Mexico,4016,177,135,14
2024-02-01,jalisco,Mexico,4314,225,204,16
2024-02-01,veracruz,Mexico,2080,98,87,9
2024-02-01,guanajuato,Mexico,1316,80,50,4
2024-02-01,sinaloa,Mexico,1186,69,48,3
2024-02-01,puebla,Mexico,1400,75,70,5
2024-02-01,querétaro,Mexico,1001,50,37,4
2024-02-01,baja california,Mexico,1111,49,34,4
2024-02-01,chihuahua,Mexico,991,49,26,1
2024-02-01,sonora,Mexico,1072,60,38,4
2024-02-01,coahuila,Mexico,923,41,26,2
2024-02-01,tamaulipas,Mexico,982,34,30,3
2024-02-01,yucatán,Mexico,1204,62,59,4
2024-02-01,quintana roo,Mexico,1003,58,45,3
2024-02-01,michoacán,Mexico,835,42,36,4
2024-02-01,morelos,Mexico,698,28,26,2
2024-02-01,tabasco,Mexico,876,34,33,8
2024-02-01,guerrero,Mexico,521,38,32,4
2024-02-01,chiapas,Mexico,480,31,28,3
2024-02-01,san luis potosí,Mexico,467,22,21,2
2024-02-01,hidalgo,Mexico,516,37,24,2
2024-02-01,oaxaca,Mexico,259,12,13,3
2024-02-01,aguascalientes,Mexico,336,21,14,3
2024-02-01,zacatecas,Mexico,235,12,13,1
2024-02-01,baja california sur,Mexico,246,7,5,0
2024-02-01,durango,Mexico,238,9,5,1
2024-02-01,campeche,Mexico,316,15,10,2
2024-02-01,nayarit,Mexico,191,11,10,0
2024-02-01,colima,Mexico,166,5,4,1
2024-02-01,tlaxcala,Mexico,183,12,10,1
2024-02-02,mexico city,Mexico,9604,414,362,47
2024-02-02,méxico,Mexico,4767,203,187,26
2024-02-02,nuevo león,Mexico,3264,135,105,11
2024-02-02,jalisco,Mexico,3730,165,160,20
2024-02-02,veracruz,Mexico,1865,82,76,8
2024-02-02,guanajuato,Mexico,1165,51,39,1
2024-02-02,sinaloa,Mexico,970,42,35,5
2024-02-02,puebla,Mexico,1222,46,50,2
2024-02-02,querétaro,Mexico,781,28,24,1
2024-02-02,baja california,Mexico,882,42,39,0
2024-02-02,chihuahua,Mexico,808,30,25,0
2024-02-02,sonora,Mexico,813,25,14,0
2024-02-02,coahuila,Mexico,769,32,36,2
2024-02-02,tamaulipas,Mexico,843,37,33,3
2024-02-02,yucatán,Mexico,1041,49,51,7
2024-02-02,quintana roo,Mexico,870,33,29,5
2024-02-02,michoacán,Mexico,704,43,37,5
2024-02-02,morelos,Mexico,571,16,17,1
2024-02-02,tabasco,Mexico,776,28,22,2
2024-02-02,guerrero,Mexico,406,17,20,2
2024-02-02,chiapas,Mexico,378,16,14,1
2024-02-02,san luis potosí,Mexico,403,21,16,1
2024-02-02,hidalgo,Mexico,410,19,24,4
2024-02-02,oaxaca,Mexico,204,6,6,0
2024-02-02,aguascalientes,Mexico,217,13,7,2
2024-02-02,zacatecas,Mexico,191,3,6,2
2024-02-02,baja california sur,Mexico,245,12,5,0
2024-02-02,durango,Mexico,179,3,6,0
2024-02-02,campeche,Mexico,305,13,7,0
2024-02-02,nayarit,Mexico,152,5,7,1
2024-02-02,colima,Mexico,140,5,5,1
2024-02-02,tlaxcala,Mexico,160,12,19,2
2024-02-03,mexico city,Mexico,9591,403,335,38
2024-02-03,méxico,Mexico,4956,209,179,17
2024-02-03,nuevo león,Mexico,3000,151,106,9
2024-02-03,jalisco,Mexico,3497,134,125,10
2024-02-03,veracruz,Mexico,1699,71,72,5
2024-02-03,guanajuato,Mexico,1104,55,44,6
2024-02-03,sinaloa,Mexico,981,44,39,4
2024-02-03,puebla,Mexico,1175,53,53,9
2024-02-03,querétaro,Mexico,873,46,35,2
2024-02-03,baja california,Mexico,782,36,23,2
2024-02-03,chihuahua,Mexico,795,38,27,1
2024-02-03,sonora,Mexico,738,40,22,4
2024-02-03,coahuila,Mexico,757,31,26,2
2024-02-03,tamaulipas,Mexico,753,31,29,3
2024-02-03,yucatán,Mexico,1012,35,32,2
2024-02-03,quintana roo,Mexico,882,31,29,3
2024-02-03,michoacán,Mexico,666,32,27,1
2024-02-03,morelos,Mexico,527,24,16,1
2024-02-03,tabasco,Mexico,758,26,29,4
2024-02-03,guerrero,Mexico,386,22,14,0
2024-02-03,chiapas,Mexico,399,11,10,0
2024-02-03,san luis potosí,Mexico,294,12,13,2
2024-02-03,hidalgo,Mexico,362,21,18,2
2024-02-03,oaxaca,Mexico,214,6,5,1
2024-02-03,aguascalientes,Mexico,277,12,10,0
2024-02-03,zacatecas,Mexico,203,8,8,0
2024-02-03,baja california sur,Mexico,188,8,5,0
2024-02-03,durango,Mexico,179,4,4,0
2024-02-03,campeche,Mexico,323,12,15,2
2024-02-03,nayarit,Mexico,144,3,4,0
2024-02-03,colima,Mexico,143,7,5,0
2024-02-03,tlaxcala,Mexico,153,10,6,0
2024-02-04,mexico city,Mexico,9764,396,366,41
2024-02-04,méxico,Mexico,5388,230,204,31
2024-02-04,nuevo león,Mexico,3252,145,103,14
2024-02-04,jalisco,Mexico,3678,158,130,12
2024-02-04,veracruz,Mexico,1805,77,76,5
2024-02-04,guanajuato,Mexico,1169,49,46,5
2024-02-04,sinaloa,Mexico,1064,39,28,4
2024-02-04,puebla,Mexico,1155,52,40,0
2024-02-04,querétaro,Mexico,939,34,33,4
2024-02-04,baja california,Mexico,884,46,43,5
2024-02-04,chihuahua,Mexico,853,30,27,3
2024-02-04,sonora,Mexico,863,37,34,0
2024-02-04,coahuila,Mexico,813,29,23,1
2024-02-04,tamaulipas,Mexico,862,41,28,0
2024-02-04,yucatán,Mexico,1004,46,42,3
2024-02-04,quintana roo,Mexico,878,45,41,4
2024-02-04,michoacán,Mexico,727,27,26,2
2024-02-04,morelos,Mexico,649,17,18,3
2024-02-04,tabasco,Mexico,698,28,21,2
2024-02-04,guerrero,Mexico,385,21,11,0
2024-02-04,chiapas,Mexico,382,13,16,1
2024-02-04,san luis potosí,Mexico,324,15,14,2
2024-02-04,hidalgo,Mexico,383,9,8,0
2024-02-04,oaxaca,Mexico,223,8,4,1
2024-02-04,aguascalientes,Mexico,269,9,2,0
2024-02-04,zacatecas,Mexico,202,10,9,2
2024-02-04,baja california sur,Mexico,183,12,9,0
2024-02-04,durango,Mexico,207,5,6,1
2024-02-04,campeche,Mexico,314,8,9,2
2024-02-04,nayarit,Mexico,155,9,4,3
2024-02-04,colima,Mexico,130,7,4,0
2024-02-04,tlaxcala,Mexico,174,11,7,0
2024-02-05,mexico city,Mexico,9630,420,420,48
2024-02-05,méxico,Mexico,5220,249,253,21
2024-02-05,nuevo león,Mexico,3461,158,119,13
2024-02-05,jalisco,Mexico,3788,176,156,26
2024-02-05,veracruz,Mexico,1696,68,70,11
2024-02-05,guanajuato,Mexico,1127,41,36,4
2024-02-05,sinaloa,Mexico,1067,49,30,3
2024-02-05,puebla,Mexico,1138,62,53,5
2024-02-05,querétaro,Mexico,915,51,38,8
2024-02-05,baja california,Mexico,954,39,24,1
2024-02-05,chihuahua,Mexico,843,35,33,2
2024-02-05,sonora,Mexico,921,40,29,3
2024-02-05,coahuila,Mexico,819,32,23,2
2024-02-05,tamaulipas,Mexico,817,34,23,0
2024-02-05,yucatán,Mexico,877,45,46,8
2024-02-05,quintana roo,Mexico,785,38,36,2
2024-02-05,michoacán,Mexico,673,34,30,1
2024-02-05,morelos,Mexico,499,14,13,3
2024-02-05,tabasco,Mexico,730,23,20,0
2024-02-05,guerrero,Mexico,401,15,13,0
2024-02-05,chiapas,Mexico,392,21,24,2
2024-02-05,san luis potosí,Mexico,383,19,20,2
2024-02-05,hidalgo,Mexico,357,13,9,2
2024-02-05,oaxaca,Mexico,202,9,14,0
2024-02-05,aguascalientes,Mexico,267,11,10,0
2024-02-05,zacatecas,Mexico,232,15,10,2
2024-02-05,baja california sur,Mexico,239,7,3,0
2024-02-05,durango,Mexico,177,7,9,0
2024-02-05,campeche,Mexico,265,15,9,3
2024-02-05,nayarit,Mexico,145,9,11,2
2024-02-05,colima,Mexico,134,5,7,0
2024-02-05,tlaxcala,Mexico,148,9,8,2
2024-02-06,mexico city,Mexico,10612,453,420,47
2024-02-06,méxico,Mexico,4940,196,195,21
2024-02-06,nuevo león,Mexico,3480,138,107,10
2024-02-06,jalisco,Mexico,3823,170,155,11
2024-02-06,veracruz,Mexico,1702,80,65,6
2024-02-06,guanajuato,Mexico,1132,44,45,5
2024-02-06,sinaloa,Mexico,1097,53,45,6
2024-02-06,puebla,Mexico,1184,50,50,6
2024-02-06,querétaro,Mexico,930,38,29,4
2024-02-06,baja california,Mexico,1036,47,39,0
2024-02-06,chihuahua,Mexico,892,46,40,4
2024-02-06,sonora,Mexico,949,48,32,5
2024-02-06,coahuila,Mexico,805,33,26,3
2024-02-06,tamaulipas,Mexico,831,22,18,1
2024-02-06,yucatán,Mexico,931,45,33,2
2024-02-06,quintana roo,Mexico,782,54,50,5
2024-02-06,michoacán,Mexico,657,33,34,5
2024-02-06,morelos,Mexico,506,22,19,1
2024-02-06,tabasco,Mexico,789,28,35,3
2024-02-06,guerrero,Mexico,365,21,20,3
2024-02-06,chiapas,Mexico,409,21,20,3
2024-02-06,san luis potosí,Mexico,346,17,10,1
2024-02-06,hidalgo,Mexico,360,12,8,1
2024-02-06,oaxaca,Mexico,185,6,6,1
2024-02-06,aguascalientes,Mexico,260,10,8,0
2024-02-06,zacatecas,Mexico,209,10,13,2
2024-02-06,baja california sur,Mexico,234,9,7,1
2024-02-06,durango,Mexico,196,10,9,3
2024-02-06,campeche,Mexico,261,12,10,0
2024-02-06,nayarit,Mexico,159,10,10,1
2024-02-06,colima,Mexico,120,4,7,0
2024-02-06,tlaxcala,Mexico,156,9,3,0
2024-02-07,mexico city,Mexico,10672,483,399,40
2024-02-07,méxico,Mexico,4749,205,197,28
2024-02-07,nuevo león,Mexico,3388,157,101,13
2024-02-07,jalisco,Mexico,3913,197,179,18
2024-02-07,veracruz,Mexico,1706,63,47,10
2024-02-07,guanajuato,Mexico,1170,55,48,2
2024-02-07,sinaloa,Mexico,1209,62,48,4
2024-02-07,puebla,Mexico,1116,48,44,6
2024-02-07,querétaro,Mexico,945,39,23,3
2024-02-07,baja california,Mexico,1005,52,41,2
2024-02-07,chihuahua,Mexico,922,40,44,4
2024-02-07,sonora,Mexico,939,33,24,1
2024-02-07,coahuila,Mexico,788,45,33,2
2024-02-07,tamaulipas,Mexico,776,27,23,6
2024-02-07,yucatán,Mexico,886,33,25,2
2024-02-07,quintana roo,Mexico,809,46,41,3
2024-02-07,michoacán,Mexico,693,32,35,6
2024-02-07,morelos,Mexico,507,26,12,0
2024-02-07,tabasco,Mexico,704,29,21,2
2024-02-07,guerrero,Mexico,365,12,19,2
2024-02-07,chiapas,Mexico,392,26,22,3
2024-02-07,san luis potosí,Mexico,342,27,14,4
2024-02-07,hidalgo,Mexico,389,15,13,3
2024-02-07,oaxaca,Mexico,182,10,6,0
2024-02-07,aguascalientes,Mexico,287,7,11,2
2024-02-07,zacatecas,Mexico,197,8,4,0
2024-02-07,baja california sur,Mexico,242,6,8,0
2024-02-07,durango,Mexico,187,16,12,1
2024-02-07,campeche,Mexico,261,14,17,1
2024-02-07,nayarit,Mexico,142,6,4,1
2024-02-07,colima,Mexico,118,2,3,0
2024-02-07,tlaxcala,Mexico,146,6,2,0
2024-02-08,mexico city,Mexico,11800,426,377,49
2024-02-08,méxico,Mexico,5480,183,172,21
2024-02-08,nuevo león,Mexico,4028,159,131,12
2024-02-08,jalisco,Mexico,4284,165,140,13
2024-02-08,veracruz,Mexico,1912,66,65,2
2024-02-08,guanajuato,Mexico,1337,42,35,6
2024-02-08,sinaloa,Mexico,1199,52,43,5
2024-02-08,puebla,Mexico,1256,39,29,0
2024-02-08,querétaro,Mexico,1063,47,28,5
2024-02-08,baja california,Mexico,1093,36,42,1
2024-02-08,chihuahua,Mexico,939,35,29,3
2024-02-08,sonora,Mexico,1053,42,41,4
2024-02-08,coahuila,Mexico,895,19,17,1
2024-02-08,tamaulipas,Mexico,1009,37,22,3
2024-02-08,yucatán,Mexico,1216,40,39,3
2024-02-08,quintana roo,Mexico,997,50,46,3
2024-02-08,michoacán,Mexico,802,27,28,5
2024-02-08,morelos,Mexico,580,18,15,2
2024-02-08,tabasco,Mexico,815,25,30,2
2024-02-08,guerrero,Mexico,452,15,10,4
2024-02-08,chiapas,Mexico,418,12,17,1
2024-02-08,san luis potosí,Mexico,381,15,10,5
2024-02-08,hidalgo,Mexico,462,25,22,2
2024-02-08,oaxaca,Mexico,217,8,6,1
2024-02-08,aguascalientes,Mexico,300,14,9,1
2024-02-08,zacatecas,Mexico,230,10,11,2
2024-02-08,baja california sur,Mexico,220,7,3,0
2024-02-08,durango,Mexico,218,8,8,1
2024-02-08,campeche,Mexico,297,7,9,0
2024-02-08,nayarit,Mexico,177,3,5,0
2024-02-08,colima,Mexico,129,8,9,1
2024-02-08,tlaxcala,Mexico,170,6,11,1
2024-02-09,mexico city,Mexico,10205,360,314,38
2024-02-09,méxico,Mexico,4603,179,176,19
2024-02-09,nuevo león,Mexico,3692,132,116,11
2024-02-09,jalisco,Mexico,3924,153,138,20
2024-02-09,veracruz,Mexico,1771,44,44,3
2024-02-09,guanajuato,Mexico,1154,35,32,3
2024-02-09,sinaloa,Mexico,1090,53,48,7
2024-02-09,puebla,Mexico,1207,41,36,6
2024-02-09,querétaro,Mexico,928,36,25,3
2024-02-09,baja california,Mexico,945,28,17,1
2024-02-09,chihuahua,Mexico,839,33,29,3
2024-02-09,sonora,Mexico,902,34,29,2
2024-02-09,coahuila,Mexico,938,35,26,1
2024-02-09,tamaulipas,Mexico,882,34,24,0
2024-02-09,yucatán,Mexico,1047,34,33,5
2024-02-09,quintana roo,Mexico,899,34,18,1
2024-02-09,michoacán,Mexico,726,33,22,3
2024-02-09,morelos,Mexico,526,16,16,1
2024-02-09,tabasco,Mexico,756,27,18,3
2024-02-09,guerrero,Mexico,403,18,17,2
2024-02-09,chiapas,Mexico,333,13,16,2
2024-02-09,san luis potosí,Mexico,377,11,7,0
2024-02-09,hidalgo,Mexico,403,17,14,3
2024-02-09,oaxaca,Mexico,209,8,9,0
2024-02-09,aguascalientes,Mexico,240,7,3,1
2024-02-09,zacatecas,Mexico,198,9,8,1
2024-02-09,baja california sur,Mexico,254,11,11,0
2024-02-09,durango,Mexico,216,8,7,0
2024-02-09,campeche,Mexico,243,12,9,1
2024-02-09,nayarit,Mexico,154,5,3,1
2024-02-09,colima,Mexico,103,3,6,0
2024-02-09,tlaxcala,Mexico,160,15,10,2
2024-02-10,mexico city,Mexico,9092,326,334,32
2024-02-10,méxico,Mexico,4204,167,164,17
2024-02-10,nuevo león,Mexico,3195,107,86,5
2024-02-10,jalisco,Mexico,3470,138,116,14
2024-02-10,veracruz,Mexico,1521,58,60,9
2024-02-10,guanajuato,Mexico,1096,46,52,5
2024-02-10,sinaloa,Mexico,925,38,33,2
2024-02-10,puebla,Mexico,1028,24,30,1
2024-02-10,querétaro,Mexico,823,38,33,2
2024-02-10,baja california,Mexico,835,21,15,1
2024-02-10,chihuahua,Mexico,782,37,28,1
2024-02-10,sonora,Mexico,797,29,25,1
2024-02-10,coahuila,Mexico,727,31,22,1
2024-02-10,tamaulipas,Mexico,789,26,29,5
2024-02-10,yucatán,Mexico,853,21,26,3
2024-02-10,quintana roo,Mexico,712,35,36,3
2024-02-10,michoacán,Mexico,629,24,24,2
2024-02-10,morelos,Mexico,484,19,17,0
2024-02-10,tabasco,Mexico,665,23,24,2
2024-02-10,guerrero,Mexico,379,13,11,3
2024-02-10,chiapas,Mexico,321,16,12,2
2024-02-10,san luis potosí,Mexico,319,10,16,1
2024-02-10,hidalgo,Mexico,350,10,13,0
2024-02-10,oaxaca,Mexico,180,5,4,0
2024-02-10,aguascalientes,Mexico,230,6,10,2
2024-02-10,zacatecas,Mexico,179,6,5,1
2024-02-10,baja california sur,Mexico,188,8,7,2
2024-02-10,durango,Mexico,178,5,4,2
2024-02-10,campeche,Mexico,197,6,6,0
2024-02-10,nayarit,Mexico,143,9,4,0
2024-02-10,colima,Mexico,99,5,2,0
2024-02-10,tlaxcala,Mexico,124,6,5,0
2024-02-11,mexico city,Mexico,9418,396,376,36
2024-02-11,méxico,Mexico,4646,192,204,23
2024-02-11,nuevo león,Mexico,3419,114,88,11
2024-02-11,jalisco,Mexico,3795,172,154,15
2024-02-11,veracruz,Mexico,1616,66,63,10
2024-02-11,guanajuato,Mexico,1179,44,44,3
2024-02-11,sinaloa,Mexico,993,42,30,1
2024-02-11,puebla,Mexico,1020,43,41,2
2024-02-11,querétaro,Mexico,954,51,35,4
2024-02-11,baja california,Mexico,795,32,28,1
2024-02-11,chihuahua,Mexico,845,29,27,5
2024-02-11,sonora,Mexico,833,34,34,4
2024-02-11,coahuila,Mexico,844,39,28,3
2024-02-11,tamaulipas,Mexico,816,25,20,2
2024-02-11,yucatán,Mexico,855,29,28,3
2024-02-11,quintana roo,Mexico,743,31,42,4
2024-02-11,michoacán,Mexico,659,23,22,2
2024-02-11,morelos,Mexico,541,18,10,1
2024-02-11,tabasco,Mexico,650,18,17,0
2024-02-11,guerrero,Mexico,354,15,11,1
2024-02-11,chiapas,Mexico,324,15,15,1
2024-02-11,san luis potosí,Mexico,393,13,17,1
2024-02-11,hidalgo,Mexico,387,17,14,1
2024-02-11,oaxaca,Mexico,220,10,10,1
2024-02-11,aguascalientes,Mexico,248,10,11,2
2024-02-11,zacatecas,Mexico,220,8,7,0
2024-02-11,baja california sur,Mexico,195,8,11,1
2024-02-11,durango,Mexico,180,6,8,0
2024-02-11,campeche,Mexico,215,2,1,0
2024-02-11,nayarit,Mexico,138,8,12,0
2024-02-11,colima,Mexico,115,4,2,0
2024-02-11,tlaxcala,Mexico,138,7,4,0
2024-02-12,mexico city,Mexico,10842,426,384,45
2024-02-12,méxico,Mexico,4802,225,198,16
2024-02-12,nuevo león,Mexico,3825,158,147,14
2024-02-12,jalisco,Mexico,4069,177,152,15
2024-02-12,veracruz,Mexico,1682,62,53,4
2024-02-12,guanajuato,Mexico,1309,48,44,3
2024-02-12,sinaloa,Mexico,1181,45,43,7
2024-02-12,puebla,Mexico,1052,35,34,3
2024-02-12,querétaro,Mexico,967,39,29,5
2024-02-12,baja california,Mexico,998,24,25,1
2024-02-12,chihuahua,Mexico,896,23,20,4
2024-02-12,sonora,Mexico,956,34,30,2
2024-02-12,coahuila,Mexico,842,27,25,1
2024-02-12,tamaulipas,Mexico,910,27,26,1
2024-02-12,yucatán,Mexico,897,43,38,7
2024-02-12,quintana roo,Mexico,857,34,34,6
2024-02-12,michoacán,Mexico,660,29,32,5
2024-02-12,morelos,Mexico,560,14,13,1
2024-02-12,tabasco,Mexico,637,21,20,1
2024-02-12,guerrero,Mexico,408,19,16,3
2024-02-12,chiapas,Mexico,336,16,19,2
2024-02-12,san luis potosí,Mexico,349,12,7,0
2024-02-12,hidalgo,Mexico,422,16,14,1
2024-02-12,oaxaca,Mexico,194,9,9,1
2024-02-12,aguascalientes,Mexico,285,11,13,0
2024-02-12,zacatecas,Mexico,209,5,3,1
2024-02-12,baja california sur,Mexico,215,6,1,0
2024-02-12,durango,Mexico,213,12,8,1
2024-02-12,campeche,Mexico,223,6,4,0
2024-02-12,nayarit,Mexico,160,6,7,0
2024-02-12,colima,Mexico,118,6,5,2
2024-02-12,tlaxcala,Mexico,150,8,7,1
2024-02-13,mexico city,Mexico,11618,425,433,43
2024-02-13,méxico,Mexico,5005,218,203,24
2024-02-13,nuevo león,Mexico,4044,174,163,18
2024-02-13,jalisco,Mexico,4143,177,160,11
2024-02-13,veracruz,Mexico,1595,61,48,6
2024-02-13,guanajuato,Mexico,1245,50,33,2
2024-02-13,sinaloa,Mexico,1151,46,35,2
2024-02-13,puebla,Mexico,1179,37,34,2
2024-02-13,querétaro,Mexico,947,29,21,3
2024-02-13,baja california,Mexico,1046,29,20,2
2024-02-13,chihuahua,Mexico,954,26,26,2
2024-02-13,sonora,Mexico,1131,55,42,2
2024-02-13,coahuila,Mexico,902,40,30,3
2024-02-13,tamaulipas,Mexico,903,37,27,2
2024-02-13,yucatán,Mexico,1001,33,15,0
2024-02-13,quintana roo,Mexico,907,43,42,5
2024-02-13,michoacán,Mexico,672,32,24,2
2024-02-13,morelos,Mexico,520,24,25,0
2024-02-13,tabasco,Mexico,713,29,23,2
2024-02-13,guerrero,Mexico,362,10,8,0
2024-02-13,chiapas,Mexico,336,11,12,3
2024-02-13,san luis potosí,Mexico,371,13,9,1
2024-02-13,hidalgo,Mexico,424,19,13,2
2024-02-13,oaxaca,Mexico,202,9,7,0
2024-02-13,aguascalientes,Mexico,300,11,7,0
2024-02-13,zacatecas,Mexico,205,10,7,0
2024-02-13,baja california sur,Mexico,231,7,7,1
2024-02-13,durango,Mexico,205,7,5,0
2024-02-13,campeche,Mexico,285,10,9,1
2024-02-13,nayarit,Mexico,169,4,5,0
2024-02-13,colima,Mexico,148,5,1,0
2024-02-13,tlaxcala,Mexico,146,6,5,0
2024-02-14,mexico city,Mexico,8851,349,322,38
2024-02-14,méxico,Mexico,3796,143,152,14
2024-02-14,nuevo león,Mexico,2641,111,81,10
2024-02-14,jalisco,Mexico,3103,107,95,7
2024-02-14,veracruz,Mexico,1184,45,44,3
2024-02-14,guanajuato,Mexico,888,37,32,4
2024-02-14,sinaloa,Mexico,818,30,24,5
2024-02-14,puebla,Mexico,906,42,35,6
2024-02-14,querétaro,Mexico,774,36,35,4
2024-02-14,baja california,Mexico,790,20,18,2
2024-02-14,chihuahua,Mexico,633,16,11,0
2024-02-14,sonora,Mexico,688,18,15,2
2024-02-14,coahuila,Mexico,649,31,20,3
2024-02-14,tamaulipas,Mexico,575,21,19,2
2024-02-14,yucatán,Mexico,771,36,34,6
2024-02-14,quintana roo,Mexico,625,28,28,3
2024-02-14,michoacán,Mexico,522,18,14,1
2024-02-14,morelos,Mexico,380,16,14,1
2024-02-14,tabasco,Mexico,476,14,10,0
2024-02-14,guerrero,Mexico,291,12,7,1
2024-02-14,chiapas,Mexico,280,12,8,1
2024-02-14,san luis potosí,Mexico,273,10,8,1
2024-02-14,hidalgo,Mexico,277,15,16,5
2024-02-14,oaxaca,Mexico,141,5,9,2
2024-02-14,aguascalientes,Mexico,191,8,7,0
2024-02-14,zacatecas,Mexico,160,3,5,0
2024-02-14,baja california sur,Mexico,160,1,3,0
2024-02-14,durango,Mexico,167,7,9,0
2024-02-14,campeche,Mexico,215,6,8,0
2024-02-14,nayarit,Mexico,112,3,3,2
2024-02-14,colima,Mexico,84,2,1,0
2024-02-14,tlaxcala,Mexico,111,5,3,0
2024-02-15,mexico city,Mexico,11239,411,365,50
2024-02-15,méxico,Mexico,4916,209,181,17
2024-02-15,nuevo león,Mexico,3526,129,98,14
2024-02-15,jalisco,Mexico,3858,162,138,10
2024-02-15,veracruz,Mexico,1617,53,59,7
2024-02-15,guanajuato,Mexico,1162,55,48,5
2024-02-15,sinaloa,Mexico,1076,55,35,2
2024-02-15,puebla,Mexico,1139,48,36,4
2024-02-15,querétaro,Mexico,935,48,39,4
2024-02-15,baja california,Mexico,944,31,20,2
2024-02-15,chihuahua,Mexico,859,33,33,4
2024-02-15,sonora,Mexico,921,35,21,2
2024-02-15,coahuila,Mexico,784,34,19,1
2024-02-15,tamaulipas,Mexico,803,26,15,1
2024-02-15,yucatán,Mexico,1082,57,53,6
2024-02-15,quintana roo,Mexico,832,34,32,2
2024-02-15,michoacán,Mexico,721,28,24,3
2024-02-15,morelos,Mexico,525,20,13,3
2024-02-15,tabasco,Mexico,641,28,21,0
2024-02-15,guerrero,Mexico,337,13,13,2
2024-02-15,chiapas,Mexico,366,13,13,2
2024-02-15,san luis potosí,Mexico,352,11,12,2
2024-02-15,hidalgo,Mexico,406,16,13,2
2024-02-15,oaxaca,Mexico,179,5,6,0
2024-02-15,aguascalientes,Mexico,254,11,15,0
2024-02-15,zacatecas,Mexico,203,4,5,0
2024-02-15,baja california sur,Mexico,224,7,0,0
2024-02-15,durango,Mexico,209,8,6,0
2024-02-15,campeche,Mexico,292,10,11,2
2024-02-15,nayarit,Mexico,148,3,4,1
2024-02-15,colima,Mexico,123,4,6,1
2024-02-15,tlaxcala,Mexico,147,2,0,0
2024-02-16,mexico city,Mexico,11351,398,351,51
2024-02-16,méxico,Mexico,4961,193,170,32
2024-02-16,nuevo león,Mexico,3683,132,99,14
2024-02-16,jalisco,Mexico,4355,165,130,19
2024-02-16,veracruz,Mexico,1681,64,60,9
2024-02-16,guanajuato,Mexico,1287,46,27,0
2024-02-16,sinaloa,Mexico,1095,43,27,4
2024-02-16,puebla,Mexico,1210,59,45,7
2024-02-16,querétaro,Mexico,997,46,31,5
2024-02-16,baja california,Mexico,984,39,23,3
2024-02-16,chihuahua,Mexico,856,39,34,4
2024-02-16,sonora,Mexico,874,46,29,2
2024-02-16,coahuila,Mexico,814,30,26,1
2024-02-16,tamaulipas,Mexico,846,29,21,2
2024-02-16,yucatán,Mexico,1254,51,49,2
2024-02-16,quintana roo,Mexico,961,39,44,10
2024-02-16,michoacán,Mexico,792,32,21,1
2024-02-16,morelos,Mexico,521,16,13,1
2024-02-16,tabasco,Mexico,713,31,32,3
2024-02-16,guerrero,Mexico,412,13,17,2
2024-02-16,chiapas,Mexico,345,7,6,1
2024-02-16,san luis potosí,Mexico,345,19,13,0
2024-02-16,hidalgo,Mexico,354,14,13,1
2024-02-16,oaxaca,Mexico,206,7,4,0
2024-02-16,aguascalientes,Mexico,330,10,12,1
2024-02-16,zacatecas,Mexico,215,8,8,2
2024-02-16,baja california sur,Mexico,256,9,6,1
2024-02-16,durango,Mexico,229,10,7,0
2024-02-16,campeche,Mexico,276,11,9,1
2024-02-16,nayarit,Mexico,193,7,4,0
2024-02-16,colima,Mexico,138,2,3,0
2024-02-16,tlaxcala,Mexico,144,5,7,2
2024-02-17,mexico city,Mexico,10495,385,339,47
2024-02-17,méxico,Mexico,5002,183,130,16
2024-02-17,nuevo león,Mexico,3651,136,104,18
2024-02-17,jalisco,Mexico,3729,145,107,14
2024-02-17,veracruz,Mexico,1722,57,51,6
2024-02-17,guanajuato,Mexico,1347,53,32,7
2024-02-17,sinaloa,Mexico,1044,32,15,2
2024-02-17,puebla,Mexico,1189,29,32,6
2024-02-17,querétaro,Mexico,980,37,33,4
2024-02-17,baja california,Mexico,908,26,17,2
2024-02-17,chihuahua,Mexico,826,38,21,1
2024-02-17,sonora,Mexico,842,25,22,1
2024-02-17,coahuila,Mexico,797,26,24,2
2024-02-17,tamaulipas,Mexico,919,24,26,6
2024-02-17,yucatán,Mexico,1157,38,31,3
2024-02-17,quintana roo,Mexico,944,47,39,6
2024-02-17,michoacán,Mexico,727,13,15,1
2024-02-17,morelos,Mexico,517,20,16,4
2024-02-17,tabasco,Mexico,666,26,17,0
2024-02-17,guerrero,Mexico,396,18,16,0
2024-02-17,chiapas,Mexico,375,13,7,2
2024-02-17,san luis potosí,Mexico,362,20,14,2
2024-02-17,hidalgo,Mexico,422,21,14,2
2024-02-17,oaxaca,Mexico,194,10,3,0
2024-02-17,aguascalientes,Mexico,296,14,9,1
2024-02-17,zacatecas,Mexico,195,5,3,0
2024-02-17,baja california sur,Mexico,255,12,6,1
2024-02-17,durango,Mexico,197,8,6,0
2024-02-17,campeche,Mexico,282,10,10,0
2024-02-17,nayarit,Mexico,165,10,3,1
2024-02-17,colima,Mexico,112,2,1,0
2024-02-17,tlaxcala,Mexico,153,8,7,1
2024-02-18,mexico city,Mexico,10407,403,336,54
2024-02-18,méxico,Mexico,4998,220,175,30
2024-02-18,nuevo león,Mexico,3677,127,90,7
2024-02-18,jalisco,Mexico,4055,165,141,21
2024-02-18,veracruz,Mexico,1955,75,58,6
2024-02-18,guanajuato,Mexico,1329,48,44,0
2024-02-18,sinaloa,Mexico,1098,50,35,3
2024-02-18,puebla,Mexico,1190,39,41,5
2024-02-18,querétaro,Mexico,993,40,33,7
2024-02-18,baja california,Mexico,1056,35,28,2
2024-02-18,chihuahua,Mexico,939,31,26,2
2024-02-18,sonora,Mexico,958,30,20,1
2024-02-18,coahuila,Mexico,760,28,23,3
2024-02-18,tamaulipas,Mexico,858,30,19,2
2024-02-18,yucatán,Mexico,1299,51,45,6
2024-02-18,quintana roo,Mexico,993,41,48,7
2024-02-18,michoacán,Mexico,798,26,28,4
2024-02-18,morelos,Mexico,527,21,13,1
2024-02-18,tabasco,Mexico,771,36,23,4
2024-02-18,guerrero,Mexico,431,22,17,0
2024-02-18,chiapas,Mexico,410,21,13,1
2024-02-18,san luis potosí,Mexico,391,12,14,2
2024-02-18,hidalgo,Mexico,431,24,19,4
2024-02-18,oaxaca,Mexico,213,8,5,0
2024-02-18,aguascalientes,Mexico,316,7,6,0
2024-02-18,zacatecas,Mexico,246,18,15,2
2024-02-18,baja california sur,Mexico,233,6,3,1
2024-02-18,durango,Mexico,192,8,8,3
2024-02-18,campeche,Mexico,349,10,16,0
2024-02-18,nayarit,Mexico,163,4,2,0
2024-02-18,colima,Mexico,113,4,1,0
2024-02-18,tlaxcala,Mexico,167,7,4,0
2024-02-19,mexico city,Mexico,11008,417,377,43
2024-02-19,méxico,Mexico,4878,175,202,23
2024-02-19,nuevo león,Mexico,3769,130,113,18
2024-02-19,jalisco,Mexico,4149,169,158,27
2024-02-19,veracruz,Mexico,1618,44,36,1
2024-02-19,guanajuato,Mexico,1338,59,52,6
2024-02-19,sinaloa,Mexico,1143,32,17,1
2024-02-19,puebla,Mexico,1218,51,43,2
2024-02-19,querétaro,Mexico,1057,38,35,4
2024-02-19,baja california,Mexico,1130,35,39,2
2024-02-19,chihuahua,Mexico,918,32,32,4
2024-02-19,sonora,Mexico,962,31,21,1
2024-02-19,coahuila,Mexico,828,32,25,2
2024-02-19,tamaulipas,Mexico,870,27,17,1
2024-02-19,yucatán,Mexico,1183,45,41,4
2024-02-19,quintana roo,Mexico,960,42,34,4
2024-02-19,michoacán,Mexico,705,30,23,5
2024-02-19,morelos,Mexico,512,14,10,1
2024-02-19,tabasco,Mexico,708,31,26,2
2024-02-19,guerrero,Mexico,435,9,14,1
2024-02-19,chiapas,Mexico,367,10,11,0
2024-02-19,san luis potosí,Mexico,410,15,13,1
2024-02-19,hidalgo,Mexico,465,21,22,1
2024-02-19,oaxaca,Mexico,207,6,5,1
2024-02-19,aguascalientes,Mexico,312,14,9,2
2024-02-19,zacatecas,Mexico,220,11,3,0
2024-02-19,baja california sur,Mexico,232,8,2,1
2024-02-19,durango,Mexico,228,12,7,0
2024-02-19,campeche,Mexico,305,13,10,1
2024-02-19,nayarit,Mexico,156,0,0,0
2024-02-19,colima,Mexico,134,6,6,1
2024-02-19,tlaxcala,Mexico,168,5,8,1
2024-02-20,mexico city,Mexico,9764,350,349,39
2024-02-20,méxico,Mexico,4429,176,196,18
2024-02-20,nuevo león,Mexico,3243,123,97,8
2024-02-20,jalisco,Mexico,3583,121,116,14
2024-02-20,veracruz,Mexico,1417,46,40,5
2024-02-20,guanajuato,Mexico,1115,33,22,5
2024-02-20,sinaloa,Mexico,927,34,34,1
2024-02-20,puebla,Mexico,1104,36,30,2
2024-02-20,querétaro,Mexico,885,33,34,5
2024-02-20,baja california,Mexico,941,25,20,2
2024-02-20,chihuahua,Mexico,775,21,22,2
2024-02-20,sonora,Mexico,855,37,31,5
2024-02-20,coahuila,Mexico,691,19,19,4
2024-02-20,tamaulipas,Mexico,713,19,20,1
2024-02-20,yucatán,Mexico,1044,44,38,2
2024-02-20,quintana roo,Mexico,888,33,28,6
2024-02-20,michoacán,Mexico,680,28,22,3
2024-02-20,morelos,Mexico,476,12,20,2
2024-02-20,tabasco,Mexico,657,18,22,0
2024-02-20,guerrero,Mexico,351,11,14,1
2024-02-20,chiapas,Mexico,325,13,11,3
2024-02-20,san luis potosí,Mexico,314,17,16,0
2024-02-20,hidalgo,Mexico,370,9,10,1
2024-02-20,oaxaca,Mexico,181,10,7,1
2024-02-20,aguascalientes,Mexico,277,11,12,1
2024-02-20,zacatecas,Mexico,195,7,6,0
2024-02-20,baja california sur,Mexico,265,7,2,0
2024-02-20,durango,Mexico,179,4,6,0
2024-02-20,campeche,Mexico,281,11,15,3
2024-02-20,nayarit,Mexico,148,6,4,1
2024-02-20,colima,Mexico,164,5,3,2
2024-02-20,tlaxcala,Mexico,116,4,6,0
2024-02-21,mexico city,Mexico,8015,343,325,29
2024-02-21,méxico,Mexico,3585,138,156,25
2024-02-21,nuevo león,Mexico,2814,86,84,11
2024-02-21,jalisco,Mexico,2912,97,96,7
2024-02-21,veracruz,Mexico,1118,34,39,7
2024-02-21,guanajuato,Mexico,935,32,29,3
2024-02-21,sinaloa,Mexico,801,30,26,3
2024-02-21,puebla,Mexico,893,31,39,5
2024-02-21,querétaro,Mexico,698,30,23,3
2024-02-21,baja california,Mexico,804,23,18,3
2024-02-21,chihuahua,Mexico,701,21,26,6
2024-02-21,sonora,Mexico,780,44,38,2
2024-02-21,coahuila,Mexico,658,27,28,3
2024-02-21,tamaulipas,Mexico,628,23,21,1
2024-02-21,yucatán,Mexico,844,36,40,5
2024-02-21,quintana roo,Mexico,756,20,28,2
2024-02-21,michoacán,Mexico,518,24,19,1
2024-02-21,morelos,Mexico,436,20,24,2
2024-02-21,tabasco,Mexico,514,24,29,1
2024-02-21,guerrero,Mexico,301,8,12,2
2024-02-21,chiapas,Mexico,295,18,16,4
2024-02-21,san luis potosí,Mexico,319,8,9,1
2024-02-21,hidalgo,Mexico,302,16,18,2
2024-02-21,oaxaca,Mexico,147,7,4,1
2024-02-21,aguascalientes,Mexico,230,17,9,1
2024-02-21,zacatecas,Mexico,190,4,2,0
2024-02-21,baja california sur,Mexico,203,8,8,0
2024-02-21,durango,Mexico,174,9,6,1
2024-02-21,campeche,Mexico,247,19,13,2
2024-02-21,nayarit,Mexico,119,3,3,0
2024-02-21,colima,Mexico,127,7,2,0
2024-02-21,tlaxcala,Mexico,116,14,13,2
2024-02-22,mexico city,Mexico,7369,283,313,33
2024-02-22,méxico,Mexico,3249,157,150,18
2024-02-22,nuevo león,Mexico,2625,120,90,9
2024-02-22,jalisco,Mexico,2887,137,121,14
2024-02-22,veracruz,Mexico,1115,47,36,4
2024-02-22,guanajuato,Mexico,873,36,39,3
2024-02-22,sinaloa,Mexico,814,31,21,0
2024-02-22,puebla,Mexico,732,20,26,1
2024-02-22,querétaro,Mexico,682,34,24,4
2024-02-22,baja california,Mexico,752,35,25,1
2024-02-22,chihuahua,Mexico,659,26,31,4
2024-02-22,sonora,Mexico,696,38,33,1
2024-02-22,coahuila,Mexico,594,25,16,1
2024-02-22,tamaulipas,Mexico,561,15,14,3
2024-02-22,yucatán,Mexico,806,36,37,3
2024-02-22,quintana roo,Mexico,655,37,37,9
2024-02-22,michoacán,Mexico,624,25,32,3
2024-02-22,morelos,Mexico,404,11,14,2
2024-02-22,tabasco,Mexico,507,12,14,3
2024-02-22,guerrero,Mexico,297,13,11,3
2024-02-22,chiapas,Mexico,274,12,9,3
2024-02-22,san luis potosí,Mexico,222,8,4,0
2024-02-22,hidalgo,Mexico,263,3,5,1
2024-02-22,oaxaca,Mexico,150,4,11,1
2024-02-22,aguascalientes,Mexico,209,8,11,1
2024-02-22,zacatecas,Mexico,169,13,7,0
2024-02-22,baja california sur,Mexico,147,8,5,1
2024-02-22,durango,Mexico,146,7,10,2
2024-02-22,campeche,Mexico,185,10,8,1
2024-02-22,nayarit,Mexico,123,2,2,0
2024-02-22,colima,Mexico,134,10,7,0
2024-02-22,tlaxcala,Mexico,105,5,5,0
2024-02-23,mexico city,Mexico,8419,310,281,39
2024-02-23,méxico,Mexico,3873,174,173,18
2024-02-23,nuevo león,Mexico,2984,101,81,9
2024-02-23,jalisco,Mexico,3644,160,136,17
2024-02-23,veracruz,Mexico,1400,38,38,5
2024-02-23,guanajuato,Mexico,1025,21,17,2
2024-02-23,sinaloa,Mexico,1379,77,61,5
2024-02-23,puebla,Mexico,977,45,47,4
2024-02-23,querétaro,Mexico,847,34,26,1
2024-02-23,baja california,Mexico,933,27,13,0
2024-02-23,chihuahua,Mexico,791,27,21,2
2024-02-23,sonora,Mexico,977,38,41,1
2024-02-23,coahuila,Mexico,741,37,25,3
2024-02-23,tamaulipas,Mexico,689,27,31,4
2024-02-23,yucatán,Mexico,960,43,32,5
2024-02-23,quintana roo,Mexico,876,36,31,3
2024-02-23,michoacán,Mexico,765,35,37,4
2024-02-23,morelos,Mexico,432,21,14,3
2024-02-23,tabasco,Mexico,647,20,13,0
2024-02-23,guerrero,Mexico,392,31,27,5
2024-02-23,chiapas,Mexico,421,32,32,5
2024-02-23,san luis potosí,Mexico,296,9,5,1
2024-02-23,hidalgo,Mexico,318,16,17,4
2024-02-23,oaxaca,Mexico,196,9,10,1
2024-02-23,aguascalientes,Mexico,238,14,12,1
2024-02-23,zacatecas,Mexico,212,12,8,0
2024-02-23,baja california sur,Mexico,244,9,6,1
2024-02-23,durango,Mexico,198,5,10,1
2024-02-23,campeche,Mexico,255,11,14,1
2024-02-23,nayarit,Mexico,167,7,6,2
2024-02-23,colima,Mexico,158,6,8,0
2024-02-23,tlaxcala,Mexico,106,4,5,0
2024-02-24,mexico city,Mexico,7804,297,290,46
2024-02-24,méxico,Mexico,3449,122,118,12
2024-02-24,nuevo león,Mexico,2613,86,61,5
2024-02-24,jalisco,Mexico,3228,148,122,14
2024-02-24,veracruz,Mexico,1335,50,43,7
2024-02-24,guanajuato,Mexico,953,40,35,2
2024-02-24,sinaloa,Mexico,1037,37,19,4
2024-02-24,puebla,Mexico,902,33,28,3
2024-02-24,querétaro,Mexico,745,28,25,5
2024-02-24,baja california,Mexico,786,24,27,2
2024-02-24,chihuahua,Mexico,722,20,15,2
2024-02-24,sonora,Mexico,732,24,31,4
2024-02-24,coahuila,Mexico,659,22,20,3
2024-02-24,tamaulipas,Mexico,593,14,6,1
2024-02-24,yucatán,Mexico,795,32,34,5
2024-02-24,quintana roo,Mexico,724,27,21,1
2024-02-24,michoacán,Mexico,605,29,22,0
2024-02-24,morelos,Mexico,455,16,14,2
2024-02-24,tabasco,Mexico,562,16,11,1
2024-02-24,guerrero,Mexico,344,12,13,0
2024-02-24,chiapas,Mexico,297,14,13,0
2024-02-24,san luis potosí,Mexico,275,9,9,2
2024-02-24,hidalgo,Mexico,299,11,8,1
2024-02-24,oaxaca,Mexico,178,6,6,0
2024-02-24,aguascalientes,Mexico,264,5,8,1
2024-02-24,zacatecas,Mexico,180,5,7,0
2024-02-24,baja california sur,Mexico,212,8,6,1
2024-02-24,durango,Mexico,155,8,7,3
2024-02-24,campeche,Mexico,231,8,13,1
2024-02-24,nayarit,Mexico,125,7,4,0
2024-02-24,colima,Mexico,129,2,3,0
2024-02-24,tlaxcala,Mexico,143,4,7,1
2024-02-25,mexico city,Mexico,8554,295,239,24
2024-02-25,méxico,Mexico,3983,150,140,15
2024-02-25,nuevo león,Mexico,2959,107,89,7
2024-02-25,jalisco,Mexico,3285,108,85,8
2024-02-25,veracruz,Mexico,1382,46,50,4
2024-02-25,guanajuato,Mexico,1102,36,35,4
2024-02-25,sinaloa,Mexico,1102,33,34,2
2024-02-25,puebla,Mexico,968,41,32,3
2024-02-25,querétaro,Mexico,772,22,18,2
2024-02-25,baja california,Mexico,785,29,25,1
2024-02-25,chihuahua,Mexico,755,34,26,3
2024-02-25,sonora,Mexico,874,32,27,4
2024-02-25,coahuila,Mexico,677,20,21,4
2024-02-25,tamaulipas,Mexico,660,21,14,0
2024-02-25,yucatán,Mexico,940,41,33,6
2024-02-25,quintana roo,Mexico,847,33,28,5
2024-02-25,michoacán,Mexico,688,29,25,4
2024-02-25,morelos,Mexico,486,14,10,1
2024-02-25,tabasco,Mexico,683,22,13,2
2024-02-25,guerrero,Mexico,368,7,8,1
2024-02-25,chiapas,Mexico,306,13,8,1
2024-02-25,san luis potosí,Mexico,292,16,15,1
2024-02-25,hidalgo,Mexico,324,11,15,5
2024-02-25,oaxaca,Mexico,176,6,4,0
2024-02-25,aguascalientes,Mexico,237,10,7,0
2024-02-25,zacatecas,Mexico,209,7,8,1
2024-02-25,baja california sur,Mexico,201,5,3,0
2024-02-25,durango,Mexico,179,3,3,0
2024-02-25,campeche,Mexico,252,6,6,1
2024-02-25,nayarit,Mexico,121,4,3,0
2024-02-25,colima,Mexico,159,7,7,2
2024-02-25,tlaxcala,Mexico,136,7,9,3
2024-02-26,mexico city,Mexico,9463,351,315,36
2024-02-26,méxico,Mexico,4232,167,154,13
2024-02-26,nuevo león,Mexico,3223,124,103,12
2024-02-26,jalisco,Mexico,3741,129,119,14
2024-02-26,veracruz,Mexico,1491,46,40,6
2024-02-26,guanajuato,Mexico,1195,34,28,8
2024-02-26,sinaloa,Mexico,1083,34,32,7
2024-02-26,puebla,Mexico,1127,32,33,7
2024-02-26,querétaro,Mexico,870,42,36,8
2024-02-26,baja california,Mexico,850,28,19,0
2024-02-26,chihuahua,Mexico,720,25,21,3
2024-02-26,sonora,Mexico,862,38,36,9
2024-02-26,coahuila,Mexico,711,24,24,2
2024-02-26,tamaulipas,Mexico,733,35,26,0
2024-02-26,yucatán,Mexico,1061,32,34,5
2024-02-26,quintana roo,Mexico,967,49,48,7
2024-02-26,michoacán,Mexico,781,26,25,4
2024-02-26,morelos,Mexico,585,21,10,0
2024-02-26,tabasco,Mexico,694,30,26,3
2024-02-26,guerrero,Mexico,362,13,11,2
2024-02-26,chiapas,Mexico,353,6,7,0
2024-02-26,san luis potosí,Mexico,307,15,11,1
2024-02-26,hidalgo,Mexico,389,8,10,2
2024-02-26,oaxaca,Mexico,230,10,7,0
2024-02-26,aguascalientes,Mexico,253,13,9,1
2024-02-26,zacatecas,Mexico,213,9,7,2
2024-02-26,baja california sur,Mexico,215,4,0,0
2024-02-26,durango,Mexico,173,2,6,1
2024-02-26,campeche,Mexico,281,7,8,2
2024-02-26,nayarit,Mexico,122,2,2,0
2024-02-26,colima,Mexico,167,7,4,1
2024-02-26,tlaxcala,Mexico,145,9,9,2
2024-02-27,mexico city,Mexico,10071,347,353,44
2024-02-27,méxico,Mexico,4607,163,160,15
2024-02-27,nuevo león,Mexico,3366,121,95,6
2024-02-27,jalisco,Mexico,3965,158,165,18
2024-02-27,veracruz,Mexico,1772,63,52,5
2024-02-27,guanajuato,Mexico,1482,51,41,1
2024-02-27,sinaloa,Mexico,1320,42,43,0
2024-02-27,puebla,Mexico,1241,37,38,5
2024-02-27,querétaro,Mexico,908,33,26,3
2024-02-27,baja california,Mexico,955,31,26,3
2024-02-27,chihuahua,Mexico,782,28,27,3
2024-02-27,sonora,Mexico,896,22,20,0
2024-02-27,coahuila,Mexico,777,25,20,3
2024-02-27,tamaulipas,Mexico,821,20,18,1
2024-02-27,yucatán,Mexico,1143,39,28,2
2024-02-27,quintana roo,Mexico,979,38,47,5
2024-02-27,michoacán,Mexico,916,34,32,5
2024-02-27,morelos,Mexico,627,21,19,1
2024-02-27,tabasco,Mexico,794,22,16,4
2024-02-27,guerrero,Mexico,443,16,15,1
2024-02-27,chiapas,Mexico,400,10,14,2
2024-02-27,san luis potosí,Mexico,360,16,18,2
2024-02-27,hidalgo,Mexico,410,15,13,1
2024-02-27,oaxaca,Mexico,281,10,5,1
2024-02-27,aguascalientes,Mexico,291,13,9,2
2024-02-27,zacatecas,Mexico,212,9,10,0
2024-02-27,baja california sur,Mexico,244,12,10,1
2024-02-27,durango,Mexico,217,5,6,0
2024-02-27,campeche,Mexico,292,7,8,0
2024-02-27,nayarit,Mexico,163,6,9,0
2024-02-27,colima,Mexico,175,5,6,2
2024-02-27,tlaxcala,Mexico,157,6,10,0
2024-02-28,mexico city,Mexico,10773,408,278,45
2024-02-28,méxico,Mexico,4795,178,118,18
2024-02-28,nuevo león,Mexico,3667,109,85,17
2024-02-28,jalisco,Mexico,4325,139,114,19
2024-02-28,veracruz,Mexico,1905,62,47,6
2024-02-28,guanajuato,Mexico,1425,33,30,2
2024-02-28,sinaloa,Mexico,1369,41,32,7
2024-02-28,puebla,Mexico,1241,48,35,7
2024-02-28,querétaro,Mexico,955,31,15,2
2024-02-28,baja california,Mexico,994,33,17,2
2024-02-28,chihuahua,Mexico,847,25,19,4
2024-02-28,sonora,Mexico,992,28,25,3
2024-02-28,coahuila,Mexico,874,27,11,1
2024-02-28,tamaulipas,Mexico,891,22,9,1
2024-02-28,yucatán,Mexico,1270,41,35,4
2024-02-28,quintana roo,Mexico,1101,33,22,3
2024-02-28,michoacán,Mexico,951,26,13,1
2024-02-28,morelos,Mexico,596,13,7,1
2024-02-28,tabasco,Mexico,774,38,21,1
2024-02-28,guerrero,Mexico,565,20,19,1
2024-02-28,chiapas,Mexico,421,11,5,0
2024-02-28,san luis potosí,Mexico,369,15,10,0
2024-02-28,hidalgo,Mexico,454,17,21,3
2024-02-28,oaxaca,Mexico,254,6,7,1
2024-02-28,aguascalientes,Mexico,300,3,2,0
2024-02-28,zacatecas,Mexico,236,11,7,2
2024-02-28,baja california sur,Mexico,250,8,4,0
2024-02-28,durango,Mexico,240,9,9,0
2024-02-28,campeche,Mexico,318,9,7,0
2024-02-28,nayarit,Mexico,180,2,1,0
2024-02-28,colima,Mexico,209,4,0,0
2024-02-28,tlaxcala,Mexico,151,8,8,2
2024-02-29,mexico city,Mexico,10975,353,212,52
2024-02-29,méxico,Mexico,5019,168,72,21
2024-02-29,nuevo león,Mexico,3624,116,48,12
2024-02-29,jalisco,Mexico,4508,161,74,25
2024-02-29,veracruz,Mexico,1781,62,24,4
2024-02-29,guanajuato,Mexico,1404,46,15,4
2024-02-29,sinaloa,Mexico,1232,36,13,5
2024-02-29,puebla,Mexico,1336,49,21,2
2024-02-29,querétaro,Mexico,1004,25,19,6
2024-02-29,baja california,Mexico,1029,28,12,5
2024-02-29,chihuahua,Mexico,912,29,11,0
2024-02-29,sonora,Mexico,945,29,16,5
2024-02-29,coahuila,Mexico,884,17,9,1
2024-02-29,tamaulipas,Mexico,883,26,12,2
2024-02-29,yucatán,Mexico,1282,48,25,4
2024-02-29,quintana roo,Mexico,1100,44,26,4
2024-02-29,michoacán,Mexico,875,27,16,6
2024-02-29,morelos,Mexico,714,17,6,1
2024-02-29,tabasco,Mexico,817,27,10,4
2024-02-29,guerrero,Mexico,456,18,3,0
2024-02-29,chiapas,Mexico,443,17,8,3
2024-02-29,san luis potosí,Mexico,436,26,13,0
2024-02-29,hidalgo,Mexico,480,21,11,2
2024-02-29,oaxaca,Mexico,255,7,6,0
2024-02-29,aguascalientes,Mexico,346,13,8,3
2024-02-29,zacatecas,Mexico,282,6,2,1
2024-02-29,baja california sur,Mexico,222,8,2,0
2024-02-29,durango,Mexico,228,10,5,1
2024-02-29,campeche,Mexico,290,11,5,0
2024-02-29,nayarit,Mexico,174,3,2,0
2024-02-29,colima,Mexico,193,9,1,0
2024-02-29,tlaxcala,Mexico,157,5,3,1
2024-03-01,mexico city,Mexico,12351,430,202,53
2024-03-01,méxico,Mexico,5652,230,120,23
2024-03-01,nuevo león,Mexico,4240,151,54,11
2024-03-01,jalisco,Mexico,4677,190,68,15
2024-03-01,veracruz,Mexico,1917,60,32,9
2024-03-01,guanajuato,Mexico,1519,64,23,4
2024-03-01,sinaloa,Mexico,1498,52,21,8
2024-03-01,puebla,Mexico,1457,49,31,8
2024-03-01,querétaro,Mexico,1106,35,19,4
2024-03-01,baja california,Mexico,1332,46,11,3
2024-03-01,chihuahua,Mexico,1003,36,15,3
2024-03-01,sonora,Mexico,1052,39,13,2
2024-03-01,coahuila,Mexico,943,29,11,2
2024-03-01,tamaulipas,Mexico,1020,25,7,2
2024-03-01,yucatán,Mexico,1328,57,21,4
2024-03-01,quintana roo,Mexico,1091,53,28,4
2024-03-01,michoacán,Mexico,917,42,20,6
2024-03-01,morelos,Mexico,759,24,14,4
2024-03-01,tabasco,Mexico,790,28,10,3
2024-03-01,guerrero,Mexico,556,22,12,3
2024-03-01,chiapas,Mexico,422,15,7,1
2024-03-01,san luis potosí,Mexico,466,17,8,2
2024-03-01,hidalgo,Mexico,490,17,10,6
2024-03-01,oaxaca,Mexico,255,11,5,1
2024-03-01,aguascalientes,Mexico,373,8,3,0
2024-03-01,zacatecas,Mexico,250,8,4,1
2024-03-01,baja california sur,Mexico,283,10,1,0
2024-03-01,durango,Mexico,286,3,1,0
2024-03-01,campeche,Mexico,331,8,3,0
2024-03-01,nayarit,Mexico,216,12,5,1
2024-03-01,colima,Mexico,200,11,7,2
2024-03-01,tlaxcala,Mexico,158,7,2,1
2024-03-02,mexico city,Mexico,11005,382,184,39
2024-03-02,méxico,Mexico,5193,191,95,23
2024-03-02,nuevo león,Mexico,3666,136,53,8
2024-03-02,jalisco,Mexico,4208,167,76,14
2024-03-02,veracruz,Mexico,1763,62,33,8
2024-03-02,guanajuato,Mexico,1370,51,21,4
2024-03-02,sinaloa,Mexico,1193,42,15,3
2024-03-02,puebla,Mexico,1310,50,15,4
2024-03-02,querétaro,Mexico,1014,37,22,4
2024-03-02,baja california,Mexico,1150,38,9,2
2024-03-02,chihuahua,Mexico,796,30,12,2
2024-03-02,sonora,Mexico,999,29,15,3
2024-03-02,coahuila,Mexico,886,36,12,2
2024-03-02,tamaulipas,Mexico,897,38,13,4
2024-03-02,yucatán,Mexico,1167,43,22,5
2024-03-02,quintana roo,Mexico,977,43,16,2
2024-03-02,michoacán,Mexico,824,29,18,3
2024-03-02,morelos,Mexico,673,19,12,5
2024-03-02,tabasco,Mexico,715,26,6,0
2024-03-02,guerrero,Mexico,438,14,7,2
2024-03-02,chiapas,Mexico,382,19,8,2
2024-03-02,san luis potosí,Mexico,401,11,8,2
2024-03-02,hidalgo,Mexico,455,13,6,1
2024-03-02,oaxaca,Mexico,245,9,3,0
2024-03-02,aguascalientes,Mexico,359,15,7,1
2024-03-02,zacatecas,Mexico,225,11,1,0
2024-03-02,baja california sur,Mexico,244,9,1,1
2024-03-02,durango,Mexico,250,10,3,0
2024-03-02,campeche,Mexico,248,9,6,0
2024-03-02,nayarit,Mexico,173,4,0,0
2024-03-02,colima,Mexico,188,11,3,2
2024-03-02,tlaxcala,Mexico,144,8,0,0
2024-03-03,mexico city,Mexico,11768,417,192,40
2024-03-03,méxico,Mexico,5833,223,103,14
2024-03-03,nuevo león,Mexico,4036,149,62,21
2024-03-03,jalisco,Mexico,4408,157,68,11
2024-03-03,veracruz,Mexico,1895,48,26,8
2024-03-03,guanajuato,Mexico,1573,53,19,2
2024-03-03,sinaloa,Mexico,1249,44,16,4
2024-03-03,puebla,Mexico,1373,40,17,5
2024-03-03,querétaro,Mexico,1066,45,17,8
2024-03-03,baja california,Mexico,1290,32,6,1
2024-03-03,chihuahua,Mexico,1030,45,17,5
2024-03-03,sonora,Mexico,993,34,14,4
2024-03-03,coahuila,Mexico,979,36,9,1
2024-03-03,tamaulipas,Mexico,980,32,14,1
2024-03-03,yucatán,Mexico,1105,43,22,3
2024-03-03,quintana roo,Mexico,1035,62,20,7
2024-03-03,michoacán,Mexico,977,35,19,6
2024-03-03,morelos,Mexico,777,33,13,2
2024-03-03,tabasco,Mexico,821,32,13,2
2024-03-03,guerrero,Mexico,583,22,8,2
2024-03-03,chiapas,Mexico,412,14,11,3
2024-03-03,san luis potosí,Mexico,424,17,6,1
2024-03-03,hidalgo,Mexico,449,18,6,0
2024-03-03,oaxaca,Mexico,201,14,3,0
2024-03-03,aguascalientes,Mexico,402,19,6,0
2024-03-03,zacatecas,Mexico,301,13,7,1
2024-03-03,baja california sur,Mexico,249,10,2,0
2024-03-03,durango,Mexico,259,8,0,0
2024-03-03,campeche,Mexico,326,15,6,1
2024-03-03,nayarit,Mexico,204,7,5,2
2024-03-03,colima,Mexico,224,9,5,3
2024-03-03,tlaxcala,Mexico,172,6,4,1
2024-03-04,mexico city,Mexico,13804,511,233,62
2024-03-04,méxico,Mexico,6136,239,110,24
2024-03-04,nuevo león,Mexico,4517,143,67,15
2024-03-04,jalisco,Mexico,5365,201,100,20
2024-03-04,veracruz,Mexico,2030,62,40,6
2024-03-04,guanajuato,Mexico,1668,51,18,3
2024-03-04,sinaloa,Mexico,1459,54,26,3
2024-03-04,puebla,Mexico,1688,65,20,6
2024-03-04,querétaro,Mexico,1242,44,21,5
2024-03-04,baja california,Mexico,1298,17,9,0
2024-03-04,chihuahua,Mexico,1116,30,13,2
2024-03-04,sonora,Mexico,1143,43,17,2
2024-03-04,coahuila,Mexico,1088,35,13,5
2024-03-04,tamaulipas,Mexico,1121,35,21,4
2024-03-04,yucatán,Mexico,1333,63,17,1
2024-03-04,quintana roo,Mexico,1290,56,26,10
2024-03-04,michoacán,Mexico,1007,36,16,3
2024-03-04,morelos,Mexico,845,38,14,1
2024-03-04,tabasco,Mexico,891,18,8,3
2024-03-04,guerrero,Mexico,617,20,6,0
2024-03-04,chiapas,Mexico,500,23,10,1
2024-03-04,san luis potosí,Mexico,510,13,5,1
2024-03-04,hidalgo,Mexico,502,14,7,0
2024-03-04,oaxaca,Mexico,292,14,5,3
2024-03-04,aguascalientes,Mexico,439,21,7,2
2024-03-04,zacatecas,Mexico,312,7,4,1
2024-03-04,baja california sur,Mexico,280,6,4,2
2024-03-04,durango,Mexico,288,9,4,0
2024-03-04,campeche,Mexico,361,18,6,2
2024-03-04,nayarit,Mexico,251,6,2,0
2024-03-04,colima,Mexico,263,16,10,0
2024-03-04,tlaxcala,Mexico,192,9,2,0
2024-03-05,mexico city,Mexico,12862,509,223,61
2024-03-05,méxico,Mexico,5797,196,88,23
2024-03-05,nuevo león,Mexico,4074,159,61,18
2024-03-05,jalisco,Mexico,4739,172,80,14
2024-03-05,veracruz,Mexico,1942,76,38,7
2024-03-05,guanajuato,Mexico,1547,53,15,5
2024-03-05,sinaloa,Mexico,1455,55,17,6
2024-03-05,puebla,Mexico,1513,49,24,7
2024-03-05,querétaro,Mexico,1142,44,17,4
2024-03-05,baja california,Mexico,1249,38,14,3
2024-03-05,chihuahua,Mexico,1113,45,13,4
2024-03-05,sonora,Mexico,1098,32,16,4
2024-03-05,coahuila,Mexico,973,29,12,2
2024-03-05,tamaulipas,Mexico,1066,35,10,1
2024-03-05,yucatán,Mexico,1310,48,25,6
2024-03-05,quintana roo,Mexico,1107,55,21,2
2024-03-05,michoacán,Mexico,971,25,10,4
2024-03-05,morelos,Mexico,740,21,7,1
2024-03-05,tabasco,Mexico,788,33,13,2
2024-03-05,guerrero,Mexico,518,19,12,6
2024-03-05,chiapas,Mexico,459,24,8,0
2024-03-05,san luis potosí,Mexico,469,27,17,4
2024-03-05,hidalgo,Mexico,492,14,5,0
2024-03-05,oaxaca,Mexico,255,12,6,1
2024-03-05,aguascalientes,Mexico,413,18,5,2
2024-03-05,zacatecas,Mexico,289,12,12,6
2024-03-05,baja california sur,Mexico,283,15,8,2
2024-03-05,durango,Mexico,274,14,3,1
2024-03-05,campeche,Mexico,332,15,8,0
2024-03-05,nayarit,Mexico,201,1,3,0
2024-03-05,colima,Mexico,228,7,4,1
2024-03-05,tlaxcala,Mexico,196,8,0,0
2024-03-06,mexico city,Mexico,12906,473,234,56
2024-03-06,méxico,Mexico,5767,218,117,31
2024-03-06,nuevo león,Mexico,4231,166,67,17
2024-03-06,jalisco,Mexico,4846,180,82,27
2024-03-06,veracruz,Mexico,1826,60,21,2
2024-03-06,guanajuato,Mexico,1534,75,26,9
2024-03-06,sinaloa,Mexico,1329,60,22,4
2024-03-06,puebla,Mexico,1439,60,30,4
2024-03-06,querétaro,Mexico,1117,44,16,5
2024-03-06,baja california,Mexico,1160,34,10,2
2024-03-06,chihuahua,Mexico,1102,31,10,3
2024-03-06,sonora,Mexico,1118,41,30,5
2024-03-06,coahuila,Mexico,1060,40,15,1
2024-03-06,tamaulipas,Mexico,1002,39,8,2
2024-03-06,yucatán,Mexico,1245,57,22,1
2024-03-06,quintana roo,Mexico,1122,37,15,4
2024-03-06,michoacán,Mexico,952,41,16,3
2024-03-06,morelos,Mexico,701,20,8,2
2024-03-06,tabasco,Mexico,753,32,17,3
2024-03-06,guerrero,Mexico,492,15,7,1
2024-03-06,chiapas,Mexico,407,22,8,4
2024-03-06,san luis potosí,Mexico,467,17,12,1
2024-03-06,hidalgo,Mexico,482,18,8,3
2024-03-06,oaxaca,Mexico,252,7,8,2
2024-03-06,aguascalientes,Mexico,406,17,8,1
2024-03-06,zacatecas,Mexico,292,8,7,0
2024-03-06,baja california sur,Mexico,275,11,3,1
2024-03-06,durango,Mexico,287,9,3,1
2024-03-06,campeche,Mexico,309,8,8,1
2024-03-06,nayarit,Mexico,205,13,5,2
2024-03-06,colima,Mexico,220,8,6,2
2024-03-06,tlaxcala,Mexico,169,8,3,0
2024-03-07,mexico city,Mexico,13604,509,227,54
2024-03-07,méxico,Mexico,6212,229,119,24
2024-03-07,nuevo león,Mexico,4414,160,65,14
2024-03-07,jalisco,Mexico,4956,185,70,14
2024-03-07,veracruz,Mexico,1957,60,23,9
2024-03-07,guanajuato,Mexico,1577,55,20,3
2024-03-07,sinaloa,Mexico,1343,46,14,3
2024-03-07,puebla,Mexico,1523,50,26,5
2024-03-07,querétaro,Mexico,1268,51,22,7
2024-03-07,baja california,Mexico,1383,44,14,2
2024-03-07,chihuahua,Mexico,1224,44,19,3
2024-03-07,sonora,Mexico,1142,36,13,2
2024-03-07,coahuila,Mexico,1083,43,14,4
2024-03-07,tamaulipas,Mexico,1018,32,13,3
2024-03-07,yucatán,Mexico,1303,47,20,6
2024-03-07,quintana roo,Mexico,1135,56,25,6
2024-03-07,michoacán,Mexico,959,37,16,3
2024-03-07,morelos,Mexico,763,19,4,2
2024-03-07,tabasco,Mexico,828,23,16,6
2024-03-07,guerrero,Mexico,570,20,10,5
2024-03-07,chiapas,Mexico,483,18,12,3
2024-03-07,san luis potosí,Mexico,516,18,11,1
2024-03-07,hidalgo,Mexico,477,16,9,4
2024-03-07,oaxaca,Mexico,266,9,3,2
2024-03-07,aguascalientes,Mexico,399,9,5,5
2024-03-07,zacatecas,Mexico,269,13,7,2
2024-03-07,baja california sur,Mexico,335,17,6,0
2024-03-07,durango,Mexico,294,8,1,1
2024-03-07,campeche,Mexico,356,9,6,1
2024-03-07,nayarit,Mexico,231,16,10,4
2024-03-07,colima,Mexico,206,10,4,2
2024-03-07,tlaxcala,Mexico,211,11,13,1
2024-03-08,mexico city,Mexico,13184,428,200,51
2024-03-08,méxico,Mexico,6214,160,94,18
2024-03-08,nuevo león,Mexico,5208,137,50,11
2024-03-08,jalisco,Mexico,5461,167,62,13
2024-03-08,veracruz,Mexico,2095,51,33,5
2024-03-08,guanajuato,Mexico,1805,39,27,6
2024-03-08,sinaloa,Mexico,1747,58,23,5
2024-03-08,puebla,Mexico,1624,52,15,4
2024-03-08,querétaro,Mexico,1209,36,15,4
2024-03-08,baja california,Mexico,2337,35,12,0
2024-03-08,chihuahua,Mexico,1426,40,19,5
2024-03-08,sonora,Mexico,1395,30,6,2
2024-03-08,coahuila,Mexico,1284,29,13,1
2024-03-08,tamaulipas,Mexico,1326,39,11,1
2024-03-08,yucatán,Mexico,1183,28,13,2
2024-03-08,quintana roo,Mexico,1160,41,17,2
2024-03-08,michoacán,Mexico,1366,35,18,2
2024-03-08,morelos,Mexico,841,20,4,1
2024-03-08,tabasco,Mexico,840,28,13,2
2024-03-08,guerrero,Mexico,596,12,4,1
2024-03-08,chiapas,Mexico,545,11,4,1
2024-03-08,san luis potosí,Mexico,573,18,11,4
2024-03-08,hidalgo,Mexico,573,13,6,3
2024-03-08,oaxaca,Mexico,286,13,4,1
2024-03-08,aguascalientes,Mexico,452,12,2,0
2024-03-08,zacatecas,Mexico,376,10,6,3
2024-03-08,baja california sur,Mexico,435,11,4,0
2024-03-08,durango,Mexico,386,15,5,1
2024-03-08,campeche,Mexico,306,12,7,2
2024-03-08,nayarit,Mexico,273,11,5,0
2024-03-08,colima,Mexico,277,9,5,0
2024-03-08,tlaxcala,Mexico,231,2,3,0
2024-03-09,mexico city,Mexico,14185,429,173,39
2024-03-09,méxico,Mexico,7137,215,85,18
2024-03-09,nuevo león,Mexico,6014,150,70,17
2024-03-09,jalisco,Mexico,6092,171,64,17
2024-03-09,veracruz,Mexico,2378,53,17,3
2024-03-09,guanajuato,Mexico,1984,41,17,3
2024-03-09,sinaloa,Mexico,2060,56,11,2
2024-03-09,puebla,Mexico,1865,50,25,4
2024-03-09,querétaro,Mexico,1521,43,18,3
2024-03-09,baja california,Mexico,2519,61,18,5
2024-03-09,chihuahua,Mexico,1601,47,9,2
2024-03-09,sonora,Mexico,1506,48,15,5
2024-03-09,coahuila,Mexico,1421,32,11,2
2024-03-09,tamaulipas,Mexico,1470,32,7,1
2024-03-09,yucatán,Mexico,1263,53,25,5
2024-03-09,quintana roo,Mexico,1197,34,17,6
2024-03-09,michoacán,Mexico,1339,34,15,4
2024-03-09,morelos,Mexico,925,25,11,4
2024-03-09,tabasco,Mexico,948,29,17,3
2024-03-09,guerrero,Mexico,669,20,8,2
2024-03-09,chiapas,Mexico,626,18,8,2
2024-03-09,san luis potosí,Mexico,551,9,4,1
2024-03-09,hidalgo,Mexico,670,23,13,1
2024-03-09,oaxaca,Mexico,320,15,8,5
2024-03-09,aguascalientes,Mexico,513,11,3,1
2024-03-09,zacatecas,Mexico,394,16,5,0
2024-03-09,baja california sur,Mexico,394,11,3,1
2024-03-09,durango,Mexico,399,13,2,0
2024-03-09,campeche,Mexico,353,6,3,1
2024-03-09,nayarit,Mexico,352,12,1,0
2024-03-09,colima,Mexico,271,8,2,1
2024-03-09,tlaxcala,Mexico,292,5,5,3
2024-03-10,mexico city,Mexico,13797,439,218,60
2024-03-10,méxico,Mexico,7162,241,131,38
2024-03-10,nuevo león,Mexico,5614,155,64,12
2024-03-10,jalisco,Mexico,5924,181,74,21
2024-03-10,veracruz,Mexico,2394,71,27,8
2024-03-10,guanajuato,Mexico,2055,59,20,5
2024-03-10,sinaloa,Mexico,1828,47,15,5
2024-03-10,puebla,Mexico,1647,47,21,5
2024-03-10,querétaro,Mexico,1520,36,18,6
2024-03-10,baja california,Mexico,2338,60,8,3
2024-03-10,chihuahua,Mexico,1444,51,16,6
2024-03-10,sonora,Mexico,1412,31,11,2
2024-03-10,coahuila,Mexico,1507,22,8,2
2024-03-10,tamaulipas,Mexico,1353,32,8,2
2024-03-10,yucatán,Mexico,1211,51,13,3
2024-03-10,quintana roo,Mexico,1250,43,17,2
2024-03-10,michoacán,Mexico,1272,46,20,9
2024-03-10,morelos,Mexico,1017,38,14,4
2024-03-10,tabasco,Mexico,901,27,11,2
2024-03-10,guerrero,Mexico,683,22,8,4
2024-03-10,chiapas,Mexico,561,20,8,3
2024-03-10,san luis potosí,Mexico,653,28,19,5
2024-03-10,hidalgo,Mexico,631,18,6,2
2024-03-10,oaxaca,Mexico,315,5,2,0
2024-03-10,aguascalientes,Mexico,528,20,7,0
2024-03-10,zacatecas,Mexico,411,10,1,0
2024-03-10,baja california sur,Mexico,421,13,5,1
2024-03-10,durango,Mexico,367,10,3,1
2024-03-10,campeche,Mexico,343,12,5,1
2024-03-10,nayarit,Mexico,324,2,1,1
2024-03-10,colima,Mexico,269,13,5,1
2024-03-10,tlaxcala,Mexico,289,5,1,0
2024-03-11,mexico city,Mexico,15876,501,248,52
2024-03-11,méxico,Mexico,8002,266,140,26
2024-03-11,nuevo león,Mexico,6923,200,73,18
2024-03-11,jalisco,Mexico,6804,215,103,24
2024-03-11,veracruz,Mexico,2807,85,41,10
2024-03-11,guanajuato,Mexico,2394,58,19,3
2024-03-11,sinaloa,Mexico,2284,63,18,2
2024-03-11,puebla,Mexico,2132,63,37,5
2024-03-11,querétaro,Mexico,1706,65,30,9
2024-03-11,baja california,Mexico,3075,68,15,2
2024-03-11,chihuahua,Mexico,1948,50,18,6
2024-03-11,sonora,Mexico,1801,48,11,2
2024-03-11,coahuila,Mexico,1671,39,13,1
2024-03-11,tamaulipas,Mexico,1762,46,15,2
2024-03-11,yucatán,Mexico,1583,66,22,3
2024-03-11,quintana roo,Mexico,1397,44,17,3
2024-03-11,michoacán,Mexico,1695,48,21,5
2024-03-11,morelos,Mexico,1069,35,14,2
2024-03-11,tabasco,Mexico,1064,29,17,2
2024-03-11,guerrero,Mexico,745,32,15,6
2024-03-11,chiapas,Mexico,662,19,10,1
2024-03-11,san luis potosí,Mexico,700,23,19,4
2024-03-11,hidalgo,Mexico,787,21,5,2
2024-03-11,oaxaca,Mexico,406,13,5,2
2024-03-11,aguascalientes,Mexico,631,17,9,3
2024-03-11,zacatecas,Mexico,473,6,1,0
2024-03-11,baja california sur,Mexico,524,15,7,3
2024-03-11,durango,Mexico,431,8,2,0
2024-03-11,campeche,Mexico,422,12,7,2
2024-03-11,nayarit,Mexico,395,6,4,2
2024-03-11,colima,Mexico,360,13,4,2
2024-03-11,tlaxcala,Mexico,335,9,1,0
2024-03-12,mexico city,Mexico,13079,484,221,62
2024-03-12,méxico,Mexico,6027,221,132,18
2024-03-12,nuevo león,Mexico,4702,156,73,19
2024-03-12,jalisco,Mexico,4830,162,72,21
2024-03-12,veracruz,Mexico,1933,77,42,5
2024-03-12,guanajuato,Mexico,1672,61,29,8
2024-03-12,sinaloa,Mexico,1412,55,23,4
2024-03-12,puebla,Mexico,1600,64,21,3
2024-03-12,querétaro,Mexico,1190,39,17,3
2024-03-12,baja california,Mexico,1637,40,12,4
2024-03-12,chihuahua,Mexico,1188,38,12,3
2024-03-12,sonora,Mexico,1164,31,15,4
2024-03-12,coahuila,Mexico,1092,37,16,1
2024-03-12,tamaulipas,Mexico,1122,32,11,3
2024-03-12,yucatán,Mexico,1238,43,23,2
2024-03-12,quintana roo,Mexico,1015,38,22,7
2024-03-12,michoacán,Mexico,1073,33,13,2
2024-03-12,morelos,Mexico,797,24,8,1
2024-03-12,tabasco,Mexico,802,24,15,4
2024-03-12,guerrero,Mexico,596,26,13,4
2024-03-12,chiapas,Mexico,455,17,4,0
2024-03-12,san luis potosí,Mexico,558,23,14,2
2024-03-12,hidalgo,Mexico,490,19,9,3
2024-03-12,oaxaca,Mexico,262,13,8,1
2024-03-12,aguascalientes,Mexico,427,23,14,2
2024-03-12,zacatecas,Mexico,320,15,4,0
2024-03-12,baja california sur,Mexico,289,9,5,2
2024-03-12,durango,Mexico,268,5,3,0
2024-03-12,campeche,Mexico,327,14,6,2
2024-03-12,nayarit,Mexico,255,9,5,1
2024-03-12,colima,Mexico,235,12,5,1
2024-03-12,tlaxcala,Mexico,173,10,4,0
2024-03-13,mexico city,Mexico,12266,509,222,43
2024-03-13,méxico,Mexico,5468,216,94,20
2024-03-13,nuevo león,Mexico,4113,164,75,18
2024-03-13,jalisco,Mexico,4713,211,87,19
2024-03-13,veracruz,Mexico,1818,76,45,7
2024-03-13,guanajuato,Mexico,1471,63,24,5
2024-03-13,sinaloa,Mexico,1146,49,18,1
2024-03-13,puebla,Mexico,1449,60,23,8
2024-03-13,querétaro,Mexico,1119,42,10,1
2024-03-13,baja california,Mexico,1244,41,15,3
2024-03-13,chihuahua,Mexico,1079,46,21,4
2024-03-13,sonora,Mexico,1182,46,28,3
2024-03-13,coahuila,Mexico,919,41,18,3
2024-03-13,tamaulipas,Mexico,955,33,19,4
2024-03-13,yucatán,Mexico,1179,54,28,6
2024-03-13,quintana roo,Mexico,1024,58,27,7
2024-03-13,michoacán,Mexico,852,35,11,2
2024-03-13,morelos,Mexico,697,25,10,1
2024-03-13,tabasco,Mexico,745,27,15,1
2024-03-13,guerrero,Mexico,506,29,14,6
2024-03-13,chiapas,Mexico,441,20,13,4
2024-03-13,san luis potosí,Mexico,487,19,9,2
2024-03-13,hidalgo,Mexico,490,22,9,1
2024-03-13,oaxaca,Mexico,264,15,4,0
2024-03-13,aguascalientes,Mexico,362,19,10,1
2024-03-13,zacatecas,Mexico,276,13,3,0
2024-03-13,baja california sur,Mexico,225,11,7,0
2024-03-13,durango,Mexico,267,10,3,1
2024-03-13,campeche,Mexico,282,14,1,0
2024-03-13,nayarit,Mexico,182,9,2,0
2024-03-13,colima,Mexico,188,11,5,2
2024-03-13,tlaxcala,Mexico,184,8,9,1
2024-03-14,mexico city,Mexico,11340,499,226,43
2024-03-14,méxico,Mexico,5149,204,109,17
2024-03-14,nuevo león,Mexico,3962,152,52,8
2024-03-14,jalisco,Mexico,4411,196,82,22
2024-03-14,veracruz,Mexico,1721,71,34,5
2024-03-14,guanajuato,Mexico,1526,60,25,4
2024-03-14,sinaloa,Mexico,1148,55,21,6
2024-03-14,puebla,Mexico,1394,55,24,3
2024-03-14,querétaro,Mexico,1074,51,22,7
2024-03-14,baja california,Mexico,1205,26,13,0
2024-03-14,chihuahua,Mexico,1005,49,26,5
2024-03-14,sonora,Mexico,968,38,19,6
2024-03-14,coahuila,Mexico,962,41,20,4
2024-03-14,tamaulipas,Mexico,945,45,26,3
2024-03-14,yucatán,Mexico,1034,40,16,1
2024-03-14,quintana roo,Mexico,960,49,24,1
2024-03-14,michoacán,Mexico,871,41,17,3
2024-03-14,morelos,Mexico,662,23,9,1
2024-03-14,tabasco,Mexico,704,24,12,2
2024-03-14,guerrero,Mexico,436,18,9,2
2024-03-14,chiapas,Mexico,383,18,4,1
2024-03-14,san luis potosí,Mexico,430,13,9,2
2024-03-14,hidalgo,Mexico,430,14,6,0
2024-03-14,oaxaca,Mexico,276,14,9,2
2024-03-14,aguascalientes,Mexico,341,17,12,3
2024-03-14,zacatecas,Mexico,255,9,3,0
2024-03-14,baja california sur,Mexico,269,11,4,0
2024-03-14,durango,Mexico,239,7,2,1
2024-03-14,campeche,Mexico,251,11,4,0
2024-03-14,nayarit,Mexico,201,11,3,0
2024-03-14,colima,Mexico,198,8,4,0
2024-03-14,tlaxcala,Mexico,178,9,7,2
2024-03-15,mexico city,Mexico,12257,561,318,45
2024-03-15,méxico,Mexico,5578,230,117,12
2024-03-15,nuevo león,Mexico,4542,209,103,14
2024-03-15,jalisco,Mexico,4992,219,107,31
2024-03-15,veracruz,Mexico,2029,101,66,5
2024-03-15,guanajuato,Mexico,1555,76,31,8
2024-03-15,sinaloa,Mexico,1288,39,21,0
2024-03-15,puebla,Mexico,1564,80,39,6
2024-03-15,querétaro,Mexico,1156,48,24,7
2024-03-15,baja california,Mexico,1291,41,26,3
2024-03-15,chihuahua,Mexico,1228,53,30,3
2024-03-15,sonora,Mexico,1259,66,30,5
2024-03-15,coahuila,Mexico,1076,42,33,5
2024-03-15,tamaulipas,Mexico,1123,41,27,3
2024-03-15,yucatán,Mexico,1283,59,30,4
2024-03-15,quintana roo,Mexico,1062,54,29,2
2024-03-15,michoacán,Mexico,928,44,22,4
2024-03-15,morelos,Mexico,784,32,14,5
2024-03-15,tabasco,Mexico,877,34,22,2
2024-03-15,guerrero,Mexico,516,23,9,1
2024-03-15,chiapas,Mexico,469,23,11,3
2024-03-15,san luis potosí,Mexico,495,27,12,2
2024-03-15,hidalgo,Mexico,476,20,11,3
2024-03-15,oaxaca,Mexico,282,9,4,0
2024-03-15,aguascalientes,Mexico,395,16,11,1
2024-03-15,zacatecas,Mexico,267,7,6,1
2024-03-15,baja california sur,Mexico,292,16,0,0
2024-03-15,durango,Mexico,283,11,9,1
2024-03-15,campeche,Mexico,329,11,4,2
2024-03-15,nayarit,Mexico,180,10,6,1
2024-03-15,colima,Mexico,195,16,11,0
2024-03-15,tlaxcala,Mexico,230,11,10,1
2024-03-16,mexico city,Mexico,11001,469,302,55
2024-03-16,méxico,Mexico,5264,253,134,18
2024-03-16,nuevo león,Mexico,4343,196,112,14
2024-03-16,jalisco,Mexico,4524,181,107,24
2024-03-16,veracruz,Mexico,1760,66,45,2
2024-03-16,guanajuato,Mexico,1508,70,34,5
2024-03-16,sinaloa,Mexico,1227,50,23,2
2024-03-16,puebla,Mexico,1503,62,44,6
2024-03-16,querétaro,Mexico,1088,49,27,4
2024-03-16,baja california,Mexico,1367,47,22,2
2024-03-16,chihuahua,Mexico,1241,54,33,4
2024-03-16,sonora,Mexico,1190,45,31,5
2024-03-16,coahuila,Mexico,1014,29,15,1
2024-03-16,tamaulipas,Mexico,1072,42,25,2
2024-03-16,yucatán,Mexico,1123,33,21,4
2024-03-16,quintana roo,Mexico,1079,56,27,5
2024-03-16,michoacán,Mexico,924,44,22,6
2024-03-16,morelos,Mexico,717,26,15,2
2024-03-16,tabasco,Mexico,776,43,26,4
2024-03-16,guerrero,Mexico,520,16,7,0
2024-03-16,chiapas,Mexico,473,24,13,3
2024-03-16,san luis potosí,Mexico,438,23,7,3
2024-03-16,hidalgo,Mexico,371,18,8,1
2024-03-16,oaxaca,Mexico,264,16,7,1
2024-03-16,aguascalientes,Mexico,376,10,13,1
2024-03-16,zacatecas,Mexico,291,8,8,1
2024-03-16,baja california sur,Mexico,283,12,10,2
2024-03-16,durango,Mexico,307,11,10,3
2024-03-16,campeche,Mexico,276,23,10,2
2024-03-16,nayarit,Mexico,129,7,2,0
2024-03-16,colima,Mexico,244,10,8,2
2024-03-16,tlaxcala,Mexico,189,4,2,0
2024-03-17,mexico city,Mexico,10494,481,312,50
2024-03-17,méxico,Mexico,5914,232,130,19
2024-03-17,nuevo león,Mexico,4697,177,90,14
2024-03-17,jalisco,Mexico,4622,215,100,26
2024-03-17,veracruz,Mexico,1835,68,50,7
2024-03-17,guanajuato,Mexico,1566,74,39,7
2024-03-17,sinaloa,Mexico,1379,49,24,0
2024-03-17,puebla,Mexico,1477,60,35,7
2024-03-17,querétaro,Mexico,1100,53,18,2
2024-03-17,baja california,Mexico,1532,48,21,3
2024-03-17,chihuahua,Mexico,1304,58,26,0
2024-03-17,sonora,Mexico,1268,51,27,1
2024-03-17,coahuila,Mexico,1126,37,23,2
2024-03-17,tamaulipas,Mexico,1109,41,26,2
2024-03-17,yucatán,Mexico,1151,56,22,6
2024-03-17,quintana roo,Mexico,1007,39,24,3
2024-03-17,michoacán,Mexico,1003,39,25,1
2024-03-17,morelos,Mexico,775,35,21,7
2024-03-17,tabasco,Mexico,763,32,12,1
2024-03-17,guerrero,Mexico,553,23,8,0
2024-03-17,chiapas,Mexico,462,23,12,2
2024-03-17,san luis potosí,Mexico,478,23,14,3
2024-03-17,hidalgo,Mexico,474,26,15,2
2024-03-17,oaxaca,Mexico,250,10,1,0
2024-03-17,aguascalientes,Mexico,338,8,11,1
2024-03-17,zacatecas,Mexico,311,14,5,0
2024-03-17,baja california sur,Mexico,326,9,7,1
2024-03-17,durango,Mexico,332,13,4,0
2024-03-17,campeche,Mexico,286,13,3,0
2024-03-17,nayarit,Mexico,170,5,2,1
2024-03-17,colima,Mexico,240,12,5,1
2024-03-17,tlaxcala,Mexico,172,6,2,0
2024-03-18,mexico city,Mexico,12460,526,334,57
2024-03-18,méxico,Mexico,6500,278,136,43
2024-03-18,nuevo león,Mexico,5843,225,116,13
2024-03-18,jalisco,Mexico,5432,247,114,22
2024-03-18,veracruz,Mexico,2082,84,56,8
2024-03-18,guanajuato,Mexico,1834,75,37,7
2024-03-18,sinaloa,Mexico,1760,75,38,3
2024-03-18,puebla,Mexico,1564,63,43,5
2024-03-18,querétaro,Mexico,1198,57,25,4
2024-03-18,baja california,Mexico,1719,56,21,1
2024-03-18,chihuahua,Mexico,1658,77,32,3
2024-03-18,sonora,Mexico,1459,62,36,5
2024-03-18,coahuila,Mexico,1392,57,25,2
2024-03-18,tamaulipas,Mexico,1379,42,22,1
2024-03-18,yucatán,Mexico,1277,66,26,4
2024-03-18,quintana roo,Mexico,1141,58,40,8
2024-03-18,michoacán,Mexico,1120,40,20,1
2024-03-18,morelos,Mexico,838,34,26,2
2024-03-18,tabasco,Mexico,830,27,20,2
2024-03-18,guerrero,Mexico,602,25,7,1
2024-03-18,chiapas,Mexico,497,25,14,3
2024-03-18,san luis potosí,Mexico,573,18,11,3
2024-03-18,hidalgo,Mexico,548,29,20,4
2024-03-18,oaxaca,Mexico,249,12,5,0
2024-03-18,aguascalientes,Mexico,471,29,12,1
2024-03-18,zacatecas,Mexico,342,21,8,1
2024-03-18,baja california sur,Mexico,319,13,5,3
2024-03-18,durango,Mexico,386,20,10,0
2024-03-18,campeche,Mexico,327,21,9,1
2024-03-18,nayarit,Mexico,222,6,3,1
2024-03-18,colima,Mexico,262,9,6,1
2024-03-18,tlaxcala,Mexico,224,11,6,2
2024-03-19,mexico city,Mexico,12424,518,307,47
2024-03-19,méxico,Mexico,5938,253,147,24
2024-03-19,nuevo león,Mexico,5505,213,118,15
2024-03-19,jalisco,Mexico,5212,235,119,24
2024-03-19,veracruz,Mexico,1947,90,60,5
2024-03-19,guanajuato,Mexico,1597,60,29,3
2024-03-19,sinaloa,Mexico,1511,75,31,5
2024-03-19,puebla,Mexico,1513,64,42,9
2024-03-19,querétaro,Mexico,1264,51,29,6
2024-03-19,baja california,Mexico,1683,48,19,3
2024-03-19,chihuahua,Mexico,1463,50,17,3
2024-03-19,sonora,Mexico,1383,60,32,4
2024-03-19,coahuila,Mexico,1296,46,34,1
2024-03-19,tamaulipas,Mexico,1229,43,21,1
2024-03-19,yucatán,Mexico,1318,58,34,5
2024-03-19,quintana roo,Mexico,1059,51,24,6
2024-03-19,michoacán,Mexico,1083,36,18,3
2024-03-19,morelos,Mexico,819,33,14,1
2024-03-19,tabasco,Mexico,871,45,19,2
2024-03-19,guerrero,Mexico,549,30,12,1
2024-03-19,chiapas,Mexico,430,21,10,1
2024-03-19,san luis potosí,Mexico,545,20,8,2
2024-03-19,hidalgo,Mexico,503,17,15,0
2024-03-19,oaxaca,Mexico,277,11,7,0
2024-03-19,aguascalientes,Mexico,435,22,8,1
2024-03-19,zacatecas,Mexico,326,19,6,1
2024-03-19,baja california sur,Mexico,322,11,7,0
2024-03-19,durango,Mexico,343,13,5,1
2024-03-19,campeche,Mexico,345,18,10,1
2024-03-19,nayarit,Mexico,182,11,3,1
2024-03-19,colima,Mexico,271,13,5,0
2024-03-19,tlaxcala,Mexico,185,7,6,0
2024-03-20,mexico city,Mexico,11957,547,289,63
2024-03-20,méxico,Mexico,5403,255,151,32
2024-03-20,nuevo león,Mexico,5075,196,107,23
2024-03-20,jalisco,Mexico,4939,197,99,18
2024-03-20,veracruz,Mexico,1866,76,43,4
2024-03-20,guanajuato,Mexico,1554,65,41,9
2024-03-20,sinaloa,Mexico,1478,61,24,4
2024-03-20,puebla,Mexico,1398,59,38,7
2024-03-20,querétaro,Mexico,1151,62,32,6
2024-03-20,baja california,Mexico,1700,58,24,4
2024-03-20,chihuahua,Mexico,1567,70,20,3
2024-03-20,sonora,Mexico,1417,67,32,4
2024-03-20,coahuila,Mexico,1254,30,16,6
2024-03-20,tamaulipas,Mexico,1155,35,18,2
2024-03-20,yucatán,Mexico,1202,66,31,8
2024-03-20,quintana roo,Mexico,1127,41,20,4
2024-03-20,michoacán,Mexico,919,50,14,6
2024-03-20,morelos,Mexico,738,33,13,3
2024-03-20,tabasco,Mexico,823,36,10,2
2024-03-20,guerrero,Mexico,545,30,16,2
2024-03-20,chiapas,Mexico,466,23,8,1
2024-03-20,san luis potosí,Mexico,560,26,12,1
2024-03-20,hidalgo,Mexico,494,22,13,0
2024-03-20,oaxaca,Mexico,246,12,6,0
2024-03-20,aguascalientes,Mexico,379,14,8,0
2024-03-20,zacatecas,Mexico,343,15,8,0
2024-03-20,baja california sur,Mexico,321,11,5,2
2024-03-20,durango,Mexico,344,9,5,0
2024-03-20,campeche,Mexico,289,18,3,0
2024-03-20,nayarit,Mexico,183,10,8,1
2024-03-20,colima,Mexico,240,6,5,0
2024-03-20,tlaxcala,Mexico,215,8,7,1
2024-03-21,mexico city,Mexico,11403,474,272,63
2024-03-21,méxico,Mexico,5195,229,135,31
2024-03-21,nuevo león,Mexico,4582,178,72,16
2024-03-21,jalisco,Mexico,4629,219,97,19
2024-03-21,veracruz,Mexico,1891,75,40,9
2024-03-21,guanajuato,Mexico,1428,62,30,6
2024-03-21,sinaloa,Mexico,1472,56,30,10
2024-03-21,puebla,Mexico,1311,55,24,9
2024-03-21,querétaro,Mexico,1170,45,26,7
2024-03-21,baja california,Mexico,1598,48,18,2
2024-03-21,chihuahua,Mexico,1360,52,20,1
2024-03-21,sonora,Mexico,1197,38,21,5
2024-03-21,coahuila,Mexico,1125,36,22,3
2024-03-21,tamaulipas,Mexico,1050,45,14,0
2024-03-21,yucatán,Mexico,1099,40,24,6
2024-03-21,quintana roo,Mexico,1142,55,25,7
2024-03-21,michoacán,Mexico,956,34,13,4
2024-03-21,morelos,Mexico,685,29,12,4
2024-03-21,tabasco,Mexico,807,37,16,2
2024-03-21,guerrero,Mexico,523,20,12,2
2024-03-21,chiapas,Mexico,450,19,17,3
2024-03-21,san luis potosí,Mexico,434,18,9,0
2024-03-21,hidalgo,Mexico,438,20,12,5
2024-03-21,oaxaca,Mexico,253,13,8,2
2024-03-21,aguascalientes,Mexico,393,33,10,3
2024-03-21,zacatecas,Mexico,298,11,5,0
2024-03-21,baja california sur,Mexico,327,13,5,3
2024-03-21,durango,Mexico,319,9,5,0
2024-03-21,campeche,Mexico,312,12,8,1
2024-03-21,nayarit,Mexico,183,4,2,0
2024-03-21,colima,Mexico,225,8,5,2
2024-03-21,tlaxcala,Mexico,180,8,5,1
2024-03-22,mexico city,Mexico,12027,450,201,45
2024-03-22,méxico,Mexico,5880,236,92,25
2024-03-22,nuevo león,Mexico,5042,193,73,21
2024-03-22,jalisco,Mexico,5134,214,97,37
2024-03-22,veracruz,Mexico,2010,93,49,10
2024-03-22,guanajuato,Mexico,1584,52,19,5
2024-03-22,sinaloa,Mexico,1607,67,23,3
2024-03-22,puebla,Mexico,1521,52,33,5
2024-03-22,querétaro,Mexico,1256,35,10,2
2024-03-22,baja california,Mexico,1748,57,21,1
2024-03-22,chihuahua,Mexico,1468,60,25,3
2024-03-22,sonora,Mexico,1357,58,23,4
2024-03-22,coahuila,Mexico,1300,45,21,3
2024-03-22,tamaulipas,Mexico,1153,29,12,2
2024-03-22,yucatán,Mexico,1312,44,37,7
2024-03-22,quintana roo,Mexico,1200,59,24,8
2024-03-22,michoacán,Mexico,1049,49,16,6
2024-03-22,morelos,Mexico,783,29,14,1
2024-03-22,tabasco,Mexico,857,28,16,4
2024-03-22,guerrero,Mexico,644,14,9,1
2024-03-22,chiapas,Mexico,490,28,14,4
2024-03-22,san luis potosí,Mexico,542,23,8,2
2024-03-22,hidalgo,Mexico,524,16,10,1
2024-03-22,oaxaca,Mexico,253,14,7,1
2024-03-22,aguascalientes,Mexico,444,19,3,1
2024-03-22,zacatecas,Mexico,292,8,1,0
2024-03-22,baja california sur,Mexico,364,11,4,2
2024-03-22,durango,Mexico,354,10,5,1
2024-03-22,campeche,Mexico,342,15,12,3
2024-03-22,nayarit,Mexico,196,7,0,0
2024-03-22,colima,Mexico,220,9,4,0
2024-03-22,tlaxcala,Mexico,202,7,2,1
2024-03-23,mexico city,Mexico,12022,433,186,46
2024-03-23,méxico,Mexico,6435,282,136,38
2024-03-23,nuevo león,Mexico,5433,159,66,22
2024-03-23,jalisco,Mexico,5529,227,97,19
2024-03-23,veracruz,Mexico,2042,71,28,5
2024-03-23,guanajuato,Mexico,1767,74,35,9
2024-03-23,sinaloa,Mexico,1737,67,29,6
2024-03-23,puebla,Mexico,1630,64,32,7
2024-03-23,querétaro,Mexico,1264,37,15,2
2024-03-23,baja california,Mexico,1890,70,22,3
2024-03-23,chihuahua,Mexico,1644,59,29,5
2024-03-23,sonora,Mexico,1507,56,23,5
2024-03-23,coahuila,Mexico,1365,43,17,4
2024-03-23,tamaulipas,Mexico,1211,30,16,2
2024-03-23,yucatán,Mexico,1177,45,16,4
2024-03-23,quintana roo,Mexico,1158,54,16,5
2024-03-23,michoacán,Mexico,1207,33,15,6
2024-03-23,morelos,Mexico,944,28,14,1
2024-03-23,tabasco,Mexico,903,36,15,2
2024-03-23,guerrero,Mexico,626,23,9,3
2024-03-23,chiapas,Mexico,464,16,8,2
2024-03-23,san luis potosí,Mexico,566,21,14,2
2024-03-23,hidalgo,Mexico,508,15,11,5
2024-03-23,oaxaca,Mexico,296,18,9,1
2024-03-23,aguascalientes,Mexico,438,15,7,1
2024-03-23,zacatecas,Mexico,350,14,9,2
2024-03-23,baja california sur,Mexico,375,9,6,2
2024-03-23,durango,Mexico,346,16,8,1
2024-03-23,campeche,Mexico,342,15,7,0
2024-03-23,nayarit,Mexico,234,10,4,0
2024-03-23,colima,Mexico,238,7,5,3
2024-03-23,tlaxcala,Mexico,207,6,2,0
2024-03-24,mexico city,Mexico,13579,488,204,56
2024-03-24,méxico,Mexico,7526,277,117,23
2024-03-24,nuevo león,Mexico,6533,223,96,25
2024-03-24,jalisco,Mexico,6003,205,100,25
2024-03-24,veracruz,Mexico,2236,68,24,6
2024-03-24,guanajuato,Mexico,2099,76,28,6
2024-03-24,sinaloa,Mexico,1912,45,15,5
2024-03-24,puebla,Mexico,1774,63,28,6
2024-03-24,querétaro,Mexico,1432,47,17,4
2024-03-24,baja california,Mexico,2487,75,22,4
2024-03-24,chihuahua,Mexico,2203,95,32,7
2024-03-24,sonora,Mexico,1686,53,19,1
2024-03-24,coahuila,Mexico,1748,49,27,3
2024-03-24,tamaulipas,Mexico,1477,41,19,3
2024-03-24,yucatán,Mexico,1508,58,31,8
2024-03-24,quintana roo,Mexico,1397,60,31,7
2024-03-24,michoacán,Mexico,1322,42,18,2
2024-03-24,morelos,Mexico,1070,40,13,3
2024-03-24,tabasco,Mexico,875,33,19,3
2024-03-24,guerrero,Mexico,823,36,14,4
2024-03-24,chiapas,Mexico,539,29,15,1
2024-03-24,san luis potosí,Mexico,667,20,15,2
2024-03-24,hidalgo,Mexico,670,27,12,3
2024-03-24,oaxaca,Mexico,302,14,7,3
2024-03-24,aguascalientes,Mexico,576,16,10,3
2024-03-24,zacatecas,Mexico,399,13,4,1
2024-03-24,baja california sur,Mexico,394,12,4,0
2024-03-24,durango,Mexico,474,16,6,2
2024-03-24,campeche,Mexico,390,14,10,1
2024-03-24,nayarit,Mexico,253,9,1,0
2024-03-24,colima,Mexico,320,14,5,0
2024-03-24,tlaxcala,Mexico,214,7,2,2
2024-03-25,mexico city,Mexico,12349,465,219,64
2024-03-25,méxico,Mexico,6045,234,105,21
2024-03-25,nuevo león,Mexico,5013,177,76,18
2024-03-25,jalisco,Mexico,5174,203,86,20
2024-03-25,veracruz,Mexico,1990,90,38,8
2024-03-25,guanajuato,Mexico,1795,62,24,4
2024-03-25,sinaloa,Mexico,1615,71,20,4
2024-03-25,puebla,Mexico,1546,52,24,3
2024-03-25,querétaro,Mexico,1283,39,15,4
2024-03-25,baja california,Mexico,2015,64,25,1
2024-03-25,chihuahua,Mexico,1492,45,22,1
2024-03-25,sonora,Mexico,1469,45,14,4
2024-03-25,coahuila,Mexico,1351,41,22,5
2024-03-25,tamaulipas,Mexico,1250,39,20,0
2024-03-25,yucatán,Mexico,1210,38,22,3
2024-03-25,quintana roo,Mexico,1136,32,16,4
2024-03-25,michoacán,Mexico,1139,52,17,4
2024-03-25,morelos,Mexico,847,26,10,3
2024-03-25,tabasco,Mexico,814,24,15,3
2024-03-25,guerrero,Mexico,599,22,10,1
2024-03-25,chiapas,Mexico,476,16,8,1
2024-03-25,san luis potosí,Mexico,568,21,7,1
2024-03-25,hidalgo,Mexico,542,28,10,0
2024-03-25,oaxaca,Mexico,307,12,11,3
2024-03-25,aguascalientes,Mexico,449,15,10,1
2024-03-25,zacatecas,Mexico,338,13,6,2
2024-03-25,baja california sur,Mexico,390,6,4,1
2024-03-25,durango,Mexico,368,17,5,1
2024-03-25,campeche,Mexico,276,6,2,0
2024-03-25,nayarit,Mexico,201,4,3,1
2024-03-25,colima,Mexico,234,7,5,3
2024-03-25,tlaxcala,Mexico,220,11,5,1
2024-03-26,mexico city,Mexico,11528,458,196,49
2024-03-26,méxico,Mexico,5696,184,121,33
2024-03-26,nuevo león,Mexico,4497,168,58,18
2024-03-26,jalisco,Mexico,4910,204,86,20
2024-03-26,veracruz,Mexico,1881,60,24,2
2024-03-26,guanajuato,Mexico,1636,55,16,3
2024-03-26,sinaloa,Mexico,1361,54,23,5
2024-03-26,puebla,Mexico,1462,59,38,7
2024-03-26,querétaro,Mexico,1177,52,27,10
2024-03-26,baja california,Mexico,1623,49,19,4
2024-03-26,chihuahua,Mexico,1452,50,24,8
2024-03-26,sonora,Mexico,1243,41,23,1
2024-03-26,coahuila,Mexico,1093,43,19,1
2024-03-26,tamaulipas,Mexico,1066,32,21,3
2024-03-26,yucatán,Mexico,1201,50,25,3
2024-03-26,quintana roo,Mexico,1035,36,16,6
2024-03-26,michoacán,Mexico,1002,46,20,7
2024-03-26,morelos,Mexico,823,34,13,5
2024-03-26,tabasco,Mexico,795,41,24,1
2024-03-26,guerrero,Mexico,558,29,10,3
2024-03-26,chiapas,Mexico,439,21,18,4
2024-03-26,san luis potosí,Mexico,505,25,16,4
2024-03-26,hidalgo,Mexico,508,21,12,5
2024-03-26,oaxaca,Mexico,265,11,3,2
2024-03-26,aguascalientes,Mexico,419,12,11,3
2024-03-26,zacatecas,Mexico,297,6,2,1
2024-03-26,baja california sur,Mexico,312,15,2,0
2024-03-26,durango,Mexico,344,16,6,1
2024-03-26,campeche,Mexico,308,6,3,1
2024-03-26,nayarit,Mexico,174,10,4,1
2024-03-26,colima,Mexico,249,11,4,1
2024-03-26,tlaxcala,Mexico,210,14,2,0
2024-03-27,mexico city,Mexico,12021,427,214,60
2024-03-27,méxico,Mexico,5938,224,131,27
2024-03-27,nuevo león,Mexico,4652,171,66,18
2024-03-27,jalisco,Mexico,5027,189,98,23
2024-03-27,veracruz,Mexico,1935,51,30,7
2024-03-27,guanajuato,Mexico,1620,56,27,6
2024-03-27,sinaloa,Mexico,1434,44,17,5
2024-03-27,puebla,Mexico,1568,63,29,9
2024-03-27,querétaro,Mexico,1159,45,19,3
2024-03-27,baja california,Mexico,1704,52,15,5
2024-03-27,chihuahua,Mexico,1393,57,35,10
2024-03-27,sonora,Mexico,1227,39,17,4
2024-03-27,coahuila,Mexico,1240,44,21,3
2024-03-27,tamaulipas,Mexico,1187,28,15,0
2024-03-27,yucatán,Mexico,1160,44,23,4
2024-03-27,quintana roo,Mexico,1037,36,17,1
2024-03-27,michoacán,Mexico,1008,44,25,4
2024-03-27,morelos,Mexico,825,24,15,4
2024-03-27,tabasco,Mexico,770,32,20,6
2024-03-27,guerrero,Mexico,537,27,19,3
2024-03-27,chiapas,Mexico,479,26,21,2
2024-03-27,san luis potosí,Mexico,552,18,10,1
2024-03-27,hidalgo,Mexico,544,19,11,1
2024-03-27,oaxaca,Mexico,263,6,3,1
2024-03-27,aguascalientes,Mexico,372,15,6,2
2024-03-27,zacatecas,Mexico,299,10,4,1
2024-03-27,baja california sur,Mexico,367,11,6,0
2024-03-27,durango,Mexico,330,13,6,1
2024-03-27,campeche,Mexico,274,7,4,1
2024-03-27,nayarit,Mexico,182,5,3,1
2024-03-27,colima,Mexico,245,10,3,1
2024-03-27,tlaxcala,Mexico,213,11,7,1
2024-03-28,mexico city,Mexico,11131,472,225,62
2024-03-28,méxico,Mexico,5708,213,126,31
2024-03-28,nuevo león,Mexico,4250,164,65,19
2024-03-28,jalisco,Mexico,4651,191,91,26
2024-03-28,veracruz,Mexico,2004,81,36,8
2024-03-28,guanajuato,Mexico,1513,58,29,4
2024-03-28,sinaloa,Mexico,1234,55,20,2
2024-03-28,puebla,Mexico,1480,46,26,7
2024-03-28,querétaro,Mexico,1099,44,24,3
2024-03-28,baja california,Mexico,1573,60,23,3
2024-03-28,chihuahua,Mexico,1238,50,19,3
2024-03-28,sonora,Mexico,1136,37,13,2
2024-03-28,coahuila,Mexico,1125,34,10,4
2024-03-28,tamaulipas,Mexico,1107,42,15,3
2024-03-28,yucatán,Mexico,1046,34,24,2
2024-03-28,quintana roo,Mexico,912,38,18,5
2024-03-28,michoacán,Mexico,977,39,13,5
2024-03-28,morelos,Mexico,784,33,15,5
2024-03-28,tabasco,Mexico,711,21,12,2
2024-03-28,guerrero,Mexico,538,22,10,3
2024-03-28,chiapas,Mexico,422,17,7,3
2024-03-28,san luis potosí,Mexico,506,14,8,2
2024-03-28,hidalgo,Mexico,519,26,15,3
2024-03-28,oaxaca,Mexico,265,13,6,4
2024-03-28,aguascalientes,Mexico,393,12,3,0
2024-03-28,zacatecas,Mexico,317,12,5,0
2024-03-28,baja california sur,Mexico,292,9,4,0
2024-03-28,durango,Mexico,282,4,0,0
2024-03-28,campeche,Mexico,243,10,5,0
2024-03-28,nayarit,Mexico,183,9,7,2
2024-03-28,colima,Mexico,221,8,3,1
2024-03-28,tlaxcala,Mexico,188,8,5,1
2024-03-29,mexico city,Mexico,9333,374,203,51
2024-03-29,méxico,Mexico,4968,170,91,19
2024-03-29,nuevo león,Mexico,3448,130,62,18
2024-03-29,jalisco,Mexico,3906,159,74,17
2024-03-29,veracruz,Mexico,1596,61,31,7
2024-03-29,guanajuato,Mexico,1281,44,30,10
2024-03-29,sinaloa,Mexico,1001,32,19,2
2024-03-29,puebla,Mexico,1213,37,19,3
2024-03-29,querétaro,Mexico,914,35,16,7
2024-03-29,baja california,Mexico,1305,44,19,3
2024-03-29,chihuahua,Mexico,1066,44,21,4
2024-03-29,sonora,Mexico,867,28,6,0
2024-03-29,coahuila,Mexico,880,19,11,1
2024-03-29,tamaulipas,Mexico,849,23,8,3
2024-03-29,yucatán,Mexico,870,39,28,5
2024-03-29,quintana roo,Mexico,812,35,17,4
2024-03-29,michoacán,Mexico,770,25,12,3
2024-03-29,morelos,Mexico,631,21,8,3
2024-03-29,tabasco,Mexico,611,34,23,5
2024-03-29,guerrero,Mexico,447,23,11,2
2024-03-29,chiapas,Mexico,353,14,6,3
2024-03-29,san luis potosí,Mexico,360,13,5,1
2024-03-29,hidalgo,Mexico,416,18,15,1
2024-03-29,oaxaca,Mexico,192,9,4,1
2024-03-29,aguascalientes,Mexico,337,12,6,3
2024-03-29,zacatecas,Mexico,246,9,3,2
2024-03-29,baja california sur,Mexico,282,14,5,2
2024-03-29,durango,Mexico,280,16,7,1
2024-03-29,campeche,Mexico,210,7,1,0
2024-03-29,nayarit,Mexico,126,5,4,2
2024-03-29,colima,Mexico,176,8,5,2
2024-03-29,tlaxcala,Mexico,189,6,5,1
2024-03-30,mexico city,Mexico,9046,358,173,43
2024-03-30,méxico,Mexico,4804,186,99,32
2024-03-30,nuevo león,Mexico,3243,119,54,12
2024-03-30,jalisco,Mexico,3888,146,63,12
2024-03-30,veracruz,Mexico,1435,57,25,9
2024-03-30,guanajuato,Mexico,1215,40,21,3
2024-03-30,sinaloa,Mexico,1051,42,29,5
2024-03-30,puebla,Mexico,1173,50,19,1
2024-03-30,querétaro,Mexico,882,29,14,5
2024-03-30,baja california,Mexico,1522,57,24,3
2024-03-30,chihuahua,Mexico,1019,28,15,3
2024-03-30,sonora,Mexico,920,29,13,5
2024-03-30,coahuila,Mexico,819,33,18,2
2024-03-30,tamaulipas,Mexico,808,20,7,4
2024-03-30,yucatán,Mexico,824,36,22,5
2024-03-30,quintana roo,Mexico,828,42,12,3
2024-03-30,michoacán,Mexico,797,37,22,5
2024-03-30,morelos,Mexico,711,31,11,2
2024-03-30,tabasco,Mexico,563,21,5,1
2024-03-30,guerrero,Mexico,468,12,10,3
2024-03-30,chiapas,Mexico,360,14,7,5
2024-03-30,san luis potosí,Mexico,369,15,10,4
2024-03-30,hidalgo,Mexico,409,13,12,1
2024-03-30,oaxaca,Mexico,191,2,2,0
2024-03-30,aguascalientes,Mexico,339,11,6,2
2024-03-30,zacatecas,Mexico,225,10,4,2
2024-03-30,baja california sur,Mexico,252,10,7,1
2024-03-30,durango,Mexico,260,7,6,0
2024-03-30,campeche,Mexico,187,12,1,1
2024-03-30,nayarit,Mexico,146,4,1,1
2024-03-30,colima,Mexico,181,4,4,0
2024-03-30,tlaxcala,Mexico,196,8,6,1
2024-03-31,mexico city,Mexico,10686,429,216,65
2024-03-31,méxico,Mexico,5666,217,112,28
2024-03-31,nuevo león,Mexico,3748,126,67,17
2024-03-31,jalisco,Mexico,4705,177,78,22
2024-03-31,veracruz,Mexico,1702,57,35,12
2024-03-31,guanajuato,Mexico,1472,45,26,7
2024-03-31,sinaloa,Mexico,1272,58,21,5
2024-03-31,puebla,Mexico,1416,44,25,5
2024-03-31,querétaro,Mexico,1016,33,17,5
2024-03-31,baja california,Mexico,1600,50,20,4
2024-03-31,chihuahua,Mexico,1200,37,11,2
2024-03-31,sonora,Mexico,1087,37,15,4
2024-03-31,coahuila,Mexico,909,27,17,1
2024-03-31,tamaulipas,Mexico,858,27,12,1
2024-03-31,yucatán,Mexico,976,45,22,6
2024-03-31,quintana roo,Mexico,896,36,19,5
2024-03-31,michoacán,Mexico,922,40,23,5
2024-03-31,morelos,Mexico,764,29,14,4
2024-03-31,tabasco,Mexico,701,27,19,4
2024-03-31,guerrero,Mexico,485,17,12,2
2024-03-31,chiapas,Mexico,419,8,10,0
2024-03-31,san luis potosí,Mexico,467,12,6,0
2024-03-31,hidalgo,Mexico,490,20,12,1
2024-03-31,oaxaca,Mexico,227,10,5,2
2024-03-31,aguascalientes,Mexico,400,14,9,2
2024-03-31,zacatecas,Mexico,277,9,3,1
2024-03-31,baja california sur,Mexico,298,12,10,0
2024-03-31,durango,Mexico,286,12,4,0
2024-03-31,campeche,Mexico,228,3,4,0
2024-03-31,nayarit,Mexico,159,2,1,0
2024-03-31,colima,Mexico,232,6,5,0
2024-03-31,tlaxcala,Mexico,190,7,2,0
2024-04-01,mexico city,Mexico,18738,596,294,81
2024-04-01,méxico,Mexico,9526,308,159,40
2024-04-01,nuevo león,Mexico,6367,201,76,20
2024-04-01,jalisco,Mexico,7709,248,124,29
2024-04-01,veracruz,Mexico,2893,92,56,10
2024-04-01,guanajuato,Mexico,2566,87,28,8
2024-04-01,sinaloa,Mexico,2174,59,22,9
2024-04-01,puebla,Mexico,2332,79,41,11
2024-04-01,querétaro,Mexico,1795,63,16,4
2024-04-01,baja california,Mexico,2153,57,16,2
2024-04-01,chihuahua,Mexico,1796,53,26,4
2024-04-01,sonora,Mexico,1774,56,16,4
2024-04-01,coahuila,Mexico,1653,44,11,1
2024-04-01,tamaulipas,Mexico,1545,53,25,7
2024-04-01,yucatán,Mexico,1617,63,26,4
2024-04-01,quintana roo,Mexico,1451,62,29,6
2024-04-01,michoacán,Mexico,1567,51,21,3
2024-04-01,morelos,Mexico,1251,51,25,5
2024-04-01,tabasco,Mexico,1164,43,19,3
2024-04-01,guerrero,Mexico,929,27,15,2
2024-04-01,chiapas,Mexico,747,35,15,4
2024-04-01,san luis potosí,Mexico,700,16,6,1
2024-04-01,hidalgo,Mexico,834,32,15,0
2024-04-01,oaxaca,Mexico,438,11,5,1
2024-04-01,aguascalientes,Mexico,588,20,12,4
2024-04-01,zacatecas,Mexico,454,11,12,4
2024-04-01,baja california sur,Mexico,459,13,3,0
2024-04-01,durango,Mexico,408,14,4,2
2024-04-01,campeche,Mexico,378,14,6,1
2024-04-01,nayarit,Mexico,273,12,3,0
2024-04-01,colima,Mexico,355,7,2,0
2024-04-01,tlaxcala,Mexico,339,14,5,1
2024-04-02,mexico city,Mexico,18974,581,270,58
2024-04-02,méxico,Mexico,9450,311,143,39
2024-04-02,nuevo león,Mexico,6229,220,82,23
2024-04-02,jalisco,Mexico,7264,254,92,27
2024-04-02,veracruz,Mexico,2768,86,56,17
2024-04-02,guanajuato,Mexico,2423,75,33,10
2024-04-02,sinaloa,Mexico,2219,73,30,8
2024-04-02,puebla,Mexico,2401,78,43,7
2024-04-02,querétaro,Mexico,1808,67,26,7
2024-04-02,baja california,Mexico,1946,54,12,2
2024-04-02,chihuahua,Mexico,1744,64,28,6
2024-04-02,sonora,Mexico,1746,58,11,0
2024-04-02,coahuila,Mexico,1493,33,15,1
2024-04-02,tamaulipas,Mexico,1498,36,10,2
2024-04-02,yucatán,Mexico,1589,55,22,6
2024-04-02,quintana roo,Mexico,1468,44,24,7
2024-04-02,michoacán,Mexico,1600,63,33,9
2024-04-02,morelos,Mexico,1243,43,14,1
2024-04-02,tabasco,Mexico,1173,45,17,6
2024-04-02,guerrero,Mexico,858,29,25,5
2024-04-02,chiapas,Mexico,721,24,12,4
2024-04-02,san luis potosí,Mexico,782,21,15,7
2024-04-02,hidalgo,Mexico,801,34,16,5
2024-04-02,oaxaca,Mexico,433,14,8,2
2024-04-02,aguascalientes,Mexico,588,23,9,5
2024-04-02,zacatecas,Mexico,441,24,3,0
2024-04-02,baja california sur,Mexico,453,11,6,0
2024-04-02,durango,Mexico,436,11,7,3
2024-04-02,campeche,Mexico,371,13,7,2
2024-04-02,nayarit,Mexico,282,13,4,3
2024-04-02,colima,Mexico,374,14,6,0
2024-04-02,tlaxcala,Mexico,331,16,9,3
2024-04-03,mexico city,Mexico,16945,563,271,81
2024-04-03,méxico,Mexico,8555,290,153,30
2024-04-03,nuevo león,Mexico,5966,202,73,14
2024-04-03,jalisco,Mexico,6866,244,95,29
2024-04-03,veracruz,Mexico,2795,77,50,4
2024-04-03,guanajuato,Mexico,2392,74,28,8
2024-04-03,sinaloa,Mexico,1934,48,23,2
2024-04-03,puebla,Mexico,2243,80,42,5
2024-04-03,querétaro,Mexico,1731,65,28,11
2024-04-03,baja california,Mexico,1949,65,16,2
2024-04-03,chihuahua,Mexico,1664,40,20,4
2024-04-03,sonora,Mexico,1639,58,13,3
2024-04-03,coahuila,Mexico,1500,51,30,4
2024-04-03,tamaulipas,Mexico,1436,41,15,2
2024-04-03,yucatán,Mexico,1589,59,25,6
2024-04-03,quintana roo,Mexico,1502,43,14,4
2024-04-03,michoacán,Mexico,1519,48,26,5
2024-04-03,morelos,Mexico,1102,35,17,7
2024-04-03,tabasco,Mexico,1104,35,24,5
2024-04-03,guerrero,Mexico,814,24,8,3
2024-04-03,chiapas,Mexico,716,26,7,1
2024-04-03,san luis potosí,Mexico,790,30,11,3
2024-04-03,hidalgo,Mexico,777,34,12,1
2024-04-03,oaxaca,Mexico,406,12,8,2
2024-04-03,aguascalientes,Mexico,591,28,9,2
2024-04-03,zacatecas,Mexico,426,15,9,3
2024-04-03,baja california sur,Mexico,423,20,8,2
2024-04-03,durango,Mexico,465,9,5,1
2024-04-03,campeche,Mexico,387,11,7,1
2024-04-03,nayarit,Mexico,242,4,2,0
2024-04-03,colima,Mexico,338,17,4,0
2024-04-03,tlaxcala,Mexico,281,8,6,1
2024-04-04,mexico city,Mexico,16488,561,289,71
2024-04-04,méxico,Mexico,8158,260,154,38
2024-04-04,nuevo león,Mexico,5874,177,58,17
2024-04-04,jalisco,Mexico,6621,241,112,23
2024-04-04,veracruz,Mexico,2658,75,34,7
2024-04-04,guanajuato,Mexico,2286,74,48,10
2024-04-04,sinaloa,Mexico,1843,45,21,3
2024-04-04,puebla,Mexico,2089,76,37,11
2024-04-04,querétaro,Mexico,1650,50,20,7
2024-04-04,baja california,Mexico,2040,62,23,0
2024-04-04,chihuahua,Mexico,1516,48,28,10
2024-04-04,sonora,Mexico,1492,38,10,3
2024-04-04,coahuila,Mexico,1450,44,14,4
2024-04-04,tamaulipas,Mexico,1437,46,16,5
2024-04-04,yucatán,Mexico,1626,47,25,8
2024-04-04,quintana roo,Mexico,1418,55,22,5
2024-04-04,michoacán,Mexico,1354,42,16,4
2024-04-04,morelos,Mexico,1024,22,15,3
2024-04-04,tabasco,Mexico,1115,27,24,7
2024-04-04,guerrero,Mexico,746,19,11,7
2024-04-04,chiapas,Mexico,640,21,6,1
2024-04-04,san luis potosí,Mexico,693,20,10,2
2024-04-04,hidalgo,Mexico,744,31,15,2
2024-04-04,oaxaca,Mexico,370,10,8,2
2024-04-04,aguascalientes,Mexico,561,17,10,3
2024-04-04,zacatecas,Mexico,374,11,1,0
2024-04-04,baja california sur,Mexico,418,12,3,1
2024-04-04,durango,Mexico,429,25,11,3
2024-04-04,campeche,Mexico,367,12,2,1
2024-04-04,nayarit,Mexico,266,8,6,2
2024-04-04,colima,Mexico,336,6,4,1
2024-04-04,tlaxcala,Mexico,303,10,4,2
2024-04-05,mexico city,Mexico,15637,462,198,46
2024-04-05,méxico,Mexico,7754,236,114,25
2024-04-05,nuevo león,Mexico,5680,183,86,20
2024-04-05,jalisco,Mexico,6568,213,73,13
2024-04-05,veracruz,Mexico,2528,68,25,7
2024-04-05,guanajuato,Mexico,2206,79,33,4
2024-04-05,sinaloa,Mexico,1742,54,16,5
2024-04-05,puebla,Mexico,2097,57,28,9
2024-04-05,querétaro,Mexico,1585,37,11,1
2024-04-05,baja california,Mexico,1862,51,21,5
2024-04-05,chihuahua,Mexico,1341,33,18,4
2024-04-05,sonora,Mexico,1449,41,16,3
2024-04-05,coahuila,Mexico,1391,56,18,2
2024-04-05,tamaulipas,Mexico,1332,39,9,1
2024-04-05,yucatán,Mexico,1439,38,22,5
2024-04-05,quintana roo,Mexico,1301,39,20,2
2024-04-05,michoacán,Mexico,1329,42,15,4
2024-04-05,morelos,Mexico,1013,23,8,2
2024-04-05,tabasco,Mexico,1066,34,19,2
2024-04-05,guerrero,Mexico,728,15,9,0
2024-04-05,chiapas,Mexico,640,23,17,5
2024-04-05,san luis potosí,Mexico,645,22,7,3
2024-04-05,hidalgo,Mexico,694,17,8,0
2024-04-05,oaxaca,Mexico,371,10,7,2
2024-04-05,aguascalientes,Mexico,456,8,5,4
2024-04-05,zacatecas,Mexico,417,20,10,1
2024-04-05,baja california sur,Mexico,429,16,9,2
2024-04-05,durango,Mexico,368,9,3,0
2024-04-05,campeche,Mexico,424,12,6,1
2024-04-05,nayarit,Mexico,272,3,4,0
2024-04-05,colima,Mexico,303,8,2,0
2024-04-05,tlaxcala,Mexico,293,12,4,0
2024-04-06,mexico city,Mexico,12630,360,166,36
2024-04-06,méxico,Mexico,6598,194,99,23
2024-04-06,nuevo león,Mexico,4300,110,52,17
2024-04-06,jalisco,Mexico,5022,170,59,18
2024-04-06,veracruz,Mexico,1976,57,40,9
2024-04-06,guanajuato,Mexico,1733,47,23,7
2024-04-06,sinaloa,Mexico,1377,46,28,8
2024-04-06,puebla,Mexico,1607,43,28,7
2024-04-06,querétaro,Mexico,1261,33,15,4
2024-04-06,baja california,Mexico,1276,38,8,2
2024-04-06,chihuahua,Mexico,1158,40,20,4
2024-04-06,sonora,Mexico,1098,30,14,3
2024-04-06,coahuila,Mexico,1023,30,12,2
2024-04-06,tamaulipas,Mexico,986,32,21,1
2024-04-06,yucatán,Mexico,1147,28,22,7
2024-04-06,quintana roo,Mexico,1047,37,21,4
2024-04-06,michoacán,Mexico,1011,22,14,2
2024-04-06,morelos,Mexico,830,23,10,2
2024-04-06,tabasco,Mexico,821,23,6,1
2024-04-06,guerrero,Mexico,571,21,13,4
2024-04-06,chiapas,Mexico,474,12,6,0
2024-04-06,san luis potosí,Mexico,516,13,7,2
2024-04-06,hidalgo,Mexico,506,20,10,3
2024-04-06,oaxaca,Mexico,329,13,6,2
2024-04-06,aguascalientes,Mexico,403,11,5,1
2024-04-06,zacatecas,Mexico,320,8,3,1
2024-04-06,baja california sur,Mexico,305,11,4,0
2024-04-06,durango,Mexico,333,9,4,1
2024-04-06,campeche,Mexico,304,8,8,0
2024-04-06,nayarit,Mexico,179,10,2,0
2024-04-06,colima,Mexico,243,6,1,1
2024-04-06,tlaxcala,Mexico,221,5,2,0
2024-04-07,mexico city,Mexico,13220,432,238,60
2024-04-07,méxico,Mexico,7016,249,124,25
2024-04-07,nuevo león,Mexico,4684,144,59,9
2024-04-07,jalisco,Mexico,5338,168,61,14
2024-04-07,veracruz,Mexico,2182,63,36,7
2024-04-07,guanajuato,Mexico,1991,54,25,6
2024-04-07,sinaloa,Mexico,1479,51,24,7
2024-04-07,puebla,Mexico,1678,61,35,9
2024-04-07,querétaro,Mexico,1322,35,22,5
2024-04-07,baja california,Mexico,1456,42,11,1
2024-04-07,chihuahua,Mexico,1262,36,11,1
2024-04-07,sonora,Mexico,1223,40,12,1
2024-04-07,coahuila,Mexico,1076,30,16,4
2024-04-07,tamaulipas,Mexico,1103,26,13,3
2024-04-07,yucatán,Mexico,1200,37,14,2
2024-04-07,quintana roo,Mexico,1170,35,11,5
2024-04-07,michoacán,Mexico,1066,39,16,4
2024-04-07,morelos,Mexico,1004,27,12,2
2024-04-07,tabasco,Mexico,801,26,13,3
2024-04-07,guerrero,Mexico,624,20,13,3
2024-04-07,chiapas,Mexico,505,20,8,3
2024-04-07,san luis potosí,Mexico,545,16,3,1
2024-04-07,hidalgo,Mexico,594,21,10,5
2024-04-07,oaxaca,Mexico,285,6,4,0
2024-04-07,aguascalientes,Mexico,483,12,4,0
2024-04-07,zacatecas,Mexico,348,4,6,1
2024-04-07,baja california sur,Mexico,304,15,7,3
2024-04-07,durango,Mexico,333,8,2,1
2024-04-07,campeche,Mexico,373,10,6,2
2024-04-07,nayarit,Mexico,179,4,3,1
2024-04-07,colima,Mexico,260,6,3,1
2024-04-07,tlaxcala,Mexico,235,8,2,1
2024-04-08,mexico city,Mexico,15419,509,250,65
2024-04-08,méxico,Mexico,7529,270,149,31
2024-04-08,nuevo león,Mexico,5684,158,73,12
2024-04-08,jalisco,Mexico,6137,214,91,23
2024-04-08,veracruz,Mexico,2652,91,41,6
2024-04-08,guanajuato,Mexico,2157,68,41,11
2024-04-08,sinaloa,Mexico,1726,47,19,6
2024-04-08,puebla,Mexico,1977,85,54,7
2024-04-08,querétaro,Mexico,1559,55,34,7
2024-04-08,baja california,Mexico,1694,33,17,4
2024-04-08,chihuahua,Mexico,1471,42,21,0
2024-04-08,sonora,Mexico,1607,50,20,3
2024-04-08,coahuila,Mexico,1397,41,18,4
2024-04-08,tamaulipas,Mexico,1392,38,19,4
2024-04-08,yucatán,Mexico,1519,54,27,10
2024-04-08,quintana roo,Mexico,1353,70,33,10
2024-04-08,michoacán,Mexico,1330,34,17,2
2024-04-08,morelos,Mexico,1015,28,15,5
2024-04-08,tabasco,Mexico,1063,37,24,3
2024-04-08,guerrero,Mexico,729,20,12,0
2024-04-08,chiapas,Mexico,608,26,11,2
2024-04-08,san luis potosí,Mexico,650,22,14,4
2024-04-08,hidalgo,Mexico,612,16,9,2
2024-04-08,oaxaca,Mexico,321,9,2,0
2024-04-08,aguascalientes,Mexico,563,13,9,1
2024-04-08,zacatecas,Mexico,415,16,16,4
2024-04-08,baja california sur,Mexico,409,11,2,0
2024-04-08,durango,Mexico,389,16,7,0
2024-04-08,campeche,Mexico,424,17,9,0
2024-04-08,nayarit,Mexico,257,6,1,0
2024-04-08,colima,Mexico,300,11,5,2
2024-04-08,tlaxcala,Mexico,231,11,8,2
2024-04-09,mexico city,Mexico,14971,490,233,57
2024-04-09,méxico,Mexico,7202,249,140,33
2024-04-09,nuevo león,Mexico,5581,212,67,14
2024-04-09,jalisco,Mexico,6024,227,97,25
2024-04-09,veracruz,Mexico,2535,64,47,9
2024-04-09,guanajuato,Mexico,1969,71,30,6
2024-04-09,sinaloa,Mexico,1677,45,12,2
2024-04-09,puebla,Mexico,1960,63,45,6
2024-04-09,querétaro,Mexico,1486,61,22,5
2024-04-09,baja california,Mexico,1826,58,18,3
2024-04-09,chihuahua,Mexico,1373,50,19,4
2024-04-09,sonora,Mexico,1420,37,21,5
2024-04-09,coahuila,Mexico,1386,48,34,7
2024-04-09,tamaulipas,Mexico,1281,44,16,3
2024-04-09,yucatán,Mexico,1451,44,22,7
2024-04-09,quintana roo,Mexico,1394,55,35,10
2024-04-09,michoacán,Mexico,1242,34,21,3
2024-04-09,morelos,Mexico,900,25,12,2
2024-04-09,tabasco,Mexico,1031,32,18,4
2024-04-09,guerrero,Mexico,650,33,18,3
2024-04-09,chiapas,Mexico,572,31,16,3
2024-04-09,san luis potosí,Mexico,688,32,8,3
2024-04-09,hidalgo,Mexico,637,20,8,2
2024-04-09,oaxaca,Mexico,288,11,7,2
2024-04-09,aguascalientes,Mexico,497,21,3,1
2024-04-09,zacatecas,Mexico,381,15,4,1
2024-04-09,baja california sur,Mexico,360,9,1,0
2024-04-09,durango,Mexico,334,8,4,2
2024-04-09,campeche,Mexico,417,11,9,4
2024-04-09,nayarit,Mexico,220,8,3,1
2024-04-09,colima,Mexico,307,16,7,1
2024-04-09,tlaxcala,Mexico,258,10,5,0
2024-04-10,mexico city,Mexico,13800,478,247,51
2024-04-10,méxico,Mexico,6412,243,124,35
2024-04-10,nuevo león,Mexico,4780,150,56,12
2024-04-10,jalisco,Mexico,5364,191,87,10
2024-04-10,veracruz,Mexico,2110,69,45,11
2024-04-10,guanajuato,Mexico,1799,70,29,6
2024-04-10,sinaloa,Mexico,1530,52,21,4
2024-04-10,puebla,Mexico,1746,63,38,7
2024-04-10,querétaro,Mexico,1284,51,21,4
2024-04-10,baja california,Mexico,1649,57,9,3
2024-04-10,chihuahua,Mexico,1196,51,24,7
2024-04-10,sonora,Mexico,1282,46,20,3
2024-04-10,coahuila,Mexico,1181,34,16,3
2024-04-10,tamaulipas,Mexico,1144,33,17,5
2024-04-10,yucatán,Mexico,1308,42,23,8
2024-04-10,quintana roo,Mexico,1198,50,23,7
2024-04-10,michoacán,Mexico,1083,42,17,2
2024-04-10,morelos,Mexico,869,35,17,4
2024-04-10,tabasco,Mexico,865,33,25,9
2024-04-10,guerrero,Mexico,567,15,4,0
2024-04-10,chiapas,Mexico,508,19,9,3
2024-04-10,san luis potosí,Mexico,577,19,14,2
2024-04-10,hidalgo,Mexico,569,16,8,2
2024-04-10,oaxaca,Mexico,279,12,10,2
2024-04-10,aguascalientes,Mexico,401,10,4,1
2024-04-10,zacatecas,Mexico,303,11,3,1
2024-04-10,baja california sur,Mexico,329,12,8,1
2024-04-10,durango,Mexico,283,14,10,1
2024-04-10,campeche,Mexico,382,13,3,1
2024-04-10,nayarit,Mexico,195,6,6,3
2024-04-10,colima,Mexico,269,12,2,0
2024-04-10,tlaxcala,Mexico,237,9,4,0
2024-04-11,mexico city,Mexico,13304,490,245,58
2024-04-11,méxico,Mexico,6258,246,144,36
2024-04-11,nuevo león,Mexico,4517,158,80,19
2024-04-11,jalisco,Mexico,5159,190,97,31
2024-04-11,veracruz,Mexico,1959,60,18,0
2024-04-11,guanajuato,Mexico,1662,61,24,5
2024-04-11,sinaloa,Mexico,1342,50,12,2
2024-04-11,puebla,Mexico,1619,58,29,8
2024-04-11,querétaro,Mexico,1275,44,21,4
2024-04-11,baja california,Mexico,1285,36,4,0
2024-04-11,chihuahua,Mexico,1137,33,11,2
2024-04-11,sonora,Mexico,1207,58,20,4
2024-04-11,coahuila,Mexico,1119,30,15,2
2024-04-11,tamaulipas,Mexico,1008,26,10,4
2024-04-11,yucatán,Mexico,1199,41,14,2
2024-04-11,quintana roo,Mexico,1081,36,24,7
2024-04-11,michoacán,Mexico,1066,38,8,2
2024-04-11,morelos,Mexico,793,30,15,1
2024-04-11,tabasco,Mexico,817,22,9,1
2024-04-11,guerrero,Mexico,523,14,8,1
2024-04-11,chiapas,Mexico,472,19,6,1
2024-04-11,san luis potosí,Mexico,523,22,13,1
2024-04-11,hidalgo,Mexico,540,13,9,1
2024-04-11,oaxaca,Mexico,250,10,5,1
2024-04-11,aguascalientes,Mexico,327,11,5,2
2024-04-11,zacatecas,Mexico,300,11,3,0
2024-04-11,baja california sur,Mexico,297,8,4,0
2024-04-11,durango,Mexico,256,15,3,0
2024-04-11,campeche,Mexico,311,11,6,1
2024-04-11,nayarit,Mexico,181,10,2,0
2024-04-11,colima,Mexico,234,12,4,3
2024-04-11,tlaxcala,Mexico,203,13,6,0
2024-04-12,mexico city,Mexico,15737,461,223,47
2024-04-12,méxico,Mexico,7127,231,111,22
2024-04-12,nuevo león,Mexico,5387,150,63,12
2024-04-12,jalisco,Mexico,6017,206,77,11
2024-04-12,veracruz,Mexico,2260,71,37,5
2024-04-12,guanajuato,Mexico,1843,51,24,6
2024-04-12,sinaloa,Mexico,1528,39,9,3
2024-04-12,puebla,Mexico,1984,77,40,6
2024-04-12,querétaro,Mexico,1474,53,8,2
2024-04-12,baja california,Mexico,1644,41,10,1
2024-04-12,chihuahua,Mexico,1258,45,18,3
2024-04-12,sonora,Mexico,1215,26,12,2
2024-04-12,coahuila,Mexico,1224,33,16,4
2024-04-12,tamaulipas,Mexico,1264,33,16,4
2024-04-12,yucatán,Mexico,1259,31,12,4
2024-04-12,quintana roo,Mexico,1252,38,20,1
2024-04-12,michoacán,Mexico,1115,44,10,4
2024-04-12,morelos,Mexico,1481,35,14,2
2024-04-12,tabasco,Mexico,931,30,13,2
2024-04-12,guerrero,Mexico,716,22,12,1
2024-04-12,chiapas,Mexico,545,19,14,2
2024-04-12,san luis potosí,Mexico,632,18,4,0
2024-04-12,hidalgo,Mexico,676,25,10,1
2024-04-12,oaxaca,Mexico,293,7,8,0
2024-04-12,aguascalientes,Mexico,415,13,5,1
2024-04-12,zacatecas,Mexico,354,12,4,1
2024-04-12,baja california sur,Mexico,360,22,9,1
2024-04-12,durango,Mexico,351,14,9,2
2024-04-12,campeche,Mexico,404,12,2,0
2024-04-12,nayarit,Mexico,207,8,5,0
2024-04-12,colima,Mexico,249,11,4,1
2024-04-12,tlaxcala,Mexico,236,2,4,2
2024-04-13,mexico city,Mexico,12699,407,212,46
2024-04-13,méxico,Mexico,6188,215,120,20
2024-04-13,nuevo león,Mexico,4267,132,49,17
2024-04-13,jalisco,Mexico,4900,173,85,27
2024-04-13,veracruz,Mexico,1890,60,30,7
2024-04-13,guanajuato,Mexico,1602,36,12,3
2024-04-13,sinaloa,Mexico,1250,41,15,3
2024-04-13,puebla,Mexico,1605,43,22,6
2024-04-13,querétaro,Mexico,1210,50,25,4
2024-04-13,baja california,Mexico,1296,37,14,3
2024-04-13,chihuahua,Mexico,1101,46,22,10
2024-04-13,sonora,Mexico,1032,34,9,3
2024-04-13,coahuila,Mexico,1068,35,19,3
2024-04-13,tamaulipas,Mexico,973,30,9,1
2024-04-13,yucatán,Mexico,1097,33,22,2
2024-04-13,quintana roo,Mexico,1033,34,19,3
2024-04-13,michoacán,Mexico,988,29,22,3
2024-04-13,morelos,Mexico,871,17,14,3
2024-04-13,tabasco,Mexico,818,32,14,1
2024-04-13,guerrero,Mexico,511,9,6,2
2024-04-13,chiapas,Mexico,447,11,2,1
2024-04-13,san luis potosí,Mexico,501,18,9,3
2024-04-13,hidalgo,Mexico,558,15,4,1
2024-04-13,oaxaca,Mexico,221,13,10,3
2024-04-13,aguascalientes,Mexico,331,17,8,1
2024-04-13,zacatecas,Mexico,331,11,5,0
2024-04-13,baja california sur,Mexico,253,10,7,1
2024-04-13,durango,Mexico,287,9,3,0
2024-04-13,campeche,Mexico,279,4,0,0
2024-04-13,nayarit,Mexico,170,4,3,1
2024-04-13,colima,Mexico,204,7,3,0
2024-04-13,tlaxcala,Mexico,226,7,2,1
2024-04-14,mexico city,Mexico,12070,425,209,56
2024-04-14,méxico,Mexico,6066,202,115,31
2024-04-14,nuevo león,Mexico,4384,148,60,16
2024-04-14,jalisco,Mexico,4715,158,60,18
2024-04-14,veracruz,Mexico,1890,54,30,7
2024-04-14,guanajuato,Mexico,1679,55,27,5
2024-04-14,sinaloa,Mexico,1208,40,24,6
2024-04-14,puebla,Mexico,1507,53,25,6
2024-04-14,querétaro,Mexico,1233,41,19,4
2024-04-14,baja california,Mexico,1236,36,12,2
2024-04-14,chihuahua,Mexico,1126,35,18,5
2024-04-14,sonora,Mexico,1057,33,11,2
2024-04-14,coahuila,Mexico,1049,42,9,3
2024-04-14,tamaulipas,Mexico,967,30,8,2
2024-04-14,yucatán,Mexico,1025,35,14,4
2024-04-14,quintana roo,Mexico,1035,46,24,4
2024-04-14,michoacán,Mexico,998,32,13,2
2024-04-14,morelos,Mexico,795,25,18,5
2024-04-14,tabasco,Mexico,767,31,16,2
2024-04-14,guerrero,Mexico,532,23,11,2
2024-04-14,chiapas,Mexico,427,16,1,0
2024-04-14,san luis potosí,Mexico,501,15,5,0
2024-04-14,hidalgo,Mexico,585,20,11,2
2024-04-14,oaxaca,Mexico,254,8,6,2
2024-04-14,aguascalientes,Mexico,358,11,4,2
2024-04-14,zacatecas,Mexico,296,17,9,2
2024-04-14,baja california sur,Mexico,265,7,0,0
2024-04-14,durango,Mexico,286,8,6,2
2024-04-14,campeche,Mexico,300,12,8,3
2024-04-14,nayarit,Mexico,169,8,1,0
2024-04-14,colima,Mexico,237,4,4,0
2024-04-14,tlaxcala,Mexico,199,10,2,0
2024-04-15,mexico city,Mexico,14315,502,298,64
2024-04-15,méxico,Mexico,6951,230,116,37
2024-04-15,nuevo león,Mexico,5143,157,67,12
2024-04-15,jalisco,Mexico,5790,212,98,23
2024-04-15,veracruz,Mexico,2207,63,21,3
2024-04-15,guanajuato,Mexico,1922,58,22,5
2024-04-15,sinaloa,Mexico,1455,41,14,2
2024-04-15,puebla,Mexico,1767,40,20,4
2024-04-15,querétaro,Mexico,1351,41,23,6
2024-04-15,baja california,Mexico,1506,41,21,2
2024-04-15,chihuahua,Mexico,1285,31,16,1
2024-04-15,sonora,Mexico,1334,35,17,7
2024-04-15,coahuila,Mexico,1270,36,13,3
2024-04-15,tamaulipas,Mexico,1262,40,15,4
2024-04-15,yucatán,Mexico,1335,53,17,2
2024-04-15,quintana roo,Mexico,1167,44,26,7
2024-04-15,michoacán,Mexico,1166,33,16,7
2024-04-15,morelos,Mexico,899,21,19,4
2024-04-15,tabasco,Mexico,874,31,8,0
2024-04-15,guerrero,Mexico,594,14,7,4
2024-04-15,chiapas,Mexico,522,13,9,2
2024-04-15,san luis potosí,Mexico,548,10,9,3
2024-04-15,hidalgo,Mexico,644,25,16,4
2024-04-15,oaxaca,Mexico,258,8,4,1
2024-04-15,aguascalientes,Mexico,394,10,5,3
2024-04-15,zacatecas,Mexico,357,17,6,4
2024-04-15,baja california sur,Mexico,366,18,7,3
2024-04-15,durango,Mexico,311,6,8,1
2024-04-15,campeche,Mexico,363,13,6,1
2024-04-15,nayarit,Mexico,187,4,0,0
2024-04-15,colima,Mexico,258,13,2,0
2024-04-15,tlaxcala,Mexico,212,7,2,0
2024-04-16,mexico city,Mexico,14536,486,237,48
2024-04-16,méxico,Mexico,6863,228,116,24
2024-04-16,nuevo león,Mexico,5084,177,64,16
2024-04-16,jalisco,Mexico,5720,217,103,29
2024-04-16,veracruz,Mexico,2268,66,33,9
2024-04-16,guanajuato,Mexico,1901,54,17,5
2024-04-16,sinaloa,Mexico,1520,54,24,7
2024-04-16,puebla,Mexico,1748,53,22,6
2024-04-16,querétaro,Mexico,1485,47,30,10
2024-04-16,baja california,Mexico,1368,48,11,3
2024-04-16,chihuahua,Mexico,1255,32,16,2
2024-04-16,sonora,Mexico,1253,47,23,7
2024-04-16,coahuila,Mexico,1283,38,21,1
2024-04-16,tamaulipas,Mexico,1243,42,9,2
2024-04-16,yucatán,Mexico,1370,41,22,1
2024-04-16,quintana roo,Mexico,1046,36,10,1
2024-04-16,michoacán,Mexico,1093,27,17,4
2024-04-16,morelos,Mexico,846,18,10,1
2024-04-16,tabasco,Mexico,914,29,20,2
2024-04-16,guerrero,Mexico,614,14,7,0
2024-04-16,chiapas,Mexico,570,27,13,2
2024-04-16,san luis potosí,Mexico,632,17,3,0
2024-04-16,hidalgo,Mexico,639,20,11,3
2024-04-16,oaxaca,Mexico,268,7,2,0
2024-04-16,aguascalientes,Mexico,430,20,5,2
2024-04-16,zacatecas,Mexico,380,20,13,2
2024-04-16,baja california sur,Mexico,334,18,12,1
2024-04-16,durango,Mexico,293,4,7,1
2024-04-16,campeche,Mexico,353,6,3,0
2024-04-16,nayarit,Mexico,171,4,1,0
2024-04-16,colima,Mexico,255,10,3,0
2024-04-16,tlaxcala,Mexico,262,7,3,1
2024-04-17,mexico city,Mexico,15197,485,252,49
2024-04-17,méxico,Mexico,6939,243,124,23
2024-04-17,nuevo león,Mexico,4991,157,60,14
2024-04-17,jalisco,Mexico,5875,193,77,14
2024-04-17,veracruz,Mexico,2354,84,28,7
2024-04-17,guanajuato,Mexico,1781,57,19,2
2024-04-17,sinaloa,Mexico,1521,62,24,6
2024-04-17,puebla,Mexico,1836,60,32,7
2024-04-17,querétaro,Mexico,1436,49,25,6
2024-04-17,baja california,Mexico,1425,43,20,5
2024-04-17,chihuahua,Mexico,1255,50,15,2
2024-04-17,sonora,Mexico,1241,41,15,1
2024-04-17,coahuila,Mexico,1206,38,20,1
2024-04-17,tamaulipas,Mexico,1146,26,9,3
2024-04-17,yucatán,Mexico,1285,48,23,4
2024-04-17,quintana roo,Mexico,1220,44,25,2
2024-04-17,michoacán,Mexico,1158,39,14,4
2024-04-17,morelos,Mexico,910,25,12,2
2024-04-17,tabasco,Mexico,911,36,17,2
2024-04-17,guerrero,Mexico,580,14,9,3
2024-04-17,chiapas,Mexico,563,16,13,2
2024-04-17,san luis potosí,Mexico,585,23,13,4
2024-04-17,hidalgo,Mexico,665,26,18,5
2024-04-17,oaxaca,Mexico,308,4,6,2
2024-04-17,aguascalientes,Mexico,446,20,8,3
2024-04-17,zacatecas,Mexico,375,14,9,2
2024-04-17,baja california sur,Mexico,326,8,2,0
2024-04-17,durango,Mexico,355,7,4,2
2024-04-17,campeche,Mexico,342,9,2,0
2024-04-17,nayarit,Mexico,218,9,3,0
2024-04-17,colima,Mexico,270,9,5,0
2024-04-17,tlaxcala,Mexico,225,13,6,1
2024-04-18,mexico city,Mexico,15000,398,215,60
2024-04-18,méxico,Mexico,6846,194,109,19
2024-04-18,nuevo león,Mexico,5199,148,56,12
2024-04-18,jalisco,Mexico,5900,184,93,20
2024-04-18,veracruz,Mexico,2277,58,36,1
2024-04-18,guanajuato,Mexico,1891,56,20,6
2024-04-18,sinaloa,Mexico,1492,44,24,3
2024-04-18,puebla,Mexico,1790,56,31,12
2024-04-18,querétaro,Mexico,1476,36,17,4
2024-04-18,baja california,Mexico,1455,29,16,4
2024-04-18,chihuahua,Mexico,1163,44,21,5
2024-04-18,sonora,Mexico,1216,26,14,3
2024-04-18,coahuila,Mexico,1138,38,17,0
2024-04-18,tamaulipas,Mexico,1224,43,20,1
2024-04-18,yucatán,Mexico,1344,43,22,4
2024-04-18,quintana roo,Mexico,1296,38,17,4
2024-04-18,michoacán,Mexico,1099,24,14,5
2024-04-18,morelos,Mexico,976,33,25,5
2024-04-18,tabasco,Mexico,1011,20,13,2
2024-04-18,guerrero,Mexico,552,19,18,1
2024-04-18,chiapas,Mexico,549,13,10,2
2024-04-18,san luis potosí,Mexico,611,11,5,2
2024-04-18,hidalgo,Mexico,645,16,8,5
2024-04-18,oaxaca,Mexico,295,12,9,3
2024-04-18,aguascalientes,Mexico,451,19,8,1
2024-04-18,zacatecas,Mexico,368,12,7,2
2024-04-18,baja california sur,Mexico,378,17,13,1
2024-04-18,durango,Mexico,312,11,3,0
2024-04-18,campeche,Mexico,383,5,3,3
2024-04-18,nayarit,Mexico,171,3,3,2
2024-04-18,colima,Mexico,254,9,1,0
2024-04-18,tlaxcala,Mexico,213,7,1,0
2024-04-19,mexico city,Mexico,13262,408,206,46
2024-04-19,méxico,Mexico,6409,177,103,18
2024-04-19,nuevo león,Mexico,4445,121,55,9
2024-04-19,jalisco,Mexico,5208,172,73,13
2024-04-19,veracruz,Mexico,2074,53,27,4
2024-04-19,guanajuato,Mexico,1602,39,14,4
2024-04-19,sinaloa,Mexico,1318,34,10,1
2024-04-19,puebla,Mexico,1733,46,43,5
2024-04-19,querétaro,Mexico,1261,44,14,2
2024-04-19,baja california,Mexico,1335,35,17,2
2024-04-19,chihuahua,Mexico,1064,35,13,2
2024-04-19,sonora,Mexico,1135,31,13,4
2024-04-19,coahuila,Mexico,1047,33,17,5
2024-04-19,tamaulipas,Mexico,1124,25,14,2
2024-04-19,yucatán,Mexico,1270,35,13,2
2024-04-19,quintana roo,Mexico,1129,36,20,0
2024-04-19,michoacán,Mexico,1003,26,15,5
2024-04-19,morelos,Mexico,804,20,14,3
2024-04-19,tabasco,Mexico,855,19,7,2
2024-04-19,guerrero,Mexico,590,17,10,3
2024-04-19,chiapas,Mexico,546,21,14,3
2024-04-19,san luis potosí,Mexico,558,13,8,3
2024-04-19,hidalgo,Mexico,556,20,11,1
2024-04-19,oaxaca,Mexico,244,8,5,0
2024-04-19,aguascalientes,Mexico,383,9,8,2
2024-04-19,zacatecas,Mexico,323,8,3,0
2024-04-19,baja california sur,Mexico,335,19,3,1
2024-04-19,durango,Mexico,287,7,5,0
2024-04-19,campeche,Mexico,346,5,3,0
2024-04-19,nayarit,Mexico,194,7,5,1
2024-04-19,colima,Mexico,231,10,5,2
2024-04-19,tlaxcala,Mexico,190,11,3,2
2024-04-20,mexico city,Mexico,11278,336,154,29
2024-04-20,méxico,Mexico,5358,171,85,21
2024-04-20,nuevo león,Mexico,4128,96,50,7
2024-04-20,jalisco,Mexico,4559,148,85,20
2024-04-20,veracruz,Mexico,1807,60,23,3
2024-04-20,guanajuato,Mexico,1489,41,19,5
2024-04-20,sinaloa,Mexico,1201,37,18,5
2024-04-20,puebla,Mexico,1491,41,26,5
2024-04-20,querétaro,Mexico,1145,41,29,7
2024-04-20,baja california,Mexico,1168,23,13,1
2024-04-20,chihuahua,Mexico,942,24,10,0
2024-04-20,sonora,Mexico,951,21,8,2
2024-04-20,coahuila,Mexico,1037,32,12,2
2024-04-20,tamaulipas,Mexico,1027,30,18,2
2024-04-20,yucatán,Mexico,1010,26,7,1
2024-04-20,quintana roo,Mexico,881,29,10,1
2024-04-20,michoacán,Mexico,878,20,8,2
2024-04-20,morelos,Mexico,710,19,10,3
2024-04-20,tabasco,Mexico,766,29,15,3
2024-04-20,guerrero,Mexico,455,11,3,0
2024-04-20,chiapas,Mexico,396,9,2,2
2024-04-20,san luis potosí,Mexico,448,9,3,0
2024-04-20,hidalgo,Mexico,517,12,7,2
2024-04-20,oaxaca,Mexico,189,3,3,0
2024-04-20,aguascalientes,Mexico,308,9,4,0
2024-04-20,zacatecas,Mexico,277,12,3,0
2024-04-20,baja california sur,Mexico,266,10,2,0
2024-04-20,durango,Mexico,247,8,3,2
2024-04-20,campeche,Mexico,282,7,4,0
2024-04-20,nayarit,Mexico,142,4,2,0
2024-04-20,colima,Mexico,189,4,4,0
2024-04-20,tlaxcala,Mexico,216,7,1,1
2024-04-21,mexico city,Mexico,12276,420,177,41
2024-04-21,méxico,Mexico,6325,187,75,12
2024-04-21,nuevo león,Mexico,4770,147,40,8
2024-04-21,jalisco,Mexico,5072,163,72,16
2024-04-21,veracruz,Mexico,2089,71,33,7
2024-04-21,guanajuato,Mexico,1724,46,20,5
2024-04-21,sinaloa,Mexico,1368,39,16,3
2024-04-21,puebla,Mexico,1576,49,27,6
2024-04-21,querétaro,Mexico,1275,39,18,6
2024-04-21,baja california,Mexico,1198,34,13,2
2024-04-21,chihuahua,Mexico,1189,30,12,1
2024-04-21,sonora,Mexico,1057,33,10,2
2024-04-21,coahuila,Mexico,1205,29,8,3
2024-04-21,tamaulipas,Mexico,1118,26,13,4
2024-04-21,yucatán,Mexico,1126,36,11,3
2024-04-21,quintana roo,Mexico,1078,35,16,5
2024-04-21,michoacán,Mexico,986,24,8,0
2024-04-21,morelos,Mexico,861,24,12,3
2024-04-21,tabasco,Mexico,770,15,3,0
2024-04-21,guerrero,Mexico,511,13,5,1
2024-04-21,chiapas,Mexico,468,17,8,2
2024-04-21,san luis potosí,Mexico,531,11,5,2
2024-04-21,hidalgo,Mexico,543,22,8,2
2024-04-21,oaxaca,Mexico,256,7,1,0
2024-04-21,aguascalientes,Mexico,329,11,0,0
2024-04-21,zacatecas,Mexico,330,12,4,2
2024-04-21,baja california sur,Mexico,269,8,4,2
2024-04-21,durango,Mexico,303,4,2,1
2024-04-21,campeche,Mexico,273,6,1,1
2024-04-21,nayarit,Mexico,185,6,3,1
2024-04-21,colima,Mexico,230,8,5,1
2024-04-21,tlaxcala,Mexico,204,8,0,0
2024-04-22,mexico city,Mexico,12980,425,202,40
2024-04-22,méxico,Mexico,6097,213,90,18
2024-04-22,nuevo león,Mexico,4975,142,78,22
2024-04-22,jalisco,Mexico,5210,183,76,21
2024-04-22,veracruz,Mexico,2136,66,32,8
2024-04-22,guanajuato,Mexico,1789,55,17,5
2024-04-22,sinaloa,Mexico,1325,52,18,3
2024-04-22,puebla,Mexico,1772,51,17,4
2024-04-22,querétaro,Mexico,1280,46,14,4
2024-04-22,baja california,Mexico,1422,36,14,2
2024-04-22,chihuahua,Mexico,1208,35,17,3
2024-04-22,sonora,Mexico,1199,40,16,2
2024-04-22,coahuila,Mexico,1252,44,13,0
2024-04-22,tamaulipas,Mexico,1166,31,11,5
2024-04-22,yucatán,Mexico,1293,40,15,4
2024-04-22,quintana roo,Mexico,1126,44,17,5
2024-04-22,michoacán,Mexico,1033,36,12,4
2024-04-22,morelos,Mexico,889,28,14,2
2024-04-22,tabasco,Mexico,884,31,11,3
2024-04-22,guerrero,Mexico,507,16,7,2
2024-04-22,chiapas,Mexico,442,15,7,0
2024-04-22,san luis potosí,Mexico,530,11,6,0
2024-04-22,hidalgo,Mexico,588,15,9,2
2024-04-22,oaxaca,Mexico,216,2,2,1
2024-04-22,aguascalientes,Mexico,421,9,8,2
2024-04-22,zacatecas,Mexico,334,9,4,0
2024-04-22,baja california sur,Mexico,341,8,5,1
2024-04-22,durango,Mexico,250,9,4,0
2024-04-22,campeche,Mexico,347,11,2,0
2024-04-22,nayarit,Mexico,177,3,2,2
2024-04-22,colima,Mexico,224,3,1,1
2024-04-22,tlaxcala,Mexico,204,5,2,0
2024-04-23,mexico city,Mexico,13157,432,227,51
2024-04-23,méxico,Mexico,6127,223,108,19
2024-04-23,nuevo león,Mexico,4528,118,49,10
2024-04-23,jalisco,Mexico,5243,180,73,19
2024-04-23,veracruz,Mexico,2192,67,33,5
2024-04-23,guanajuato,Mexico,1746,54,23,9
2024-04-23,sinaloa,Mexico,1344,54,20,6
2024-04-23,puebla,Mexico,1696,54,29,14
2024-04-23,querétaro,Mexico,1418,50,21,6
2024-04-23,baja california,Mexico,1429,55,26,2
2024-04-23,chihuahua,Mexico,1157,31,16,5
2024-04-23,sonora,Mexico,1107,36,17,4
2024-04-23,coahuila,Mexico,1150,35,17,5
2024-04-23,tamaulipas,Mexico,1094,23,12,3
2024-04-23,yucatán,Mexico,1205,47,18,3
2024-04-23,quintana roo,Mexico,1173,45,24,0
2024-04-23,michoacán,Mexico,989,29,15,3
2024-04-23,morelos,Mexico,781,22,6,1
2024-04-23,tabasco,Mexico,856,18,8,1
2024-04-23,guerrero,Mexico,501,15,10,2
2024-04-23,chiapas,Mexico,479,10,8,2
2024-04-23,san luis potosí,Mexico,508,18,9,0
2024-04-23,hidalgo,Mexico,549,14,11,3
2024-04-23,oaxaca,Mexico,276,6,1,1
2024-04-23,aguascalientes,Mexico,365,7,1,0
2024-04-23,zacatecas,Mexico,311,10,2,0
2024-04-23,baja california sur,Mexico,317,8,3,1
2024-04-23,durango,Mexico,246,5,0,0
2024-04-23,campeche,Mexico,283,6,1,0
2024-04-23,nayarit,Mexico,204,5,2,0
2024-04-23,colima,Mexico,240,10,6,1
2024-04-23,tlaxcala,Mexico,184,5,2,1
2024-04-24,mexico city,Mexico,12866,425,228,45
2024-04-24,méxico,Mexico,5729,185,91,17
2024-04-24,nuevo león,Mexico,4968,115,55,5
2024-04-24,jalisco,Mexico,5153,178,89,13
2024-04-24,veracruz,Mexico,1913,79,32,4
2024-04-24,guanajuato,Mexico,1771,44,18,5
2024-04-24,sinaloa,Mexico,1289,54,21,3
2024-04-24,puebla,Mexico,1535,46,15,4
2024-04-24,querétaro,Mexico,1196,47,15,3
2024-04-24,baja california,Mexico,1302,33,17,1
2024-04-24,chihuahua,Mexico,1113,33,13,4
2024-04-24,sonora,Mexico,1113,38,20,3
2024-04-24,coahuila,Mexico,1020,29,11,3
2024-04-24,tamaulipas,Mexico,1065,28,12,4
2024-04-24,yucatán,Mexico,1197,33,14,3
2024-04-24,quintana roo,Mexico,1082,45,26,5
2024-04-24,michoacán,Mexico,904,30,15,1
2024-04-24,morelos,Mexico,948,28,9,2
2024-04-24,tabasco,Mexico,809,24,16,3
2024-04-24,guerrero,Mexico,487,13,9,2
2024-04-24,chiapas,Mexico,460,22,9,1
2024-04-24,san luis potosí,Mexico,532,13,7,1
2024-04-24,hidalgo,Mexico,453,17,9,4
2024-04-24,oaxaca,Mexico,224,7,1,0
2024-04-24,aguascalientes,Mexico,359,9,9,2
2024-04-24,zacatecas,Mexico,323,10,7,1
2024-04-24,baja california sur,Mexico,312,10,4,0
2024-04-24,durango,Mexico,279,4,1,0
2024-04-24,campeche,Mexico,323,13,3,1
2024-04-24,nayarit,Mexico,179,3,1,0
2024-04-24,colima,Mexico,237,7,7,1
2024-04-24,tlaxcala,Mexico,172,5,3,1
2024-04-25,mexico city,Mexico,12696,439,218,46
2024-04-25,méxico,Mexico,5617,185,95,22
2024-04-25,nuevo león,Mexico,4851,146,68,10
2024-04-25,jalisco,Mexico,5173,160,68,18
2024-04-25,veracruz,Mexico,1744,49,37,6
2024-04-25,guanajuato,Mexico,1752,55,27,9
2024-04-25,sinaloa,Mexico,1115,49,18,4
2024-04-25,puebla,Mexico,1417,53,27,8
2024-04-25,querétaro,Mexico,1110,43,18,5
2024-04-25,baja california,Mexico,1111,32,23,2
2024-04-25,chihuahua,Mexico,1069,30,12,1
2024-04-25,sonora,Mexico,973,27,10,3
2024-04-25,coahuila,Mexico,1004,37,21,2
2024-04-25,tamaulipas,Mexico,1009,28,10,1
2024-04-25,yucatán,Mexico,1156,48,22,5
2024-04-25,quintana roo,Mexico,1050,44,32,4
2024-04-25,michoacán,Mexico,877,34,16,2
2024-04-25,morelos,Mexico,954,19,10,1
2024-04-25,tabasco,Mexico,824,30,12,3
2024-04-25,guerrero,Mexico,462,13,7,1
2024-04-25,chiapas,Mexico,380,19,5,1
2024-04-25,san luis potosí,Mexico,533,15,6,0
2024-04-25,hidalgo,Mexico,457,16,9,0
2024-04-25,oaxaca,Mexico,224,5,6,1
2024-04-25,aguascalientes,Mexico,343,20,7,4
2024-04-25,zacatecas,Mexico,336,8,3,0
2024-04-25,baja california sur,Mexico,279,8,1,0
2024-04-25,durango,Mexico,261,3,1,1
2024-04-25,campeche,Mexico,293,15,6,1
2024-04-25,nayarit,Mexico,161,5,3,0
2024-04-25,colima,Mexico,212,11,6,1
2024-04-25,tlaxcala,Mexico,177,1,0,0
2024-04-26,mexico city,Mexico,11337,396,215,44
2024-04-26,méxico,Mexico,5244,195,100,26
2024-04-26,nuevo león,Mexico,4529,145,54,14
2024-04-26,jalisco,Mexico,4805,159,71,15
2024-04-26,veracruz,Mexico,1709,47,22,3
2024-04-26,guanajuato,Mexico,1620,47,22,5
2024-04-26,sinaloa,Mexico,1210,46,23,5
2024-04-26,puebla,Mexico,1350,35,16,2
2024-04-26,querétaro,Mexico,1056,35,19,3
2024-04-26,baja california,Mexico,1226,28,18,1
2024-04-26,chihuahua,Mexico,1041,34,16,2
2024-04-26,sonora,Mexico,1022,34,12,2
2024-04-26,coahuila,Mexico,1084,37,15,5
2024-04-26,tamaulipas,Mexico,1018,30,14,3
2024-04-26,yucatán,Mexico,1224,40,23,6
2024-04-26,quintana roo,Mexico,1185,55,26,4
2024-04-26,michoacán,Mexico,955,39,15,3
2024-04-26,morelos,Mexico,854,24,10,4
2024-04-26,tabasco,Mexico,771,28,17,6
2024-04-26,guerrero,Mexico,479,16,1,1
2024-04-26,chiapas,Mexico,393,16,4,1
2024-04-26,san luis potosí,Mexico,495,13,6,1
2024-04-26,hidalgo,Mexico,423,15,8,0
2024-04-26,oaxaca,Mexico,198,6,9,0
2024-04-26,aguascalientes,Mexico,350,13,7,2
2024-04-26,zacatecas,Mexico,319,11,3,1
2024-04-26,baja california sur,Mexico,281,6,0,0
2024-04-26,durango,Mexico,243,6,1,1
2024-04-26,campeche,Mexico,262,15,4,0
2024-04-26,nayarit,Mexico,159,2,0,0
2024-04-26,colima,Mexico,193,12,3,0
2024-04-26,tlaxcala,Mexico,168,13,7,1
2024-04-27,mexico city,Mexico,10458,343,173,31
2024-04-27,méxico,Mexico,5045,183,97,20
2024-04-27,nuevo león,Mexico,4221,110,54,3
2024-04-27,jalisco,Mexico,4597,153,76,12
2024-04-27,veracruz,Mexico,1677,65,31,4
2024-04-27,guanajuato,Mexico,1521,39,13,3
2024-04-27,sinaloa,Mexico,1091,42,19,4
2024-04-27,puebla,Mexico,1260,34,13,5
2024-04-27,querétaro,Mexico,970,44,19,4
2024-04-27,baja california,Mexico,1026,36,17,2
2024-04-27,chihuahua,Mexico,912,32,5,0
2024-04-27,sonora,Mexico,932,33,15,3
2024-04-27,coahuila,Mexico,920,18,10,1
2024-04-27,tamaulipas,Mexico,956,22,11,3
2024-04-27,yucatán,Mexico,1052,32,18,4
2024-04-27,quintana roo,Mexico,930,31,15,2
2024-04-27,michoacán,Mexico,963,26,15,6
2024-04-27,morelos,Mexico,860,20,9,3
2024-04-27,tabasco,Mexico,706,33,16,3
2024-04-27,guerrero,Mexico,449,23,13,2
2024-04-27,chiapas,Mexico,372,19,4,1
2024-04-27,san luis potosí,Mexico,431,11,9,1
2024-04-27,hidalgo,Mexico,414,22,10,4
2024-04-27,oaxaca,Mexico,196,11,5,3
2024-04-27,aguascalientes,Mexico,279,7,3,2
2024-04-27,zacatecas,Mexico,256,10,2,1
2024-04-27,baja california sur,Mexico,256,10,0,0
2024-04-27,durango,Mexico,226,6,6,1
2024-04-27,campeche,Mexico,276,9,5,1
2024-04-27,nayarit,Mexico,126,1,1,0
2024-04-27,colima,Mexico,181,11,12,2
2024-04-27,tlaxcala,Mexico,159,10,9,1
2024-04-28,mexico city,Mexico,13050,438,198,53
2024-04-28,méxico,Mexico,6337,219,118,18
2024-04-28,nuevo león,Mexico,4836,154,62,10
2024-04-28,jalisco,Mexico,5287,141,73,18
2024-04-28,veracruz,Mexico,2059,72,29,4
2024-04-28,guanajuato,Mexico,1815,47,8,3
2024-04-28,sinaloa,Mexico,1337,47,20,6
2024-04-28,puebla,Mexico,1488,44,21,4
2024-04-28,querétaro,Mexico,1119,31,18,4
2024-04-28,baja california,Mexico,1127,38,24,3
2024-04-28,chihuahua,Mexico,1076,37,16,7
2024-04-28,sonora,Mexico,1027,25,11,4
2024-04-28,coahuila,Mexico,1020,28,10,2
2024-04-28,tamaulipas,Mexico,1225,34,11,4
2024-04-28,yucatán,Mexico,1218,40,17,4
2024-04-28,quintana roo,Mexico,1143,38,24,6
2024-04-28,michoacán,Mexico,1226,39,13,5
2024-04-28,morelos,Mexico,973,32,15,4
2024-04-28,tabasco,Mexico,841,31,11,1
2024-04-28,guerrero,Mexico,554,16,11,2
2024-04-28,chiapas,Mexico,439,19,6,0
2024-04-28,san luis potosí,Mexico,539,12,4,0
2024-04-28,hidalgo,Mexico,533,13,9,1
2024-04-28,oaxaca,Mexico,224,6,2,1
2024-04-28,aguascalientes,Mexico,331,7,4,1
2024-04-28,zacatecas,Mexico,340,13,0,0
2024-04-28,baja california sur,Mexico,268,8,2,1
2024-04-28,durango,Mexico,271,10,0,0
2024-04-28,campeche,Mexico,324,9,3,0
2024-04-28,nayarit,Mexico,175,5,4,3
2024-04-28,colima,Mexico,225,6,1,0
2024-04-28,tlaxcala,Mexico,216,7,2,1
2024-04-29,mexico city,Mexico,15786,572,238,52
2024-04-29,méxico,Mexico,6965,205,117,25
2024-04-29,nuevo león,Mexico,5901,175,80,19
2024-04-29,jalisco,Mexico,6307,218,102,21
2024-04-29,veracruz,Mexico,2287,93,34,8
2024-04-29,guanajuato,Mexico,2098,62,39,7
2024-04-29,sinaloa,Mexico,1444,52,27,8
2024-04-29,puebla,Mexico,1802,72,28,6
2024-04-29,querétaro,Mexico,1519,55,22,6
2024-04-29,baja california,Mexico,1291,38,13,1
2024-04-29,chihuahua,Mexico,1235,36,16,2
2024-04-29,sonora,Mexico,1278,39,12,2
2024-04-29,coahuila,Mexico,1195,34,10,2
2024-04-29,tamaulipas,Mexico,1430,34,22,2
2024-04-29,yucatán,Mexico,1433,40,33,1
2024-04-29,quintana roo,Mexico,1376,48,14,4
2024-04-29,michoacán,Mexico,1376,31,13,2
2024-04-29,morelos,Mexico,1046,23,5,1
2024-04-29,tabasco,Mexico,940,32,16,4
2024-04-29,guerrero,Mexico,642,18,8,0
2024-04-29,chiapas,Mexico,530,20,9,4
2024-04-29,san luis potosí,Mexico,650,23,7,1
2024-04-29,hidalgo,Mexico,641,16,7,1
2024-04-29,oaxaca,Mexico,248,3,3,1
2024-04-29,aguascalientes,Mexico,416,11,4,1
2024-04-29,zacatecas,Mexico,418,12,9,1
2024-04-29,baja california sur,Mexico,376,9,7,0
2024-04-29,durango,Mexico,305,13,2,0
2024-04-29,campeche,Mexico,382,13,7,0
2024-04-29,nayarit,Mexico,199,5,0,0
2024-04-29,colima,Mexico,256,8,11,2
2024-04-29,tlaxcala,Mexico,213,8,1,0
2024-04-30,mexico city,Mexico,15609,523,283,62
2024-04-30,méxico,Mexico,6938,253,126,25
2024-04-30,nuevo león,Mexico,5806,176,102,24
2024-04-30,jalisco,Mexico,6090,211,100,32
2024-04-30,veracruz,Mexico,2316,67,34,8
2024-04-30,guanajuato,Mexico,2085,75,26,2
2024-04-30,sinaloa,Mexico,1394,44,17,6
2024-04-30,puebla,Mexico,1799,71,40,7
2024-04-30,querétaro,Mexico,1509,55,24,7
2024-04-30,baja california,Mexico,1428,50,19,1
2024-04-30,chihuahua,Mexico,1228,34,14,5
2024-04-30,sonora,Mexico,1183,30,17,3
2024-04-30,coahuila,Mexico,1133,44,14,2
2024-04-30,tamaulipas,Mexico,1320,39,20,3
2024-04-30,yucatán,Mexico,1452,52,23,6
2024-04-30,quintana roo,Mexico,1277,45,16,3
2024-04-30,michoacán,Mexico,1372,56,27,3
2024-04-30,morelos,Mexico,1094,32,11,3
2024-04-30,tabasco,Mexico,820,23,7,2
2024-04-30,guerrero,Mexico,609,19,8,3
2024-04-30,chiapas,Mexico,432,18,8,1
2024-04-30,san luis potosí,Mexico,587,25,10,4
2024-04-30,hidalgo,Mexico,606,22,8,1
2024-04-30,oaxaca,Mexico,272,9,3,0
2024-04-30,aguascalientes,Mexico,402,16,5,1
2024-04-30,zacatecas,Mexico,444,14,9,2
2024-04-30,baja california sur,Mexico,321,13,3,1
2024-04-30,durango,Mexico,310,7,0,0
2024-04-30,campeche,Mexico,334,14,8,3
2024-04-30,nayarit,Mexico,205,8,7,1
2024-04-30,colima,Mexico,256,11,5,0
2024-04-30,tlaxcala,Mexico,234,9,2,0
2024-05-01,mexico city,Mexico,17906,643,287,74
2024-05-01,méxico,Mexico,8798,294,133,33
2024-05-01,nuevo león,Mexico,7110,209,78,11
2024-05-01,jalisco,Mexico,7217,243,109,21
2024-05-01,veracruz,Mexico,2706,100,55,16
2024-05-01,guanajuato,Mexico,2655,77,34,6
2024-05-01,sinaloa,Mexico,1850,49,24,4
2024-05-01,puebla,Mexico,2015,61,28,5
2024-05-01,querétaro,Mexico,1847,66,23,7
2024-05-01,baja california,Mexico,1518,43,17,3
2024-05-01,chihuahua,Mexico,1713,58,21,7
2024-05-01,sonora,Mexico,1551,42,22,2
2024-05-01,coahuila,Mexico,1549,56,21,2
2024-05-01,tamaulipas,Mexico,1555,38,15,2
2024-05-01,yucatán,Mexico,1614,42,17,0
2024-05-01,quintana roo,Mexico,1516,51,24,4
2024-05-01,michoacán,Mexico,1649,52,23,2
2024-05-01,morelos,Mexico,1373,34,15,3
2024-05-01,tabasco,Mexico,1022,33,14,2
2024-05-01,guerrero,Mexico,782,10,14,3
2024-05-01,chiapas,Mexico,532,23,9,2
2024-05-01,san luis potosí,Mexico,756,17,9,3
2024-05-01,hidalgo,Mexico,687,17,10,2
2024-05-01,oaxaca,Mexico,284,8,3,0
2024-05-01,aguascalientes,Mexico,523,23,6,1
2024-05-01,zacatecas,Mexico,538,15,15,2
2024-05-01,baja california sur,Mexico,399,15,3,0
2024-05-01,durango,Mexico,452,14,4,1
2024-05-01,campeche,Mexico,377,12,7,2
2024-05-01,nayarit,Mexico,262,10,3,1
2024-05-01,colima,Mexico,317,12,5,1
2024-05-01,tlaxcala,Mexico,279,10,6,2
2024-05-02,mexico city,Mexico,18196,657,276,66
2024-05-02,méxico,Mexico,8097,279,129,26
2024-05-02,nuevo león,Mexico,6912,220,70,12
2024-05-02,jalisco,Mexico,7035,242,88,28
2024-05-02,veracruz,Mexico,2541,66,39,13
2024-05-02,guanajuato,Mexico,2517,65,26,4
2024-05-02,sinaloa,Mexico,1792,72,22,6
2024-05-02,puebla,Mexico,1897,76,36,9
2024-05-02,querétaro,Mexico,1590,57,21,8
2024-05-02,baja california,Mexico,1648,54,14,2
2024-05-02,chihuahua,Mexico,1510,57,18,7
2024-05-02,sonora,Mexico,1609,48,16,1
2024-05-02,coahuila,Mexico,1474,45,20,3
2024-05-02,tamaulipas,Mexico,1524,36,17,2
2024-05-02,yucatán,Mexico,1591,51,22,7
2024-05-02,quintana roo,Mexico,1551,60,26,3
2024-05-02,michoacán,Mexico,1550,49,28,7
2024-05-02,morelos,Mexico,1212,40,21,5
2024-05-02,tabasco,Mexico,947,20,9,3
2024-05-02,guerrero,Mexico,742,13,8,2
2024-05-02,chiapas,Mexico,588,12,6,3
2024-05-02,san luis potosí,Mexico,762,20,6,2
2024-05-02,hidalgo,Mexico,698,19,6,3
2024-05-02,oaxaca,Mexico,257,10,7,0
2024-05-02,aguascalientes,Mexico,491,27,8,1
2024-05-02,zacatecas,Mexico,491,17,6,0
2024-05-02,baja california sur,Mexico,432,11,7,1
2024-05-02,durango,Mexico,405,10,5,0
2024-05-02,campeche,Mexico,450,16,14,4
2024-05-02,nayarit,Mexico,237,7,4,0
2024-05-02,colima,Mexico,278,14,10,1
2024-05-02,tlaxcala,Mexico,276,7,7,1
2024-05-03,mexico city,Mexico,18121,583,254,50
2024-05-03,méxico,Mexico,8074,260,132,20
2024-05-03,nuevo león,Mexico,7049,179,72,13
2024-05-03,jalisco,Mexico,7186,245,80,20
2024-05-03,veracruz,Mexico,2438,74,22,4
2024-05-03,guanajuato,Mexico,2427,86,42,7
2024-05-03,sinaloa,Mexico,1805,58,18,8
2024-05-03,puebla,Mexico,2001,68,20,5
2024-05-03,querétaro,Mexico,1683,62,34,6
2024-05-03,baja california,Mexico,1629,64,20,6
2024-05-03,chihuahua,Mexico,1433,43,17,3
2024-05-03,sonora,Mexico,1668,52,17,2
2024-05-03,coahuila,Mexico,1397,38,22,3
2024-05-03,tamaulipas,Mexico,1428,32,16,0
2024-05-03,yucatán,Mexico,1579,45,23,3
2024-05-03,quintana roo,Mexico,1530,53,21,5
2024-05-03,michoacán,Mexico,1418,41,18,1
2024-05-03,morelos,Mexico,1209,24,13,0
2024-05-03,tabasco,Mexico,997,31,17,4
2024-05-03,guerrero,Mexico,725,18,12,2
2024-05-03,chiapas,Mexico,543,25,13,6
2024-05-03,san luis potosí,Mexico,693,25,8,0
2024-05-03,hidalgo,Mexico,633,18,6,2
2024-05-03,oaxaca,Mexico,281,10,5,2
2024-05-03,aguascalientes,Mexico,467,10,2,1
2024-05-03,zacatecas,Mexico,429,14,4,1
2024-05-03,baja california sur,Mexico,424,14,2,0
2024-05-03,durango,Mexico,452,13,3,1
2024-05-03,campeche,Mexico,364,18,5,2
2024-05-03,nayarit,Mexico,227,9,3,0
2024-05-03,colima,Mexico,316,13,9,2
2024-05-03,tlaxcala,Mexico,209,11,5,2
2024-05-04,mexico city,Mexico,17295,548,228,38
2024-05-04,méxico,Mexico,8011,262,98,15
2024-05-04,nuevo león,Mexico,6920,181,73,21
2024-05-04,jalisco,Mexico,6874,241,121,27
2024-05-04,veracruz,Mexico,2409,59,32,5
2024-05-04,guanajuato,Mexico,2587,76,32,8
2024-05-04,sinaloa,Mexico,1797,41,20,2
2024-05-04,puebla,Mexico,2019,57,25,5
2024-05-04,querétaro,Mexico,1460,48,33,5
2024-05-04,baja california,Mexico,1570,43,8,2
2024-05-04,chihuahua,Mexico,1615,49,18,2
2024-05-04,sonora,Mexico,1647,53,23,4
2024-05-04,coahuila,Mexico,1440,51,21,4
2024-05-04,tamaulipas,Mexico,1524,41,9,0
2024-05-04,yucatán,Mexico,1527,41,26,3
2024-05-04,quintana roo,Mexico,1477,54,20,2
2024-05-04,michoacán,Mexico,1417,48,23,6
2024-05-04,morelos,Mexico,1232,28,8,1
2024-05-04,tabasco,Mexico,980,34,15,3
2024-05-04,guerrero,Mexico,722,24,11,1
2024-05-04,chiapas,Mexico,556,17,3,0
2024-05-04,san luis potosí,Mexico,664,26,13,2
2024-05-04,hidalgo,Mexico,694,26,15,5
2024-05-04,oaxaca,Mexico,254,13,6,3
2024-05-04,aguascalientes,Mexico,432,16,6,1
2024-05-04,zacatecas,Mexico,443,12,2,0
2024-05-04,baja california sur,Mexico,430,13,3,2
2024-05-04,durango,Mexico,448,15,9,3
2024-05-04,campeche,Mexico,393,21,8,1
2024-05-04,nayarit,Mexico,226,7,4,1
2024-05-04,colima,Mexico,286,11,2,0
2024-05-04,tlaxcala,Mexico,248,7,8,0
2024-05-05,mexico city,Mexico,17823,614,281,80
2024-05-05,méxico,Mexico,8521,282,129,28
2024-05-05,nuevo león,Mexico,7210,201,87,18
2024-05-05,jalisco,Mexico,7039,218,85,21
2024-05-05,veracruz,Mexico,2558,81,29,8
2024-05-05,guanajuato,Mexico,2721,77,37,7
2024-05-05,sinaloa,Mexico,1845,61,12,1
2024-05-05,puebla,Mexico,1912,56,26,4
2024-05-05,querétaro,Mexico,1685,58,18,4
2024-05-05,baja california,Mexico,1640,45,15,2
2024-05-05,chihuahua,Mexico,1664,52,21,3
2024-05-05,sonora,Mexico,1537,50,17,3
2024-05-05,coahuila,Mexico,1637,46,19,2
2024-05-05,tamaulipas,Mexico,1432,39,7,0
2024-05-05,yucatán,Mexico,1617,55,25,8
2024-05-05,quintana roo,Mexico,1626,45,20,3
2024-05-05,michoacán,Mexico,1565,51,21,3
2024-05-05,morelos,Mexico,1368,33,15,3
2024-05-05,tabasco,Mexico,964,23,6,1
2024-05-05,guerrero,Mexico,803,20,9,1
2024-05-05,chiapas,Mexico,524,19,10,4
2024-05-05,san luis potosí,Mexico,755,27,16,3
2024-05-05,hidalgo,Mexico,745,25,12,3
2024-05-05,oaxaca,Mexico,305,10,3,2
2024-05-05,aguascalientes,Mexico,500,11,2,0
2024-05-05,zacatecas,Mexico,492,12,1,0
2024-05-05,baja california sur,Mexico,456,8,7,2
2024-05-05,durango,Mexico,466,10,3,0
2024-05-05,campeche,Mexico,431,8,10,1
2024-05-05,nayarit,Mexico,243,15,2,1
2024-05-05,colima,Mexico,289,13,7,1
2024-05-05,tlaxcala,Mexico,245,6,3,1
2024-05-06,mexico city,Mexico,18599,648,294,75
2024-05-06,méxico,Mexico,7824,276,147,19
2024-05-06,nuevo león,Mexico,7106,194,68,18
2024-05-06,jalisco,Mexico,7097,248,113,24
2024-05-06,veracruz,Mexico,2495,84,41,5
2024-05-06,guanajuato,Mexico,2458,79,35,6
2024-05-06,sinaloa,Mexico,1740,63,24,4
2024-05-06,puebla,Mexico,1958,56,22,4
2024-05-06,querétaro,Mexico,1772,59,26,5
2024-05-06,baja california,Mexico,1675,50,19,4
2024-05-06,chihuahua,Mexico,1654,64,38,8
2024-05-06,sonora,Mexico,1603,44,23,2
2024-05-06,coahuila,Mexico,1643,71,24,4
2024-05-06,tamaulipas,Mexico,1515,52,17,3
2024-05-06,yucatán,Mexico,1760,42,16,2
2024-05-06,quintana roo,Mexico,1587,54,13,3
2024-05-06,michoacán,Mexico,1413,46,13,3
2024-05-06,morelos,Mexico,1234,35,14,2
2024-05-06,tabasco,Mexico,1055,40,13,3
2024-05-06,guerrero,Mexico,738,16,13,1
2024-05-06,chiapas,Mexico,587,24,5,2
2024-05-06,san luis potosí,Mexico,764,33,21,4
2024-05-06,hidalgo,Mexico,652,24,13,3
2024-05-06,oaxaca,Mexico,284,15,4,2
2024-05-06,aguascalientes,Mexico,496,20,6,0
2024-05-06,zacatecas,Mexico,457,8,9,2
2024-05-06,baja california sur,Mexico,446,11,2,0
2024-05-06,durango,Mexico,454,22,2,1
2024-05-06,campeche,Mexico,424,13,6,0
2024-05-06,nayarit,Mexico,230,12,3,0
2024-05-06,colima,Mexico,321,14,9,1
2024-05-06,tlaxcala,Mexico,220,14,6,1
2024-05-07,mexico city,Mexico,17846,612,291,73
2024-05-07,méxico,Mexico,7869,240,123,39
2024-05-07,nuevo león,Mexico,6787,220,77,18
2024-05-07,jalisco,Mexico,7013,227,78,17
2024-05-07,veracruz,Mexico,2334,62,39,8
2024-05-07,guanajuato,Mexico,2458,72,28,3
2024-05-07,sinaloa,Mexico,1668,47,16,2
2024-05-07,puebla,Mexico,1877,57,33,5
2024-05-07,querétaro,Mexico,1751,62,34,10
2024-05-07,baja california,Mexico,1566,40,13,2
2024-05-07,chihuahua,Mexico,1663,56,22,8
2024-05-07,sonora,Mexico,1523,42,14,3
2024-05-07,coahuila,Mexico,1476,38,16,5
2024-05-07,tamaulipas,Mexico,1356,34,22,2
2024-05-07,yucatán,Mexico,1582,55,19,5
2024-05-07,quintana roo,Mexico,1464,49,18,4
2024-05-07,michoacán,Mexico,1359,46,15,3
2024-05-07,morelos,Mexico,1210,31,18,2
2024-05-07,tabasco,Mexico,1001,38,11,3
2024-05-07,guerrero,Mexico,662,27,12,3
2024-05-07,chiapas,Mexico,533,14,4,0
2024-05-07,san luis potosí,Mexico,653,24,9,1
2024-05-07,hidalgo,Mexico,696,24,14,2
2024-05-07,oaxaca,Mexico,247,8,3,1
2024-05-07,aguascalientes,Mexico,503,18,13,1
2024-05-07,zacatecas,Mexico,473,13,7,0
2024-05-07,baja california sur,Mexico,393,10,3,0
2024-05-07,durango,Mexico,408,14,7,0
2024-05-07,campeche,Mexico,369,13,5,1
2024-05-07,nayarit,Mexico,229,10,4,1
2024-05-07,colima,Mexico,249,8,7,1
2024-05-07,tlaxcala,Mexico,215,13,8,0
2024-05-08,mexico city,Mexico,15955,521,236,55
2024-05-08,méxico,Mexico,6862,230,101,22
2024-05-08,nuevo león,Mexico,5933,157,61,11
2024-05-08,jalisco,Mexico,6136,216,96,24
2024-05-08,veracruz,Mexico,1981,58,34,5
2024-05-08,guanajuato,Mexico,2127,61,40,14
2024-05-08,sinaloa,Mexico,1417,41,23,6
2024-05-08,puebla,Mexico,1678,49,18,7
2024-05-08,querétaro,Mexico,1481,63,23,10
2024-05-08,baja california,Mexico,1416,45,22,2
2024-05-08,chihuahua,Mexico,1505,43,19,5
2024-05-08,sonora,Mexico,1258,39,21,3
2024-05-08,coahuila,Mexico,1214,36,8,1
2024-05-08,tamaulipas,Mexico,1249,35,14,0
2024-05-08,yucatán,Mexico,1401,42,17,3
2024-05-08,quintana roo,Mexico,1379,37,23,4
2024-05-08,michoacán,Mexico,1154,45,18,4
2024-05-08,morelos,Mexico,1359,17,9,2
2024-05-08,tabasco,Mexico,900,35,25,3
2024-05-08,guerrero,Mexico,602,17,6,2
2024-05-08,chiapas,Mexico,436,14,8,1
2024-05-08,san luis potosí,Mexico,590,25,9,2
2024-05-08,hidalgo,Mexico,546,22,14,4
2024-05-08,oaxaca,Mexico,258,16,4,0
2024-05-08,aguascalientes,Mexico,417,10,4,0
2024-05-08,zacatecas,Mexico,368,10,7,2
2024-05-08,baja california sur,Mexico,371,14,8,0
2024-05-08,durango,Mexico,326,9,3,0
2024-05-08,campeche,Mexico,339,11,9,0
2024-05-08,nayarit,Mexico,201,11,5,1
2024-05-08,colima,Mexico,283,11,12,1
2024-05-08,tlaxcala,Mexico,200,4,2,0
2024-05-09,mexico city,Mexico,13689,441,237,57
2024-05-09,méxico,Mexico,5760,196,105,21
2024-05-09,nuevo león,Mexico,4986,135,54,10
2024-05-09,jalisco,Mexico,5368,172,85,17
2024-05-09,veracruz,Mexico,1577,44,18,6
2024-05-09,guanajuato,Mexico,1781,50,23,5
2024-05-09,sinaloa,Mexico,1201,35,18,3
2024-05-09,puebla,Mexico,1328,34,24,6
2024-05-09,querétaro,Mexico,1275,39,22,4
2024-05-09,baja california,Mexico,1151,31,5,1
2024-05-09,chihuahua,Mexico,1136,28,14,3
2024-05-09,sonora,Mexico,1050,28,8,2
2024-05-09,coahuila,Mexico,1025,29,17,3
2024-05-09,tamaulipas,Mexico,974,29,15,4
2024-05-09,yucatán,Mexico,1217,41,23,5
2024-05-09,quintana roo,Mexico,1136,40,18,4
2024-05-09,michoacán,Mexico,959,22,9,4
2024-05-09,morelos,Mexico,1222,25,9,2
2024-05-09,tabasco,Mexico,686,27,13,3
2024-05-09,guerrero,Mexico,520,14,17,3
2024-05-09,chiapas,Mexico,370,20,8,1
2024-05-09,san luis potosí,Mexico,475,15,11,2
2024-05-09,hidalgo,Mexico,527,25,16,4
2024-05-09,oaxaca,Mexico,217,6,2,1
2024-05-09,aguascalientes,Mexico,366,10,3,1
2024-05-09,zacatecas,Mexico,329,16,4,0
2024-05-09,baja california sur,Mexico,270,7,3,0
2024-05-09,durango,Mexico,276,4,3,1
2024-05-09,campeche,Mexico,274,13,6,2
2024-05-09,nayarit,Mexico,156,8,1,0
2024-05-09,colima,Mexico,208,10,8,0
2024-05-09,tlaxcala,Mexico,180,11,1,1
2024-05-10,mexico city,Mexico,11919,375,193,45
2024-05-10,méxico,Mexico,5418,169,83,16
2024-05-10,nuevo león,Mexico,4088,108,51,10
2024-05-10,jalisco,Mexico,4500,118,68,19
2024-05-10,veracruz,Mexico,1416,51,26,5
2024-05-10,guanajuato,Mexico,1572,38,22,8
2024-05-10,sinaloa,Mexico,902,28,2,0
2024-05-10,puebla,Mexico,1226,29,14,1
2024-05-10,querétaro,Mexico,1095,34,15,5
2024-05-10,baja california,Mexico,906,25,13,0
2024-05-10,chihuahua,Mexico,849,20,10,3
2024-05-10,sonora,Mexico,807,21,8,3
2024-05-10,coahuila,Mexico,857,31,15,1
2024-05-10,tamaulipas,Mexico,787,16,7,0
2024-05-10,yucatán,Mexico,1040,30,15,5
2024-05-10,quintana roo,Mexico,944,30,8,2
2024-05-10,michoacán,Mexico,729,30,15,2
2024-05-10,morelos,Mexico,909,12,12,2
2024-05-10,tabasco,Mexico,645,28,10,3
2024-05-10,guerrero,Mexico,426,19,10,4
2024-05-10,chiapas,Mexico,326,13,4,2
2024-05-10,san luis potosí,Mexico,412,21,8,2
2024-05-10,hidalgo,Mexico,414,9,7,1
2024-05-10,oaxaca,Mexico,163,6,3,0
2024-05-10,aguascalientes,Mexico,272,13,6,1
2024-05-10,zacatecas,Mexico,286,9,5,1
2024-05-10,baja california sur,Mexico,217,5,2,0
2024-05-10,durango,Mexico,277,11,4,1
2024-05-10,campeche,Mexico,224,13,7,1
2024-05-10,nayarit,Mexico,133,7,2,0
2024-05-10,colima,Mexico,181,6,7,3
2024-05-10,tlaxcala,Mexico,165,10,2,2
2024-05-11,mexico city,Mexico,13352,400,175,43
2024-05-11,méxico,Mexico,6251,172,83,22
2024-05-11,nuevo león,Mexico,4482,126,41,4
2024-05-11,jalisco,Mexico,4666,134,48,11
2024-05-11,veracruz,Mexico,1621,44,15,4
2024-05-11,guanajuato,Mexico,1649,52,21,9
2024-05-11,sinaloa,Mexico,1097,39,11,4
2024-05-11,puebla,Mexico,1356,47,20,6
2024-05-11,querétaro,Mexico,1214,35,16,2
2024-05-11,baja california,Mexico,1049,31,18,5
2024-05-11,chihuahua,Mexico,1123,33,16,2
2024-05-11,sonora,Mexico,981,27,6,0
2024-05-11,coahuila,Mexico,1030,39,24,5
2024-05-11,tamaulipas,Mexico,884,22,11,1
2024-05-11,yucatán,Mexico,1029,32,12,2
2024-05-11,quintana roo,Mexico,1048,45,16,1
2024-05-11,michoacán,Mexico,999,33,13,3
2024-05-11,morelos,Mexico,1200,15,4,1
2024-05-11,tabasco,Mexico,664,23,10,2
2024-05-11,guerrero,Mexico,498,12,8,1
2024-05-11,chiapas,Mexico,366,11,3,3
2024-05-11,san luis potosí,Mexico,501,11,2,0
2024-05-11,hidalgo,Mexico,491,14,8,1
2024-05-11,oaxaca,Mexico,209,8,3,0
2024-05-11,aguascalientes,Mexico,328,13,5,3
2024-05-11,zacatecas,Mexico,277,5,1,0
2024-05-11,baja california sur,Mexico,238,9,4,1
2024-05-11,durango,Mexico,248,8,4,0
2024-05-11,campeche,Mexico,266,8,7,2
2024-05-11,nayarit,Mexico,135,4,1,0
2024-05-11,colima,Mexico,202,7,5,0
2024-05-11,tlaxcala,Mexico,165,9,3,0
2024-05-12,mexico city,Mexico,13436,411,170,46
2024-05-12,méxico,Mexico,6320,184,87,15
2024-05-12,nuevo león,Mexico,4868,160,62,18
2024-05-12,jalisco,Mexico,5063,163,61,18
2024-05-12,veracruz,Mexico,1690,53,28,7
2024-05-12,guanajuato,Mexico,1843,45,19,4
2024-05-12,sinaloa,Mexico,1127,47,15,5
2024-05-12,puebla,Mexico,1412,62,30,4
2024-05-12,querétaro,Mexico,1211,33,13,4
2024-05-12,baja california,Mexico,1180,36,15,3
2024-05-12,chihuahua,Mexico,1207,33,18,4
2024-05-12,sonora,Mexico,1106,35,15,8
2024-05-12,coahuila,Mexico,1133,34,11,2
2024-05-12,tamaulipas,Mexico,1054,33,11,2
2024-05-12,yucatán,Mexico,1102,29,14,1
2024-05-12,quintana roo,Mexico,1136,33,19,4
2024-05-12,michoacán,Mexico,1050,34,11,2
2024-05-12,morelos,Mexico,1186,20,4,1
2024-05-12,tabasco,Mexico,671,14,3,1
2024-05-12,guerrero,Mexico,564,13,7,2
2024-05-12,chiapas,Mexico,436,14,5,3
2024-05-12,san luis potosí,Mexico,558,16,7,3
2024-05-12,hidalgo,Mexico,506,17,8,1
2024-05-12,oaxaca,Mexico,209,8,5,0
2024-05-12,aguascalientes,Mexico,415,9,6,4
2024-05-12,zacatecas,Mexico,332,7,2,1
2024-05-12,baja california sur,Mexico,294,10,3,1
2024-05-12,durango,Mexico,307,10,13,2
2024-05-12,campeche,Mexico,304,9,6,1
2024-05-12,nayarit,Mexico,195,13,1,0
2024-05-12,colima,Mexico,201,11,6,0
2024-05-12,tlaxcala,Mexico,222,14,8,3
2024-05-13,mexico city,Mexico,12343,408,208,56
2024-05-13,méxico,Mexico,5288,172,79,21
2024-05-13,nuevo león,Mexico,4374,139,62,11
2024-05-13,jalisco,Mexico,4556,141,67,15
2024-05-13,veracruz,Mexico,1477,38,30,3
2024-05-13,guanajuato,Mexico,1609,47,14,8
2024-05-13,sinaloa,Mexico,1172,35,28,6
2024-05-13,puebla,Mexico,1231,34,23,3
2024-05-13,querétaro,Mexico,1145,52,18,3
2024-05-13,baja california,Mexico,1080,31,17,4
2024-05-13,chihuahua,Mexico,1096,30,8,2
2024-05-13,sonora,Mexico,981,32,11,2
2024-05-13,coahuila,Mexico,975,34,16,1
2024-05-13,tamaulipas,Mexico,1024,31,16,4
2024-05-13,yucatán,Mexico,1073,40,19,7
2024-05-13,quintana roo,Mexico,1025,41,15,4
2024-05-13,michoacán,Mexico,862,32,17,7
2024-05-13,morelos,Mexico,1078,23,6,1
2024-05-13,tabasco,Mexico,657,19,12,1
2024-05-13,guerrero,Mexico,482,12,5,1
2024-05-13,chiapas,Mexico,374,12,4,1
2024-05-13,san luis potosí,Mexico,443,12,2,0
2024-05-13,hidalgo,Mexico,472,28,11,3
2024-05-13,oaxaca,Mexico,189,8,1,1
2024-05-13,aguascalientes,Mexico,364,12,5,1
2024-05-13,zacatecas,Mexico,280,11,0,0
2024-05-13,baja california sur,Mexico,269,8,3,0
2024-05-13,durango,Mexico,237,3,4,0
2024-05-13,campeche,Mexico,285,9,8,1
2024-05-13,nayarit,Mexico,156,8,4,1
2024-05-13,colima,Mexico,207,8,6,1
2024-05-13,tlaxcala,Mexico,148,3,1,0
2024-05-14,mexico city,Mexico,12123,455,258,68
2024-05-14,méxico,Mexico,5021,195,107,26
2024-05-14,nuevo león,Mexico,4239,147,76,17
2024-05-14,jalisco,Mexico,4551,172,76,21
2024-05-14,veracruz,Mexico,1542,45,35,9
2024-05-14,guanajuato,Mexico,1579,60,21,3
2024-05-14,sinaloa,Mexico,1043,27,16,3
2024-05-14,puebla,Mexico,1218,48,34,7
2024-05-14,querétaro,Mexico,1039,37,24,6
2024-05-14,baja california,Mexico,1026,35,11,4
2024-05-14,chihuahua,Mexico,1066,44,20,6
2024-05-14,sonora,Mexico,956,37,18,7
2024-05-14,coahuila,Mexico,935,32,15,3
2024-05-14,tamaulipas,Mexico,978,25,14,4
2024-05-14,yucatán,Mexico,936,40,25,7
2024-05-14,quintana roo,Mexico,952,38,12,5
2024-05-14,michoacán,Mexico,859,33,14,1
2024-05-14,morelos,Mexico,1041,29,9,3
2024-05-14,tabasco,Mexico,584,19,13,5
2024-05-14,guerrero,Mexico,452,17,5,2
2024-05-14,chiapas,Mexico,386,11,6,2
2024-05-14,san luis potosí,Mexico,448,21,17,4
2024-05-14,hidalgo,Mexico,441,17,9,1
2024-05-14,oaxaca,Mexico,176,8,2,0
2024-05-14,aguascalientes,Mexico,311,13,5,1
2024-05-14,zacatecas,Mexico,291,8,3,0
2024-05-14,baja california sur,Mexico,273,15,2,1
2024-05-14,durango,Mexico,262,8,3,0
2024-05-14,campeche,Mexico,253,13,4,0
2024-05-14,nayarit,Mexico,177,8,7,1
2024-05-14,colima,Mexico,175,7,3,0
2024-05-14,tlaxcala,Mexico,189,4,1,0
2024-05-15,mexico city,Mexico,56426,1927,773,165
2024-05-15,méxico,Mexico,27267,857,385,83
2024-05-15,nuevo león,Mexico,20760,626,235,43
2024-05-15,jalisco,Mexico,19401,625,261,68
2024-05-15,veracruz,Mexico,8240,245,113,24
2024-05-15,guanajuato,Mexico,7680,223,102,25
2024-05-15,sinaloa,Mexico,6330,205,61,9
2024-05-15,puebla,Mexico,6768,213,90,20
2024-05-15,querétaro,Mexico,5549,162,71,18
2024-05-15,baja california,Mexico,6234,162,43,9
2024-05-15,chihuahua,Mexico,5712,181,46,11
2024-05-15,sonora,Mexico,5744,160,52,8
2024-05-15,coahuila,Mexico,5725,150,46,7
2024-05-15,tamaulipas,Mexico,5034,129,61,8
2024-05-15,yucatán,Mexico,4844,125,45,11
2024-05-15,quintana roo,Mexico,4549,141,58,13
2024-05-15,michoacán,Mexico,4738,135,48,8
2024-05-15,morelos,Mexico,3901,110,40,6
2024-05-15,tabasco,Mexico,3094,89,44,9
2024-05-15,guerrero,Mexico,2558,70,32,5
2024-05-15,chiapas,Mexico,1944,57,24,7
2024-05-15,san luis potosí,Mexico,2593,66,18,1
2024-05-15,hidalgo,Mexico,2335,79,32,4
2024-05-15,oaxaca,Mexico,973,39,23,4
2024-05-15,aguascalientes,Mexico,1811,57,17,3
2024-05-15,zacatecas,Mexico,1488,55,28,2
2024-05-15,baja california sur,Mexico,1436,40,10,1
2024-05-15,durango,Mexico,1376,34,14,1
2024-05-15,campeche,Mexico,1205,44,17,4
2024-05-15,nayarit,Mexico,856,25,6,1
2024-05-15,colima,Mexico,973,33,18,4
2024-05-15,tlaxcala,Mexico,956,33,12,1
2024-05-16,mexico city,Mexico,31601,1148,630,156
2024-05-16,méxico,Mexico,14388,581,305,76
2024-05-16,nuevo león,Mexico,10892,375,160,34
2024-05-16,jalisco,Mexico,9933,399,188,43
2024-05-16,veracruz,Mexico,4471,167,90,17
2024-05-16,guanajuato,Mexico,3817,148,77,18
2024-05-16,sinaloa,Mexico,3278,94,47,13
2024-05-16,puebla,Mexico,3591,116,65,13
2024-05-16,querétaro,Mexico,2908,111,53,9
2024-05-16,baja california,Mexico,2584,82,24,4
2024-05-16,chihuahua,Mexico,2593,90,27,3
2024-05-16,sonora,Mexico,2734,68,28,5
2024-05-16,coahuila,Mexico,2732,107,56,6
2024-05-16,tamaulipas,Mexico,2361,68,21,4
2024-05-16,yucatán,Mexico,2809,106,47,10
2024-05-16,quintana roo,Mexico,2719,114,38,10
2024-05-16,michoacán,Mexico,2382,99,56,8
2024-05-16,morelos,Mexico,2256,61,40,6
2024-05-16,tabasco,Mexico,1846,54,42,9
2024-05-16,guerrero,Mexico,1252,40,14,3
2024-05-16,chiapas,Mexico,974,38,12,3
2024-05-16,san luis potosí,Mexico,1280,56,30,7
2024-05-16,hidalgo,Mexico,1206,49,37,9
2024-05-16,oaxaca,Mexico,525,15,10,3
2024-05-16,aguascalientes,Mexico,922,29,10,2
2024-05-16,zacatecas,Mexico,613,24,15,5
2024-05-16,baja california sur,Mexico,657,24,8,2
2024-05-16,durango,Mexico,621,22,12,1
2024-05-16,campeche,Mexico,666,41,21,6
2024-05-16,nayarit,Mexico,416,16,7,3
2024-05-16,colima,Mexico,498,35,15,3
2024-05-16,tlaxcala,Mexico,467,20,10,3
2024-05-17,mexico city,Mexico,25121,838,484,116
2024-05-17,méxico,Mexico,11752,416,192,31
2024-05-17,nuevo león,Mexico,9303,327,135,26
2024-05-17,jalisco,Mexico,8968,379,169,39
2024-05-17,veracruz,Mexico,3890,130,67,9
2024-05-17,guanajuato,Mexico,3247,108,46,6
2024-05-17,sinaloa,Mexico,2841,90,44,13
2024-05-17,puebla,Mexico,3144,98,51,10
2024-05-17,querétaro,Mexico,2400,69,39,13
2024-05-17,baja california,Mexico,2442,86,19,2
2024-05-17,chihuahua,Mexico,2317,88,41,9
2024-05-17,sonora,Mexico,2374,75,28,6
2024-05-17,coahuila,Mexico,2454,77,28,6
2024-05-17,tamaulipas,Mexico,2219,67,30,4
2024-05-17,yucatán,Mexico,2306,93,52,10
2024-05-17,quintana roo,Mexico,2390,84,37,6
2024-05-17,michoacán,Mexico,2174,76,31,7
2024-05-17,morelos,Mexico,1846,70,28,4
2024-05-17,tabasco,Mexico,1600,54,29,4
2024-05-17,guerrero,Mexico,1148,38,14,1
2024-05-17,chiapas,Mexico,965,28,17,5
2024-05-17,san luis potosí,Mexico,1149,42,15,3
2024-05-17,hidalgo,Mexico,1090,42,25,8
2024-05-17,oaxaca,Mexico,446,10,5,1
2024-05-17,aguascalientes,Mexico,843,34,12,2
2024-05-17,zacatecas,Mexico,610,19,14,3
2024-05-17,baja california sur,Mexico,664,27,8,2
2024-05-17,durango,Mexico,656,25,9,2
2024-05-17,campeche,Mexico,609,11,4,0
2024-05-17,nayarit,Mexico,366,7,4,3
2024-05-17,colima,Mexico,466,16,10,2
2024-05-17,tlaxcala,Mexico,384,12,6,1
2024-05-18,mexico city,Mexico,23738,764,401,97
2024-05-18,méxico,Mexico,11187,369,185,36
2024-05-18,nuevo león,Mexico,9138,282,112,28
2024-05-18,jalisco,Mexico,8803,303,147,38
2024-05-18,veracruz,Mexico,3403,107,59,14
2024-05-18,guanajuato,Mexico,2960,84,31,7
2024-05-18,sinaloa,Mexico,2759,92,31,8
2024-05-18,puebla,Mexico,2883,94,49,12
2024-05-18,querétaro,Mexico,2311,74,32,9
2024-05-18,baja california,Mexico,2322,68,25,4
2024-05-18,chihuahua,Mexico,2384,77,26,7
2024-05-18,sonora,Mexico,2362,71,33,8
2024-05-18,coahuila,Mexico,2452,77,30,7
2024-05-18,tamaulipas,Mexico,2088,60,25,3
2024-05-18,yucatán,Mexico,2187,64,38,8
2024-05-18,quintana roo,Mexico,2309,94,45,9
2024-05-18,michoacán,Mexico,2100,56,25,5
2024-05-18,morelos,Mexico,1637,57,21,5
2024-05-18,tabasco,Mexico,1448,63,29,7
2024-05-18,guerrero,Mexico,1089,35,20,6
2024-05-18,chiapas,Mexico,779,33,9,4
2024-05-18,san luis potosí,Mexico,1035,29,8,2
2024-05-18,hidalgo,Mexico,917,38,17,4
2024-05-18,oaxaca,Mexico,403,12,4,2
2024-05-18,aguascalientes,Mexico,742,23,7,3
2024-05-18,zacatecas,Mexico,637,22,12,2
2024-05-18,baja california sur,Mexico,624,19,12,2
2024-05-18,durango,Mexico,661,18,8,1
2024-05-18,campeche,Mexico,585,18,8,1
2024-05-18,nayarit,Mexico,352,19,7,0
2024-05-18,colima,Mexico,481,26,14,1
2024-05-18,tlaxcala,Mexico,360,20,9,1
2024-05-19,mexico city,Mexico,24734,882,387,78
2024-05-19,méxico,Mexico,12413,435,209,54
2024-05-19,nuevo león,Mexico,9286,279,114,25
2024-05-19,jalisco,Mexico,9059,302,148,31
2024-05-19,veracruz,Mexico,3609,117,71,13
2024-05-19,guanajuato,Mexico,3212,93,49,10
2024-05-19,sinaloa,Mexico,2848,119,45,14
2024-05-19,puebla,Mexico,2999,89,47,6
2024-05-19,querétaro,Mexico,2441,85,38,7
2024-05-19,baja california,Mexico,2224,67,16,6
2024-05-19,chihuahua,Mexico,2619,75,32,12
2024-05-19,sonora,Mexico,2292,77,29,6
2024-05-19,coahuila,Mexico,2462,82,32,9
2024-05-19,tamaulipas,Mexico,2175,57,26,4
2024-05-19,yucatán,Mexico,2342,99,49,10
2024-05-19,quintana roo,Mexico,2324,89,41,13
2024-05-19,michoacán,Mexico,2037,53,21,4
2024-05-19,morelos,Mexico,1657,38,25,9
2024-05-19,tabasco,Mexico,1458,58,33,9
2024-05-19,guerrero,Mexico,1042,35,19,5
2024-05-19,chiapas,Mexico,876,41,13,2
2024-05-19,san luis potosí,Mexico,1011,32,15,5
2024-05-19,hidalgo,Mexico,1056,42,23,1
2024-05-19,oaxaca,Mexico,435,9,10,0
2024-05-19,aguascalientes,Mexico,768,32,8,4
2024-05-19,zacatecas,Mexico,608,21,13,5
2024-05-19,baja california sur,Mexico,639,23,7,1
2024-05-19,durango,Mexico,659,8,5,2
2024-05-19,campeche,Mexico,498,23,13,4
2024-05-19,nayarit,Mexico,386,19,11,1
2024-05-19,colima,Mexico,458,15,7,0
2024-05-19,tlaxcala,Mexico,399,16,10,2
2024-05-20,mexico city,Mexico,23520,905,501,106
2024-05-20,méxico,Mexico,10924,402,267,47
2024-05-20,nuevo león,Mexico,8724,283,137,35
2024-05-20,jalisco,Mexico,8539,329,174,38
2024-05-20,veracruz,Mexico,3613,143,82,10
2024-05-20,guanajuato,Mexico,3079,110,42,7
2024-05-20,sinaloa,Mexico,2673,86,45,12
2024-05-20,puebla,Mexico,2844,82,41,7
2024-05-20,querétaro,Mexico,2184,74,31,4
2024-05-20,baja california,Mexico,2209,77,27,6
2024-05-20,chihuahua,Mexico,2572,103,33,4
2024-05-20,sonora,Mexico,2317,92,35,6
2024-05-20,coahuila,Mexico,2494,79,44,8
2024-05-20,tamaulipas,Mexico,2103,63,23,5
2024-05-20,yucatán,Mexico,2360,91,48,9
2024-05-20,quintana roo,Mexico,2343,94,31,3
2024-05-20,michoacán,Mexico,2036,76,43,7
2024-05-20,morelos,Mexico,1533,45,32,3
2024-05-20,tabasco,Mexico,1610,61,32,6
2024-05-20,guerrero,Mexico,998,39,27,5
2024-05-20,chiapas,Mexico,888,39,17,3
2024-05-20,san luis potosí,Mexico,1006,29,15,5
2024-05-20,hidalgo,Mexico,977,45,30,2
2024-05-20,oaxaca,Mexico,435,16,11,1
2024-05-20,aguascalientes,Mexico,752,33,18,5
2024-05-20,zacatecas,Mexico,606,21,10,1
2024-05-20,baja california sur,Mexico,650,16,7,1
2024-05-20,durango,Mexico,590,21,14,4
2024-05-20,campeche,Mexico,564,23,8,2
2024-05-20,nayarit,Mexico,326,14,6,0
2024-05-20,colima,Mexico,451,20,14,3
2024-05-20,tlaxcala,Mexico,392,14,4,0
2024-05-21,mexico city,Mexico,19121,764,485,99
2024-05-21,méxico,Mexico,9203,391,237,49
2024-05-21,nuevo león,Mexico,6736,235,112,34
2024-05-21,jalisco,Mexico,6878,289,179,36
2024-05-21,veracruz,Mexico,2971,99,73,14
2024-05-21,guanajuato,Mexico,2569,116,71,12
2024-05-21,sinaloa,Mexico,2114,85,49,8
2024-05-21,puebla,Mexico,2363,98,52,9
2024-05-21,querétaro,Mexico,1734,62,32,8
2024-05-21,baja california,Mexico,1721,47,16,3
2024-05-21,chihuahua,Mexico,1819,64,25,6
2024-05-21,sonora,Mexico,1797,75,51,12
2024-05-21,coahuila,Mexico,1849,52,26,2
2024-05-21,tamaulipas,Mexico,1608,53,29,5
2024-05-21,yucatán,Mexico,1871,81,58,17
2024-05-21,quintana roo,Mexico,1958,90,50,8
2024-05-21,michoacán,Mexico,1567,56,36,7
2024-05-21,morelos,Mexico,1263,52,34,6
2024-05-21,tabasco,Mexico,1366,51,27,3
2024-05-21,guerrero,Mexico,840,29,20,5
2024-05-21,chiapas,Mexico,730,29,16,2
2024-05-21,san luis potosí,Mexico,756,30,19,4
2024-05-21,hidalgo,Mexico,782,22,19,4
2024-05-21,oaxaca,Mexico,361,16,11,1
2024-05-21,aguascalientes,Mexico,630,25,17,2
2024-05-21,zacatecas,Mexico,522,18,4,0
2024-05-21,baja california sur,Mexico,442,9,4,0
2024-05-21,durango,Mexico,461,15,6,2
2024-05-21,campeche,Mexico,449,18,8,2
2024-05-21,nayarit,Mexico,248,6,6,2
2024-05-21,colima,Mexico,366,12,4,1
2024-05-21,tlaxcala,Mexico,334,18,7,0
2024-05-22,mexico city,Mexico,21142,852,533,122
2024-05-22,méxico,Mexico,10214,386,192,36
2024-05-22,nuevo león,Mexico,7411,267,125,25
2024-05-22,jalisco,Mexico,7082,294,171,35
2024-05-22,veracruz,Mexico,3045,101,74,13
2024-05-22,guanajuato,Mexico,2717,85,40,14
2024-05-22,sinaloa,Mexico,1886,65,35,4
2024-05-22,puebla,Mexico,2510,93,59,12
2024-05-22,querétaro,Mexico,1681,64,38,7
2024-05-22,baja california,Mexico,1840,61,25,5
2024-05-22,chihuahua,Mexico,1960,72,28,7
2024-05-22,sonora,Mexico,1800,49,23,6
2024-05-22,coahuila,Mexico,1756,52,25,6
2024-05-22,tamaulipas,Mexico,1693,47,19,2
2024-05-22,yucatán,Mexico,1996,81,43,12
2024-05-22,quintana roo,Mexico,2146,60,45,7
2024-05-22,michoacán,Mexico,1870,54,33,6
2024-05-22,morelos,Mexico,1362,41,14,4
2024-05-22,tabasco,Mexico,1394,65,39,7
2024-05-22,guerrero,Mexico,875,32,33,4
2024-05-22,chiapas,Mexico,743,21,10,1
2024-05-22,san luis potosí,Mexico,667,33,7,1
2024-05-22,hidalgo,Mexico,910,40,18,1
2024-05-22,oaxaca,Mexico,379,12,5,1
2024-05-22,aguascalientes,Mexico,683,30,9,3
2024-05-22,zacatecas,Mexico,543,23,26,3
2024-05-22,baja california sur,Mexico,484,14,3,0
2024-05-22,durango,Mexico,496,17,7,1
2024-05-22,campeche,Mexico,502,11,3,1
2024-05-22,nayarit,Mexico,283,10,6,0
2024-05-22,colima,Mexico,374,11,4,0
2024-05-22,tlaxcala,Mexico,347,11,3,0
2024-05-23,mexico city,Mexico,27192,1074,663,168
2024-05-23,méxico,Mexico,13452,537,346,71
2024-05-23,nuevo león,Mexico,8614,262,152,32
2024-05-23,jalisco,Mexico,8472,290,197,46
2024-05-23,veracruz,Mexico,4124,144,101,17
2024-05-23,guanajuato,Mexico,3423,93,50,10
2024-05-23,sinaloa,Mexico,2310,100,54,14
2024-05-23,puebla,Mexico,3791,123,78,21
2024-05-23,querétaro,Mexico,1789,59,40,8
2024-05-23,baja california,Mexico,2348,68,27,5
2024-05-23,chihuahua,Mexico,2598,77,40,2
2024-05-23,sonora,Mexico,2100,79,45,11
2024-05-23,coahuila,Mexico,2015,60,33,7
2024-05-23,tamaulipas,Mexico,2099,61,23,6
2024-05-23,yucatán,Mexico,2563,98,78,25
2024-05-23,quintana roo,Mexico,2662,85,45,6
2024-05-23,michoacán,Mexico,2526,78,58,13
2024-05-23,morelos,Mexico,1805,54,30,4
2024-05-23,tabasco,Mexico,1845,60,51,11
2024-05-23,guerrero,Mexico,1264,55,41,5
2024-05-23,chiapas,Mexico,1213,35,25,5
2024-05-23,san luis potosí,Mexico,789,29,16,5
2024-05-23,hidalgo,Mexico,1191,46,36,5
2024-05-23,oaxaca,Mexico,624,21,10,1
2024-05-23,aguascalientes,Mexico,823,31,15,4
2024-05-23,zacatecas,Mexico,716,13,12,3
2024-05-23,baja california sur,Mexico,598,21,9,1
2024-05-23,durango,Mexico,627,15,10,3
2024-05-23,campeche,Mexico,652,27,21,1
2024-05-23,nayarit,Mexico,383,13,5,0
2024-05-23,colima,Mexico,448,11,8,2
2024-05-23,tlaxcala,Mexico,546,11,10,4
2024-05-24,mexico city,Mexico,11989,439,299,60
2024-05-24,méxico,Mexico,5553,174,117,17
2024-05-24,nuevo león,Mexico,3482,123,55,14
2024-05-24,jalisco,Mexico,3179,102,54,15
2024-05-24,veracruz,Mexico,1596,84,56,17
2024-05-24,guanajuato,Mexico,1272,34,16,2
2024-05-24,sinaloa,Mexico,779,31,24,7
2024-05-24,puebla,Mexico,1425,52,23,5
2024-05-24,querétaro,Mexico,597,21,15,0
2024-05-24,baja california,Mexico,1091,37,16,3
2024-05-24,chihuahua,Mexico,1020,36,16,6
2024-05-24,sonora,Mexico,896,35,28,7
2024-05-24,coahuila,Mexico,669,25,13,2
2024-05-24,tamaulipas,Mexico,849,27,19,2
2024-05-24,yucatán,Mexico,1110,28,17,3
2024-05-24,quintana roo,Mexico,1115,43,26,3
2024-05-24,michoacán,Mexico,946,28,15,4
2024-05-24,morelos,Mexico,685,21,6,0
2024-05-24,tabasco,Mexico,820,28,28,3
2024-05-24,guerrero,Mexico,398,16,7,1
2024-05-24,chiapas,Mexico,425,10,11,2
2024-05-24,san luis potosí,Mexico,287,11,8,1
2024-05-24,hidalgo,Mexico,438,19,12,3
2024-05-24,oaxaca,Mexico,264,6,3,0
2024-05-24,aguascalientes,Mexico,334,7,3,2
2024-05-24,zacatecas,Mexico,220,3,2,1
2024-05-24,baja california sur,Mexico,250,11,6,0
2024-05-24,durango,Mexico,237,8,3,1
2024-05-24,campeche,Mexico,219,10,6,2
2024-05-24,nayarit,Mexico,167,10,4,2
2024-05-24,colima,Mexico,199,10,3,1
2024-05-24,tlaxcala,Mexico,222,4,2,1
2024-05-25,mexico city,Mexico,10727,362,194,50
2024-05-25,méxico,Mexico,5232,158,85,26
2024-05-25,nuevo león,Mexico,3766,119,63,13
2024-05-25,jalisco,Mexico,3290,126,78,12
2024-05-25,veracruz,Mexico,1449,46,27,5
2024-05-25,guanajuato,Mexico,1228,35,28,4
2024-05-25,sinaloa,Mexico,765,23,10,4
2024-05-25,puebla,Mexico,1335,43,21,6
2024-05-25,querétaro,Mexico,737,27,18,3
2024-05-25,baja california,Mexico,1017,34,14,2
2024-05-25,chihuahua,Mexico,1020,36,19,4
2024-05-25,sonora,Mexico,836,36,21,4
2024-05-25,coahuila,Mexico,734,15,9,1
2024-05-25,tamaulipas,Mexico,835,23,11,2
2024-05-25,yucatán,Mexico,990,36,20,5
2024-05-25,quintana roo,Mexico,1064,31,34,6
2024-05-25,michoacán,Mexico,792,26,14,1
2024-05-25,morelos,Mexico,677,27,14,1
2024-05-25,tabasco,Mexico,693,30,22,5
2024-05-25,guerrero,Mexico,420,16,6,1
2024-05-25,chiapas,Mexico,426,17,10,1
2024-05-25,san luis potosí,Mexico,245,4,2,1
2024-05-25,hidalgo,Mexico,463,22,17,3
2024-05-25,oaxaca,Mexico,220,8,4,1
2024-05-25,aguascalientes,Mexico,301,15,7,3
2024-05-25,zacatecas,Mexico,211,8,5,2
2024-05-25,baja california sur,Mexico,224,5,6,1
2024-05-25,durango,Mexico,198,8,1,0
2024-05-25,campeche,Mexico,275,12,7,2
2024-05-25,nayarit,Mexico,126,7,4,0
2024-05-25,colima,Mexico,160,3,3,0
2024-05-25,tlaxcala,Mexico,161,3,2,1
2024-05-26,mexico city,Mexico,9967,355,210,48
2024-05-26,méxico,Mexico,4989,178,120,32
2024-05-26,nuevo león,Mexico,3393,132,63,13
2024-05-26,jalisco,Mexico,3060,111,63,12
2024-05-26,veracruz,Mexico,1315,42,23,3
2024-05-26,guanajuato,Mexico,1078,34,23,2
2024-05-26,sinaloa,Mexico,758,35,28,7
2024-05-26,puebla,Mexico,1218,43,22,5
2024-05-26,querétaro,Mexico,603,29,14,3
2024-05-26,baja california,Mexico,944,25,6,1
2024-05-26,chihuahua,Mexico,991,47,11,4
2024-05-26,sonora,Mexico,816,30,20,3
2024-05-26,coahuila,Mexico,732,31,18,2
2024-05-26,tamaulipas,Mexico,783,22,9,3
2024-05-26,yucatán,Mexico,850,31,12,3
2024-05-26,quintana roo,Mexico,941,34,21,5
2024-05-26,michoacán,Mexico,782,21,14,4
2024-05-26,morelos,Mexico,626,21,16,3
2024-05-26,tabasco,Mexico,631,21,16,4
2024-05-26,guerrero,Mexico,400,19,8,3
2024-05-26,chiapas,Mexico,382,15,5,3
2024-05-26,san luis potosí,Mexico,228,8,5,2
2024-05-26,hidalgo,Mexico,398,14,9,1
2024-05-26,oaxaca,Mexico,158,2,1,0
2024-05-26,aguascalientes,Mexico,271,6,4,0
2024-05-26,zacatecas,Mexico,250,8,10,2
2024-05-26,baja california sur,Mexico,204,7,2,1
2024-05-26,durango,Mexico,240,10,2,0
2024-05-26,campeche,Mexico,232,11,6,2
2024-05-26,nayarit,Mexico,148,6,2,0
2024-05-26,colima,Mexico,184,2,1,1
2024-05-26,tlaxcala,Mexico,212,11,5,1
2024-05-27,mexico city,Mexico,11444,403,245,72
2024-05-27,méxico,Mexico,5272,182,126,23
2024-05-27,nuevo león,Mexico,3616,120,59,19
2024-05-27,jalisco,Mexico,3507,131,79,20
2024-05-27,veracruz,Mexico,1422,41,25,7
2024-05-27,guanajuato,Mexico,1225,42,28,11
2024-05-27,sinaloa,Mexico,807,31,30,4
2024-05-27,puebla,Mexico,1396,61,30,7
2024-05-27,querétaro,Mexico,777,31,11,4
2024-05-27,baja california,Mexico,1059,26,5,1
2024-05-27,chihuahua,Mexico,1054,46,19,7
2024-05-27,sonora,Mexico,943,40,17,3
2024-05-27,coahuila,Mexico,727,25,9,2
2024-05-27,tamaulipas,Mexico,851,24,8,1
2024-05-27,yucatán,Mexico,987,34,19,6
2024-05-27,quintana roo,Mexico,1089,39,17,3
2024-05-27,michoacán,Mexico,851,24,21,5
2024-05-27,morelos,Mexico,639,23,17,2
2024-05-27,tabasco,Mexico,705,34,23,9
2024-05-27,guerrero,Mexico,380,10,9,2
2024-05-27,chiapas,Mexico,435,17,9,3
2024-05-27,san luis potosí,Mexico,257,14,5,1
2024-05-27,hidalgo,Mexico,448,12,10,2
2024-05-27,oaxaca,Mexico,215,8,4,1
2024-05-27,aguascalientes,Mexico,352,20,14,5
2024-05-27,zacatecas,Mexico,254,15,9,1
2024-05-27,baja california sur,Mexico,239,12,6,0
2024-05-27,durango,Mexico,215,7,5,0
2024-05-27,campeche,Mexico,232,7,5,2
2024-05-27,nayarit,Mexico,145,5,1,0
2024-05-27,colima,Mexico,168,6,2,0
2024-05-27,tlaxcala,Mexico,179,6,2,1
2024-05-28,mexico city,Mexico,12179,501,252,53
2024-05-28,méxico,Mexico,5701,217,121,25
2024-05-28,nuevo león,Mexico,3526,155,61,18
2024-05-28,jalisco,Mexico,3660,153,86,29
2024-05-28,veracruz,Mexico,1598,62,31,6
2024-05-28,guanajuato,Mexico,1280,57,37,6
2024-05-28,sinaloa,Mexico,888,30,12,4
2024-05-28,puebla,Mexico,1313,40,27,5
2024-05-28,querétaro,Mexico,788,32,16,7
2024-05-28,baja california,Mexico,1014,38,13,3
2024-05-28,chihuahua,Mexico,1069,42,22,3
2024-05-28,sonora,Mexico,846,35,26,8
2024-05-28,coahuila,Mexico,762,40,10,1
2024-05-28,tamaulipas,Mexico,805,20,10,2
2024-05-28,yucatán,Mexico,996,30,10,2
2024-05-28,quintana roo,Mexico,1080,42,20,9
2024-05-28,michoacán,Mexico,841,26,14,3
2024-05-28,morelos,Mexico,702,35,12,3
2024-05-28,tabasco,Mexico,730,39,19,4
2024-05-28,guerrero,Mexico,419,13,10,1
2024-05-28,chiapas,Mexico,413,19,8,1
2024-05-28,san luis potosí,Mexico,263,13,11,2
2024-05-28,hidalgo,Mexico,469,16,13,3
2024-05-28,oaxaca,Mexico,230,10,3,0
2024-05-28,aguascalientes,Mexico,297,13,4,2
2024-05-28,zacatecas,Mexico,260,12,8,1
2024-05-28,baja california sur,Mexico,255,7,2,1
2024-05-28,durango,Mexico,249,10,2,0
2024-05-28,campeche,Mexico,209,6,2,0
2024-05-28,nayarit,Mexico,139,7,3,0
2024-05-28,colima,Mexico,180,5,6,0
2024-05-28,tlaxcala,Mexico,183,9,5,2
2024-05-29,mexico city,Mexico,9223,438,246,53
2024-05-29,méxico,Mexico,4122,174,106,19
2024-05-29,nuevo león,Mexico,2806,106,48,12
2024-05-29,jalisco,Mexico,2740,122,74,14
2024-05-29,veracruz,Mexico,1224,43,21,0
2024-05-29,guanajuato,Mexico,915,39,18,4
2024-05-29,sinaloa,Mexico,681,28,28,2
2024-05-29,puebla,Mexico,960,35,18,3
2024-05-29,querétaro,Mexico,619,91,86,2
2024-05-29,baja california,Mexico,941,33,21,2
2024-05-29,chihuahua,Mexico,893,29,24,4
2024-05-29,sonora,Mexico,701,26,15,3
2024-05-29,coahuila,Mexico,639,81,70,4
2024-05-29,tamaulipas,Mexico,677,17,7,1
2024-05-29,yucatán,Mexico,783,32,18,4
2024-05-29,quintana roo,Mexico,904,47,27,3
2024-05-29,michoacán,Mexico,658,23,10,4
2024-05-29,morelos,Mexico,541,19,8,1
2024-05-29,tabasco,Mexico,599,15,12,3
2024-05-29,guerrero,Mexico,318,7,8,3
2024-05-29,chiapas,Mexico,310,20,20,4
2024-05-29,san luis potosí,Mexico,176,5,3,0
2024-05-29,hidalgo,Mexico,400,15,5,1
2024-05-29,oaxaca,Mexico,166,4,4,1
2024-05-29,aguascalientes,Mexico,269,11,6,3
2024-05-29,zacatecas,Mexico,202,7,4,0
2024-05-29,baja california sur,Mexico,215,8,3,2
2024-05-29,durango,Mexico,175,9,10,4
2024-05-29,campeche,Mexico,208,14,3,0
2024-05-29,nayarit,Mexico,131,4,0,0
2024-05-29,colima,Mexico,147,8,6,2
2024-05-29,tlaxcala,Mexico,118,4,3,0
2024-05-30,mexico city,Mexico,8675,447,305,40
2024-05-30,méxico,Mexico,3948,186,84,27
2024-05-30,nuevo león,Mexico,2970,120,64,14
2024-05-30,jalisco,Mexico,2793,119,68,6
2024-05-30,veracruz,Mexico,1083,38,26,5
2024-05-30,guanajuato,Mexico,943,36,17,2
2024-05-30,sinaloa,Mexico,623,31,19,4
2024-05-30,puebla,Mexico,1001,35,17,2
2024-05-30,querétaro,Mexico,625,109,106,3
2024-05-30,baja california,Mexico,823,34,16,4
2024-05-30,chihuahua,Mexico,762,25,13,2
2024-05-30,sonora,Mexico,752,42,15,5
2024-05-30,coahuila,Mexico,671,123,112,2
2024-05-30,tamaulipas,Mexico,588,21,4,0
2024-05-30,yucatán,Mexico,780,36,17,4
2024-05-30,quintana roo,Mexico,898,35,22,2
2024-05-30,michoacán,Mexico,570,19,13,4
2024-05-30,morelos,Mexico,469,17,8,1
2024-05-30,tabasco,Mexico,536,20,9,1
2024-05-30,guerrero,Mexico,290,9,1,0
2024-05-30,chiapas,Mexico,316,10,8,2
2024-05-30,san luis potosí,Mexico,179,8,2,1
2024-05-30,hidalgo,Mexico,309,11,9,2
2024-05-30,oaxaca,Mexico,156,4,3,0
2024-05-30,aguascalientes,Mexico,244,11,8,0
2024-05-30,zacatecas,Mexico,228,5,3,1
2024-05-30,baja california sur,Mexico,213,12,9,1
2024-05-30,durango,Mexico,195,14,7,2
2024-05-30,campeche,Mexico,215,13,9,2
2024-05-30,nayarit,Mexico,135,6,3,0
2024-05-30,colima,Mexico,129,5,4,2
2024-05-30,tlaxcala,Mexico,127,8,3,2
2024-05-31,mexico city,Mexico,9351,424,313,61
2024-05-31,méxico,Mexico,4070,157,84,18
2024-05-31,nuevo león,Mexico,3108,136,60,16
2024-05-31,jalisco,Mexico,2874,115,68,21
2024-05-31,veracruz,Mexico,1209,43,29,2
2024-05-31,guanajuato,Mexico,947,27,12,3
2024-05-31,sinaloa,Mexico,741,34,22,6
2024-05-31,puebla,Mexico,1107,96,73,4
2024-05-31,querétaro,Mexico,722,62,50,6
2024-05-31,baja california,Mexico,889,19,12,1
2024-05-31,chihuahua,Mexico,800,41,16,5
2024-05-31,sonora,Mexico,728,32,17,4
2024-05-31,coahuila,Mexico,703,102,90,0
2024-05-31,tamaulipas,Mexico,663,21,8,0
2024-05-31,yucatán,Mexico,796,27,16,5
2024-05-31,quintana roo,Mexico,958,39,21,5
2024-05-31,michoacán,Mexico,619,27,11,1
2024-05-31,morelos,Mexico,475,24,16,2
2024-05-31,tabasco,Mexico,573,28,13,0
2024-05-31,guerrero,Mexico,354,17,3,1
2024-05-31,chiapas,Mexico,308,16,8,3
2024-05-31,san luis potosí,Mexico,221,12,7,4
2024-05-31,hidalgo,Mexico,345,22,19,5
2024-05-31,oaxaca,Mexico,165,8,6,1
2024-05-31,aguascalientes,Mexico,251,9,5,1
2024-05-31,zacatecas,Mexico,211,15,6,0
2024-05-31,baja california sur,Mexico,207,10,5,1
2024-05-31,durango,Mexico,190,6,5,1
2024-05-31,campeche,Mexico,211,5,1,1
2024-05-31,nayarit,Mexico,132,6,6,2
2024-05-31,colima,Mexico,123,5,0,0
2024-05-31,tlaxcala,Mexico,161,7,6,1
2024-06-01,mexico city,Mexico,8701,401,287,58
2024-06-01,méxico,Mexico,4052,165,93,28
2024-06-01,nuevo león,Mexico,3023,116,52,12
2024-06-01,jalisco,Mexico,3035,99,61,15
2024-06-01,veracruz,Mexico,1205,57,31,6
2024-06-01,guanajuato,Mexico,1002,29,14,7
2024-06-01,sinaloa,Mexico,821,30,14,1
2024-06-01,puebla,Mexico,1131,131,112,2
2024-06-01,querétaro,Mexico,743,36,17,3
2024-06-01,baja california,Mexico,755,25,8,0
2024-06-01,chihuahua,Mexico,778,29,17,3
2024-06-01,sonora,Mexico,806,40,26,3
2024-06-01,coahuila,Mexico,827,118,105,0
2024-06-01,tamaulipas,Mexico,715,19,10,1
2024-06-01,yucatán,Mexico,755,33,8,1
2024-06-01,quintana roo,Mexico,891,42,22,3
2024-06-01,michoacán,Mexico,605,18,14,3
2024-06-01,morelos,Mexico,501,11,10,1
2024-06-01,tabasco,Mexico,557,24,16,3
2024-06-01,guerrero,Mexico,343,17,8,2
2024-06-01,chiapas,Mexico,286,16,6,3
2024-06-01,san luis potosí,Mexico,320,8,4,1
2024-06-01,hidalgo,Mexico,337,17,9,1
2024-06-01,oaxaca,Mexico,141,3,1,0
2024-06-01,aguascalientes,Mexico,209,3,3,1
2024-06-01,zacatecas,Mexico,196,8,4,2
2024-06-01,baja california sur,Mexico,209,12,6,1
2024-06-01,durango,Mexico,172,6,3,0
2024-06-01,campeche,Mexico,229,9,2,0
2024-06-01,nayarit,Mexico,104,5,2,0
2024-06-01,colima,Mexico,135,6,5,1
2024-06-01,tlaxcala,Mexico,118,7,5,3
2024-06-02,mexico city,Mexico,8703,377,226,38
2024-06-02,méxico,Mexico,4089,152,100,19
2024-06-02,nuevo león,Mexico,3097,84,44,8
2024-06-02,jalisco,Mexico,2787,106,65,10
2024-06-02,veracruz,Mexico,1147,32,18,4
2024-06-02,guanajuato,Mexico,946,26,18,1
2024-06-02,sinaloa,Mexico,737,29,10,4
2024-06-02,puebla,Mexico,1082,135,123,3
2024-06-02,querétaro,Mexico,688,15,12,2
2024-06-02,baja california,Mexico,806,24,15,2
2024-06-02,chihuahua,Mexico,821,21,13,2
2024-06-02,sonora,Mexico,752,27,16,1
2024-06-02,coahuila,Mexico,850,120,107,3
2024-06-02,tamaulipas,Mexico,628,15,8,2
2024-06-02,yucatán,Mexico,743,24,10,0
2024-06-02,quintana roo,Mexico,909,26,16,4
2024-06-02,michoacán,Mexico,578,19,8,1
2024-06-02,morelos,Mexico,507,18,10,1
2024-06-02,tabasco,Mexico,515,17,12,2
2024-06-02,guerrero,Mexico,288,4,5,2
2024-06-02,chiapas,Mexico,276,13,4,2
2024-06-02,san luis potosí,Mexico,304,7,2,0
2024-06-02,hidalgo,Mexico,338,7,7,1
2024-06-02,oaxaca,Mexico,103,1,4,0
2024-06-02,aguascalientes,Mexico,228,8,2,0
2024-06-02,zacatecas,Mexico,169,6,4,0
2024-06-02,baja california sur,Mexico,173,5,9,2
2024-06-02,durango,Mexico,189,11,5,1
2024-06-02,campeche,Mexico,204,7,4,0
2024-06-02,nayarit,Mexico,102,0,2,0
2024-06-02,colima,Mexico,107,3,3,1
2024-06-02,tlaxcala,Mexico,109,1,0,0
2024-06-03,mexico city,Mexico,10459,415,265,38
2024-06-03,méxico,Mexico,4701,166,90,13
2024-06-03,nuevo león,Mexico,3819,113,57,16
2024-06-03,jalisco,Mexico,3531,104,64,9
2024-06-03,veracruz,Mexico,1356,31,22,3
2024-06-03,guanajuato,Mexico,1127,39,15,2
2024-06-03,sinaloa,Mexico,1034,33,22,6
2024-06-03,puebla,Mexico,1325,124,111,4
2024-06-03,querétaro,Mexico,911,34,22,7
2024-06-03,baja california,Mexico,1123,37,12,3
2024-06-03,chihuahua,Mexico,1025,20,7,1
2024-06-03,sonora,Mexico,946,36,18,2
2024-06-03,coahuila,Mexico,1059,111,95,0
2024-06-03,tamaulipas,Mexico,857,21,8,1
2024-06-03,yucatán,Mexico,859,24,18,4
2024-06-03,quintana roo,Mexico,998,25,17,2
2024-06-03,michoacán,Mexico,744,23,13,1
2024-06-03,morelos,Mexico,583,16,8,3
2024-06-03,tabasco,Mexico,643,23,8,2
2024-06-03,guerrero,Mexico,355,15,8,2
2024-06-03,chiapas,Mexico,303,8,7,1
2024-06-03,san luis potosí,Mexico,355,10,4,0
2024-06-03,hidalgo,Mexico,426,15,6,3
2024-06-03,oaxaca,Mexico,172,8,2,0
2024-06-03,aguascalientes,Mexico,286,5,4,2
2024-06-03,zacatecas,Mexico,222,8,5,0
2024-06-03,baja california sur,Mexico,236,9,2,0
2024-06-03,durango,Mexico,232,8,3,1
2024-06-03,campeche,Mexico,251,6,5,1
2024-06-03,nayarit,Mexico,139,6,0,0
2024-06-03,colima,Mexico,173,9,5,0
2024-06-03,tlaxcala,Mexico,131,5,1,0
2024-06-04,mexico city,Mexico,10805,487,288,48
2024-06-04,méxico,Mexico,4531,177,102,19
2024-06-04,nuevo león,Mexico,3798,120,62,12
2024-06-04,jalisco,Mexico,3568,134,71,20
2024-06-04,veracruz,Mexico,1371,55,24,2
2024-06-04,guanajuato,Mexico,1247,54,24,4
2024-06-04,sinaloa,Mexico,1019,45,19,2
2024-06-04,puebla,Mexico,1312,142,112,2
2024-06-04,querétaro,Mexico,890,36,16,3
2024-06-04,baja california,Mexico,1394,35,14,2
2024-06-04,chihuahua,Mexico,1052,34,20,1
2024-06-04,sonora,Mexico,971,39,12,0
2024-06-04,coahuila,Mexico,1047,129,109,3
2024-06-04,tamaulipas,Mexico,842,23,5,0
2024-06-04,yucatán,Mexico,945,42,15,1
2024-06-04,quintana roo,Mexico,969,36,24,3
2024-06-04,michoacán,Mexico,725,28,21,3
2024-06-04,morelos,Mexico,606,23,12,2
2024-06-04,tabasco,Mexico,691,24,11,2
2024-06-04,guerrero,Mexico,382,9,5,1
2024-06-04,chiapas,Mexico,362,14,10,2
2024-06-04,san luis potosí,Mexico,383,19,3,1
2024-06-04,hidalgo,Mexico,408,17,9,3
2024-06-04,oaxaca,Mexico,179,5,8,2
2024-06-04,aguascalientes,Mexico,311,13,12,1
2024-06-04,zacatecas,Mexico,257,10,2,0
2024-06-04,baja california sur,Mexico,213,7,2,0
2024-06-04,durango,Mexico,260,9,4,1
2024-06-04,campeche,Mexico,226,5,3,1
2024-06-04,nayarit,Mexico,131,6,3,0
2024-06-04,colima,Mexico,150,6,3,1
2024-06-04,tlaxcala,Mexico,175,7,5,1
2024-06-05,mexico city,Mexico,11005,456,284,51
2024-06-05,méxico,Mexico,4847,176,88,19
2024-06-05,nuevo león,Mexico,3635,140,75,13
2024-06-05,jalisco,Mexico,3569,147,71,17
2024-06-05,veracruz,Mexico,1240,44,17,1
2024-06-05,guanajuato,Mexico,1207,59,28,8
2024-06-05,sinaloa,Mexico,933,33,10,4
2024-06-05,puebla,Mexico,1293,63,39,5
2024-06-05,querétaro,Mexico,971,40,20,3
2024-06-05,baja california,Mexico,1285,30,13,1
2024-06-05,chihuahua,Mexico,975,26,8,2
2024-06-05,sonora,Mexico,959,46,32,4
2024-06-05,coahuila,Mexico,946,116,106,1
2024-06-05,tamaulipas,Mexico,844,19,7,2
2024-06-05,yucatán,Mexico,950,35,23,7
2024-06-05,quintana roo,Mexico,987,34,12,0
2024-06-05,michoacán,Mexico,744,25,8,2
2024-06-05,morelos,Mexico,637,30,15,0
2024-06-05,tabasco,Mexico,653,21,13,1
2024-06-05,guerrero,Mexico,364,17,12,1
2024-06-05,chiapas,Mexico,317,14,6,1
2024-06-05,san luis potosí,Mexico,393,21,5,2
2024-06-05,hidalgo,Mexico,436,21,12,2
2024-06-05,oaxaca,Mexico,162,5,1,0
2024-06-05,aguascalientes,Mexico,312,11,6,0
2024-06-05,zacatecas,Mexico,214,6,5,1
2024-06-05,baja california sur,Mexico,232,10,4,1
2024-06-05,durango,Mexico,209,4,1,0
2024-06-05,campeche,Mexico,236,5,7,2
2024-06-05,nayarit,Mexico,149,7,4,1
2024-06-05,colima,Mexico,191,18,3,0
2024-06-05,tlaxcala,Mexico,164,6,6,0
2024-06-06,mexico city,Mexico,10545,456,262,38
2024-06-06,méxico,Mexico,4615,180,95,29
2024-06-06,nuevo león,Mexico,3661,114,63,13
2024-06-06,jalisco,Mexico,3613,136,67,9
2024-06-06,veracruz,Mexico,1381,53,24,2
2024-06-06,guanajuato,Mexico,1233,47,28,7
2024-06-06,sinaloa,Mexico,953,37,17,4
2024-06-06,puebla,Mexico,1272,44,21,4
2024-06-06,querétaro,Mexico,952,25,7,2
2024-06-06,baja california,Mexico,1280,41,15,4
2024-06-06,chihuahua,Mexico,953,28,12,4
2024-06-06,sonora,Mexico,929,28,16,3
2024-06-06,coahuila,Mexico,1016,127,107,2
2024-06-06,tamaulipas,Mexico,893,28,11,2
2024-06-06,yucatán,Mexico,959,30,19,5
2024-06-06,quintana roo,Mexico,1053,31,16,4
2024-06-06,michoacán,Mexico,740,25,10,3
2024-06-06,morelos,Mexico,605,30,14,3
2024-06-06,tabasco,Mexico,751,29,13,1
2024-06-06,guerrero,Mexico,383,17,10,1
2024-06-06,chiapas,Mexico,384,9,6,2
2024-06-06,san luis potosí,Mexico,399,17,5,3
2024-06-06,hidalgo,Mexico,411,20,6,2
2024-06-06,oaxaca,Mexico,191,5,4,2
2024-06-06,aguascalientes,Mexico,309,13,5,1
2024-06-06,zacatecas,Mexico,202,6,3,1
2024-06-06,baja california sur,Mexico,239,5,2,0
2024-06-06,durango,Mexico,224,7,2,0
2024-06-06,campeche,Mexico,276,12,6,0
2024-06-06,nayarit,Mexico,156,7,2,0
2024-06-06,colima,Mexico,171,6,1,0
2024-06-06,tlaxcala,Mexico,167,10,4,1
2024-06-07,mexico city,Mexico,10458,477,268,31
2024-06-07,méxico,Mexico,4645,209,104,22
2024-06-07,nuevo león,Mexico,3823,133,79,14
2024-06-07,jalisco,Mexico,3497,145,67,10
2024-06-07,veracruz,Mexico,1554,58,36,6
2024-06-07,guanajuato,Mexico,1282,56,25,6
2024-06-07,sinaloa,Mexico,970,44,12,1
2024-06-07,puebla,Mexico,1274,34,19,2
2024-06-07,querétaro,Mexico,971,39,14,3
2024-06-07,baja california,Mexico,1253,26,17,3
2024-06-07,chihuahua,Mexico,954,41,14,2
2024-06-07,sonora,Mexico,882,27,11,2
2024-06-07,coahuila,Mexico,1056,136,111,1
2024-06-07,tamaulipas,Mexico,831,22,11,1
2024-06-07,yucatán,Mexico,994,34,14,1
2024-06-07,quintana roo,Mexico,1011,28,9,2
2024-06-07,michoacán,Mexico,745,38,14,2
2024-06-07,morelos,Mexico,612,17,11,2
2024-06-07,tabasco,Mexico,767,32,16,3
2024-06-07,guerrero,Mexico,381,14,2,1
2024-06-07,chiapas,Mexico,428,20,14,3
2024-06-07,san luis potosí,Mexico,391,28,4,0
2024-06-07,hidalgo,Mexico,372,15,7,1
2024-06-07,oaxaca,Mexico,170,7,2,0
2024-06-07,aguascalientes,Mexico,254,6,3,1
2024-06-07,zacatecas,Mexico,223,5,3,0
2024-06-07,baja california sur,Mexico,272,11,4,0
2024-06-07,durango,Mexico,218,7,5,1
2024-06-07,campeche,Mexico,269,10,9,0
2024-06-07,nayarit,Mexico,130,5,4,1
2024-06-07,colima,Mexico,216,14,6,0
2024-06-07,tlaxcala,Mexico,188,13,12,1
2024-06-08,mexico city,Mexico,10717,531,298,50
2024-06-08,méxico,Mexico,4810,204,95,15
2024-06-08,nuevo león,Mexico,4010,119,57,10
2024-06-08,jalisco,Mexico,3663,159,75,14
2024-06-08,veracruz,Mexico,1577,77,29,5
2024-06-08,guanajuato,Mexico,1424,57,24,3
2024-06-08,sinaloa,Mexico,1016,39,13,3
2024-06-08,puebla,Mexico,1387,78,26,5
2024-06-08,querétaro,Mexico,929,39,12,2
2024-06-08,baja california,Mexico,1205,27,11,3
2024-06-08,chihuahua,Mexico,996,33,19,2
2024-06-08,sonora,Mexico,876,36,15,2
2024-06-08,coahuila,Mexico,1021,123,108,1
2024-06-08,tamaulipas,Mexico,796,30,12,0
2024-06-08,yucatán,Mexico,1068,43,19,4
2024-06-08,quintana roo,Mexico,1142,47,22,3
2024-06-08,michoacán,Mexico,841,25,12,0
2024-06-08,morelos,Mexico,662,24,7,1
2024-06-08,tabasco,Mexico,792,38,23,5
2024-06-08,guerrero,Mexico,392,7,4,1
2024-06-08,chiapas,Mexico,426,23,3,0
2024-06-08,san luis potosí,Mexico,408,13,6,2
2024-06-08,hidalgo,Mexico,438,21,6,0
2024-06-08,oaxaca,Mexico,209,10,4,1
2024-06-08,aguascalientes,Mexico,268,11,4,2
2024-06-08,zacatecas,Mexico,244,13,5,2
2024-06-08,baja california sur,Mexico,276,13,4,2
2024-06-08,durango,Mexico,232,6,1,0
2024-06-08,campeche,Mexico,269,15,9,1
2024-06-08,nayarit,Mexico,115,10,4,1
2024-06-08,colima,Mexico,196,12,7,0
2024-06-08,tlaxcala,Mexico,236,7,6,1
2024-06-09,mexico city,Mexico,11352,652,322,57
2024-06-09,méxico,Mexico,5253,224,92,16
2024-06-09,nuevo león,Mexico,4277,192,87,19
2024-06-09,jalisco,Mexico,4098,212,74,17
2024-06-09,veracruz,Mexico,1666,71,33,6
2024-06-09,guanajuato,Mexico,1445,70,39,9
2024-06-09,sinaloa,Mexico,1127,49,16,2
2024-06-09,puebla,Mexico,1509,71,28,8
2024-06-09,querétaro,Mexico,1156,55,26,4
2024-06-09,baja california,Mexico,1229,51,20,6
2024-06-09,chihuahua,Mexico,1052,39,16,4
2024-06-09,sonora,Mexico,1051,49,13,1
2024-06-09,coahuila,Mexico,1153,139,107,2
2024-06-09,tamaulipas,Mexico,916,49,10,1
2024-06-09,yucatán,Mexico,1118,48,21,6
2024-06-09,quintana roo,Mexico,1178,59,22,7
2024-06-09,michoacán,Mexico,888,32,20,4
2024-06-09,morelos,Mexico,767,38,4,1
2024-06-09,tabasco,Mexico,775,36,12,1
2024-06-09,guerrero,Mexico,428,21,11,2
2024-06-09,chiapas,Mexico,432,22,10,5
2024-06-09,san luis potosí,Mexico,453,22,10,2
2024-06-09,hidalgo,Mexico,482,28,7,3
2024-06-09,oaxaca,Mexico,218,7,5,1
2024-06-09,aguascalientes,Mexico,312,18,8,2
2024-06-09,zacatecas,Mexico,263,10,3,0
2024-06-09,baja california sur,Mexico,272,15,4,1
2024-06-09,durango,Mexico,268,9,4,0
2024-06-09,campeche,Mexico,275,21,14,4
2024-06-09,nayarit,Mexico,136,7,1,0
2024-06-09,colima,Mexico,168,14,3,2
2024-06-09,tlaxcala,Mexico,237,18,7,5
2024-06-10,mexico city,Mexico,12992,600,320,58
2024-06-10,méxico,Mexico,5732,229,112,22
2024-06-10,nuevo león,Mexico,4798,182,104,21
2024-06-10,jalisco,Mexico,4647,199,87,27
2024-06-10,veracruz,Mexico,1856,67,37,5
2024-06-10,guanajuato,Mexico,1689,58,25,5
2024-06-10,sinaloa,Mexico,1266,63,25,2
2024-06-10,puebla,Mexico,1558,55,25,3
2024-06-10,querétaro,Mexico,1254,61,38,5
2024-06-10,baja california,Mexico,1350,39,12,3
2024-06-10,chihuahua,Mexico,1252,48,23,2
2024-06-10,sonora,Mexico,1133,42,14,3
2024-06-10,coahuila,Mexico,1208,130,92,3
2024-06-10,tamaulipas,Mexico,988,38,14,4
2024-06-10,yucatán,Mexico,1245,47,34,5
2024-06-10,quintana roo,Mexico,1310,59,23,7
2024-06-10,michoacán,Mexico,959,39,20,2
2024-06-10,morelos,Mexico,797,37,14,7
2024-06-10,tabasco,Mexico,821,27,8,3
2024-06-10,guerrero,Mexico,481,18,14,2
2024-06-10,chiapas,Mexico,459,14,5,1
2024-06-10,san luis potosí,Mexico,489,18,4,0
2024-06-10,hidalgo,Mexico,491,18,10,4
2024-06-10,oaxaca,Mexico,231,11,6,3
2024-06-10,aguascalientes,Mexico,392,14,12,4
2024-06-10,zacatecas,Mexico,269,10,2,1
2024-06-10,baja california sur,Mexico,316,16,2,0
2024-06-10,durango,Mexico,258,7,7,0
2024-06-10,campeche,Mexico,310,10,8,1
2024-06-10,nayarit,Mexico,163,4,5,0
2024-06-10,colima,Mexico,245,13,6,2
2024-06-10,tlaxcala,Mexico,244,16,7,2
2024-06-11,mexico city,Mexico,12832,573,316,64
2024-06-11,méxico,Mexico,5626,229,101,21
2024-06-11,nuevo león,Mexico,4469,158,72,20
2024-06-11,jalisco,Mexico,4456,172,74,13
2024-06-11,veracruz,Mexico,1778,53,26,5
2024-06-11,guanajuato,Mexico,1441,56,30,4
2024-06-11,sinaloa,Mexico,1116,50,18,4
2024-06-11,puebla,Mexico,1552,54,34,6
2024-06-11,querétaro,Mexico,1251,44,28,10
2024-06-11,baja california,Mexico,1277,29,10,1
2024-06-11,chihuahua,Mexico,1057,46,17,5
2024-06-11,sonora,Mexico,1092,26,12,2
2024-06-11,coahuila,Mexico,1185,137,89,3
2024-06-11,tamaulipas,Mexico,997,33,16,2
2024-06-11,yucatán,Mexico,1143,41,16,4
2024-06-11,quintana roo,Mexico,1212,36,15,2
2024-06-11,michoacán,Mexico,974,35,14,2
2024-06-11,morelos,Mexico,787,43,8,1
2024-06-11,tabasco,Mexico,825,26,12,1
2024-06-11,guerrero,Mexico,490,21,8,4
2024-06-11,chiapas,Mexico,473,26,6,1
2024-06-11,san luis potosí,Mexico,459,16,7,1
2024-06-11,hidalgo,Mexico,539,18,10,1
2024-06-11,oaxaca,Mexico,211,5,3,0
2024-06-11,aguascalientes,Mexico,352,9,5,1
2024-06-11,zacatecas,Mexico,285,10,8,4
2024-06-11,baja california sur,Mexico,299,13,8,2
2024-06-11,durango,Mexico,242,6,3,1
2024-06-11,campeche,Mexico,304,10,4,1
2024-06-11,nayarit,Mexico,183,8,3,0
2024-06-11,colima,Mexico,229,9,6,0
2024-06-11,tlaxcala,Mexico,229,7,7,1
2024-06-12,mexico city,Mexico,13013,539,311,46
2024-06-12,méxico,Mexico,5731,217,105,16
2024-06-12,nuevo león,Mexico,4908,184,77,20
2024-06-12,jalisco,Mexico,4492,177,85,13
2024-06-12,veracruz,Mexico,1862,76,40,8
2024-06-12,guanajuato,Mexico,1640,58,29,9
2024-06-12,sinaloa,Mexico,1161,35,11,3
2024-06-12,puebla,Mexico,1625,60,21,3
2024-06-12,querétaro,Mexico,1253,46,26,4
2024-06-12,baja california,Mexico,1335,41,13,0
2024-06-12,chihuahua,Mexico,1160,47,19,3
2024-06-12,sonora,Mexico,960,44,22,4
2024-06-12,coahuila,Mexico,1196,127,96,7
2024-06-12,tamaulipas,Mexico,1002,35,11,3
2024-06-12,yucatán,Mexico,1247,44,20,7
2024-06-12,quintana roo,Mexico,1315,42,23,5
2024-06-12,michoacán,Mexico,960,27,17,5
2024-06-12,morelos,Mexico,817,29,10,1
2024-06-12,tabasco,Mexico,892,40,18,6
2024-06-12,guerrero,Mexico,502,22,16,1
2024-06-12,chiapas,Mexico,473,27,13,2
2024-06-12,san luis potosí,Mexico,432,15,8,2
2024-06-12,hidalgo,Mexico,468,13,5,0
2024-06-12,oaxaca,Mexico,226,7,4,1
2024-06-12,aguascalientes,Mexico,356,15,4,1
2024-06-12,zacatecas,Mexico,225,4,0,0
2024-06-12,baja california sur,Mexico,265,7,3,0
2024-06-12,durango,Mexico,254,10,2,1
2024-06-12,campeche,Mexico,315,13,3,0
2024-06-12,nayarit,Mexico,158,9,4,1
2024-06-12,colima,Mexico,229,10,2,1
2024-06-12,tlaxcala,Mexico,233,11,4,1
2024-06-13,mexico city,Mexico,11969,542,304,36
2024-06-13,méxico,Mexico,5300,211,125,23
2024-06-13,nuevo león,Mexico,4415,152,66,14
2024-06-13,jalisco,Mexico,4200,169,74,14
2024-06-13,veracruz,Mexico,1613,50,25,4
2024-06-13,guanajuato,Mexico,1445,51,22,3
2024-06-13,sinaloa,Mexico,1179,43,14,4
2024-06-13,puebla,Mexico,1493,57,21,4
2024-06-13,querétaro,Mexico,1126,38,15,2
2024-06-13,baja california,Mexico,1237,45,12,2
2024-06-13,chihuahua,Mexico,1113,34,12,1
2024-06-13,sonora,Mexico,913,31,10,2
2024-06-13,coahuila,Mexico,1157,134,84,3
2024-06-13,tamaulipas,Mexico,936,22,12,0
2024-06-13,yucatán,Mexico,1121,31,13,1
2024-06-13,quintana roo,Mexico,1103,40,20,7
2024-06-13,michoacán,Mexico,913,35,15,3
2024-06-13,morelos,Mexico,712,34,11,3
2024-06-13,tabasco,Mexico,732,25,19,1
2024-06-13,guerrero,Mexico,439,9,6,1
2024-06-13,chiapas,Mexico,392,18,5,1
2024-06-13,san luis potosí,Mexico,487,25,9,1
2024-06-13,hidalgo,Mexico,436,13,5,2
2024-06-13,oaxaca,Mexico,196,8,3,1
2024-06-13,aguascalientes,Mexico,318,16,8,1
2024-06-13,zacatecas,Mexico,242,14,5,1
2024-06-13,baja california sur,Mexico,250,6,1,0
2024-06-13,durango,Mexico,224,4,3,0
2024-06-13,campeche,Mexico,293,17,10,3
2024-06-13,nayarit,Mexico,133,6,4,1
2024-06-13,colima,Mexico,217,7,0,0
2024-06-13,tlaxcala,Mexico,175,11,5,0
2024-06-14,mexico city,Mexico,11125,529,318,47
2024-06-14,méxico,Mexico,4981,219,100,19
2024-06-14,nuevo león,Mexico,4281,157,72,19
2024-06-14,jalisco,Mexico,4020,152,68,14
2024-06-14,veracruz,Mexico,1595,39,24,3
2024-06-14,guanajuato,Mexico,1360,54,18,0
2024-06-14,sinaloa,Mexico,1124,44,15,1
2024-06-14,puebla,Mexico,1456,53,22,4
2024-06-14,querétaro,Mexico,1134,45,21,6
2024-06-14,baja california,Mexico,1258,38,12,4
2024-06-14,chihuahua,Mexico,1056,33,15,1
2024-06-14,sonora,Mexico,947,34,12,1
2024-06-14,coahuila,Mexico,1132,141,76,2
2024-06-14,tamaulipas,Mexico,952,24,13,2
2024-06-14,yucatán,Mexico,1046,34,13,3
2024-06-14,quintana roo,Mexico,1213,49,20,3
2024-06-14,michoacán,Mexico,881,28,10,3
2024-06-14,morelos,Mexico,641,22,5,2
2024-06-14,tabasco,Mexico,746,34,19,5
2024-06-14,guerrero,Mexico,455,15,7,1
2024-06-14,chiapas,Mexico,397,17,7,1
2024-06-14,san luis potosí,Mexico,453,10,3,0
2024-06-14,hidalgo,Mexico,470,17,5,3
2024-06-14,oaxaca,Mexico,197,8,3,0
2024-06-14,aguascalientes,Mexico,314,11,7,2
2024-06-14,zacatecas,Mexico,264,18,4,0
2024-06-14,baja california sur,Mexico,268,7,1,0
2024-06-14,durango,Mexico,208,6,1,0
2024-06-14,campeche,Mexico,298,8,4,1
2024-06-14,nayarit,Mexico,156,3,1,0
2024-06-14,colima,Mexico,205,7,1,1
2024-06-14,tlaxcala,Mexico,190,3,1,0
2024-06-15,mexico city,Mexico,10221,482,270,32
2024-06-15,méxico,Mexico,4563,198,75,9
2024-06-15,nuevo león,Mexico,3951,150,58,8
2024-06-15,jalisco,Mexico,3653,155,82,7
2024-06-15,veracruz,Mexico,1393,54,28,3
2024-06-15,guanajuato,Mexico,1241,35,22,4
2024-06-15,sinaloa,Mexico,957,41,16,1
2024-06-15,puebla,Mexico,1437,55,28,3
2024-06-15,querétaro,Mexico,1085,41,32,6
2024-06-15,baja california,Mexico,1178,31,19,3
2024-06-15,chihuahua,Mexico,1050,51,18,2
2024-06-15,sonora,Mexico,934,44,24,4
2024-06-15,coahuila,Mexico,995,121,60,5
2024-06-15,tamaulipas,Mexico,819,18,12,2
2024-06-15,yucatán,Mexico,975,42,19,5
2024-06-15,quintana roo,Mexico,1133,37,19,5
2024-06-15,michoacán,Mexico,796,27,20,2
2024-06-15,morelos,Mexico,668,26,9,2
2024-06-15,tabasco,Mexico,706,37,20,2
2024-06-15,guerrero,Mexico,450,21,8,0
2024-06-15,chiapas,Mexico,391,24,12,2
2024-06-15,san luis potosí,Mexico,406,14,8,3
2024-06-15,hidalgo,Mexico,453,21,10,2
2024-06-15,oaxaca,Mexico,154,6,3,1
2024-06-15,aguascalientes,Mexico,305,19,10,1
2024-06-15,zacatecas,Mexico,266,13,2,1
2024-06-15,baja california sur,Mexico,258,14,6,1
2024-06-15,durango,Mexico,227,4,1,0
2024-06-15,campeche,Mexico,239,14,1,0
2024-06-15,nayarit,Mexico,134,11,0,0
2024-06-15,colima,Mexico,196,9,5,1
2024-06-15,tlaxcala,Mexico,190,7,5,2
2024-06-16,mexico city,Mexico,11223,551,293,59
2024-06-16,méxico,Mexico,5229,196,87,12
2024-06-16,nuevo león,Mexico,4284,150,66,13
2024-06-16,jalisco,Mexico,4165,167,87,15
2024-06-16,veracruz,Mexico,1603,72,40,10
2024-06-16,guanajuato,Mexico,1491,47,32,5
2024-06-16,sinaloa,Mexico,983,36,16,7
2024-06-16,puebla,Mexico,1442,57,40,7
2024-06-16,querétaro,Mexico,1118,48,18,2
2024-06-16,baja california,Mexico,1176,39,19,5
2024-06-16,chihuahua,Mexico,1160,43,13,0
2024-06-16,sonora,Mexico,913,43,8,2
2024-06-16,coahuila,Mexico,1076,136,71,3
2024-06-16,tamaulipas,Mexico,883,31,12,0
2024-06-16,yucatán,Mexico,1060,46,20,7
2024-06-16,quintana roo,Mexico,1240,35,16,2
2024-06-16,michoacán,Mexico,981,36,16,1
2024-06-16,morelos,Mexico,779,34,12,3
2024-06-16,tabasco,Mexico,728,30,16,0
2024-06-16,guerrero,Mexico,468,17,6,1
2024-06-16,chiapas,Mexico,387,13,8,1
2024-06-16,san luis potosí,Mexico,435,12,5,0
2024-06-16,hidalgo,Mexico,439,25,8,0
2024-06-16,oaxaca,Mexico,192,14,3,1
2024-06-16,aguascalientes,Mexico,300,13,10,3
2024-06-16,zacatecas,Mexico,246,5,3,0
2024-06-16,baja california sur,Mexico,230,9,6,2
2024-06-16,durango,Mexico,232,9,5,0
2024-06-16,campeche,Mexico,265,7,0,0
2024-06-16,nayarit,Mexico,143,5,8,1
2024-06-16,colima,Mexico,204,7,3,1
2024-06-16,tlaxcala,Mexico,236,7,7,1
2024-06-17,mexico city,Mexico,12605,616,293,54
2024-06-17,méxico,Mexico,5609,230,125,29
2024-06-17,nuevo león,Mexico,4636,188,64,14
2024-06-17,jalisco,Mexico,4534,204,89,19
2024-06-17,veracruz,Mexico,1632,64,33,6
2024-06-17,guanajuato,Mexico,1616,58,23,5
2024-06-17,sinaloa,Mexico,1195,43,16,4
2024-06-17,puebla,Mexico,1597,65,34,5
2024-06-17,querétaro,Mexico,1284,55,14,3
2024-06-17,baja california,Mexico,1415,49,17,1
2024-06-17,chihuahua,Mexico,1355,45,23,4
2024-06-17,sonora,Mexico,1073,34,10,4
2024-06-17,coahuila,Mexico,1321,147,95,7
2024-06-17,tamaulipas,Mexico,976,44,14,1
2024-06-17,yucatán,Mexico,1162,46,16,5
2024-06-17,quintana roo,Mexico,1281,49,18,1
2024-06-17,michoacán,Mexico,1007,45,13,3
2024-06-17,morelos,Mexico,797,46,13,6
2024-06-17,tabasco,Mexico,902,40,15,7
2024-06-17,guerrero,Mexico,493,19,6,1
2024-06-17,chiapas,Mexico,478,19,5,2
2024-06-17,san luis potosí,Mexico,544,23,9,4
2024-06-17,hidalgo,Mexico,579,26,14,6
2024-06-17,oaxaca,Mexico,275,11,7,1
2024-06-17,aguascalientes,Mexico,390,19,5,1
2024-06-17,zacatecas,Mexico,276,13,6,0
2024-06-17,baja california sur,Mexico,307,11,3,0
2024-06-17,durango,Mexico,291,8,3,1
2024-06-17,campeche,Mexico,303,8,4,0
2024-06-17,nayarit,Mexico,172,6,1,0
2024-06-17,colima,Mexico,233,10,4,1
2024-06-17,tlaxcala,Mexico,222,14,6,0
2024-06-18,mexico city,Mexico,12564,579,334,54
2024-06-18,méxico,Mexico,5521,265,123,27
2024-06-18,nuevo león,Mexico,4089,174,59,14
2024-06-18,jalisco,Mexico,4670,219,91,20
2024-06-18,veracruz,Mexico,1514,63,16,4
2024-06-18,guanajuato,Mexico,1499,79,42,11
2024-06-18,sinaloa,Mexico,1185,45,15,4
2024-06-18,puebla,Mexico,1562,67,35,6
2024-06-18,querétaro,Mexico,1233,55,24,4
2024-06-18,baja california,Mexico,1316,47,16,1
2024-06-18,chihuahua,Mexico,1251,66,29,4
2024-06-18,sonora,Mexico,1078,43,20,4
2024-06-18,coahuila,Mexico,1220,145,111,2
2024-06-18,tamaulipas,Mexico,917,26,4,0
2024-06-18,yucatán,Mexico,1139,47,19,5
2024-06-18,quintana roo,Mexico,1272,40,20,3
2024-06-18,michoacán,Mexico,979,42,21,3
2024-06-18,morelos,Mexico,783,34,11,1
2024-06-18,tabasco,Mexico,871,33,9,2
2024-06-18,guerrero,Mexico,441,6,4,0
2024-06-18,chiapas,Mexico,419,25,11,2
2024-06-18,san luis potosí,Mexico,512,30,13,5
2024-06-18,hidalgo,Mexico,521,25,15,2
2024-06-18,oaxaca,Mexico,232,12,5,2
2024-06-18,aguascalientes,Mexico,361,20,3,1
2024-06-18,zacatecas,Mexico,275,20,5,1
2024-06-18,baja california sur,Mexico,286,12,2,0
2024-06-18,durango,Mexico,213,9,4,1
2024-06-18,campeche,Mexico,309,14,1,0
2024-06-18,nayarit,Mexico,186,10,3,0
2024-06-18,colima,Mexico,220,11,3,1
2024-06-18,tlaxcala,Mexico,202,8,7,1
2024-06-19,mexico city,Mexico,12300,605,365,66
2024-06-19,méxico,Mexico,5343,203,125,26
2024-06-19,nuevo león,Mexico,4165,191,72,12
2024-06-19,jalisco,Mexico,4279,171,97,19
2024-06-19,veracruz,Mexico,1538,69,44,13
2024-06-19,guanajuato,Mexico,1451,54,31,6
2024-06-19,sinaloa,Mexico,1227,54,18,4
2024-06-19,puebla,Mexico,1474,69,36,6
2024-06-19,querétaro,Mexico,1175,50,13,2
2024-06-19,baja california,Mexico,1232,38,14,4
2024-06-19,chihuahua,Mexico,1249,47,18,4
2024-06-19,sonora,Mexico,1039,42,16,2
2024-06-19,coahuila,Mexico,1086,140,108,3
2024-06-19,tamaulipas,Mexico,851,30,8,2
2024-06-19,yucatán,Mexico,1010,49,21,4
2024-06-19,quintana roo,Mexico,1178,49,19,1
2024-06-19,michoacán,Mexico,906,37,18,4
2024-06-19,morelos,Mexico,741,35,16,5
2024-06-19,tabasco,Mexico,808,39,13,3
2024-06-19,guerrero,Mexico,423,12,6,2
2024-06-19,chiapas,Mexico,385,17,11,5
2024-06-19,san luis potosí,Mexico,470,18,11,5
2024-06-19,hidalgo,Mexico,528,20,8,2
2024-06-19,oaxaca,Mexico,201,9,4,1
2024-06-19,aguascalientes,Mexico,372,16,8,1
2024-06-19,zacatecas,Mexico,244,10,5,1
2024-06-19,baja california sur,Mexico,277,16,7,1
2024-06-19,durango,Mexico,241,11,3,0
2024-06-19,campeche,Mexico,256,11,2,1
2024-06-19,nayarit,Mexico,150,4,3,1
2024-06-19,colima,Mexico,191,14,5,2
2024-06-19,tlaxcala,Mexico,209,10,6,1
2024-06-20,mexico city,Mexico,11266,579,316,51
2024-06-20,méxico,Mexico,4953,228,108,24
2024-06-20,nuevo león,Mexico,4060,181,73,24
2024-06-20,jalisco,Mexico,4110,193,77,18
2024-06-20,veracruz,Mexico,1573,58,20,1
2024-06-20,guanajuato,Mexico,1445,62,36,7
2024-06-20,sinaloa,Mexico,1194,35,23,7
2024-06-20,puebla,Mexico,1412,55,28,2
2024-06-20,querétaro,Mexico,1083,55,14,4
2024-06-20,baja california,Mexico,1276,59,13,1
2024-06-20,chihuahua,Mexico,1162,47,25,8
2024-06-20,sonora,Mexico,1019,47,17,2
2024-06-20,coahuila,Mexico,1143,135,110,0
2024-06-20,tamaulipas,Mexico,897,31,15,4
2024-06-20,yucatán,Mexico,1059,65,20,7
2024-06-20,quintana roo,Mexico,1163,45,26,8
2024-06-20,michoacán,Mexico,966,51,27,6
2024-06-20,morelos,Mexico,735,31,13,2
2024-06-20,tabasco,Mexico,902,38,20,2
2024-06-20,guerrero,Mexico,470,20,6,1
2024-06-20,chiapas,Mexico,395,21,11,1
2024-06-20,san luis potosí,Mexico,463,22,8,1
2024-06-20,hidalgo,Mexico,443,19,7,0
2024-06-20,oaxaca,Mexico,233,12,8,1
2024-06-20,aguascalientes,Mexico,322,18,7,0
2024-06-20,zacatecas,Mexico,279,12,8,2
2024-06-20,baja california sur,Mexico,269,10,3,0
2024-06-20,durango,Mexico,226,8,2,0
2024-06-20,campeche,Mexico,270,9,5,0
2024-06-20,nayarit,Mexico,163,6,1,0
2024-06-20,colima,Mexico,219,15,4,1
2024-06-20,tlaxcala,Mexico,196,11,5,2
2024-06-21,mexico city,Mexico,10877,549,280,42
2024-06-21,méxico,Mexico,4997,182,91,19
2024-06-21,nuevo león,Mexico,4174,162,69,20
2024-06-21,jalisco,Mexico,3961,188,68,15
2024-06-21,veracruz,Mexico,1447,48,24,5
2024-06-21,guanajuato,Mexico,1371,59,25,5
2024-06-21,sinaloa,Mexico,1082,47,20,7
2024-06-21,puebla,Mexico,1399,55,31,9
2024-06-21,querétaro,Mexico,1002,39,15,4
2024-06-21,baja california,Mexico,1192,33,18,4
2024-06-21,chihuahua,Mexico,1045,54,15,5
2024-06-21,sonora,Mexico,966,37,16,5
2024-06-21,coahuila,Mexico,1100,145,115,4
2024-06-21,tamaulipas,Mexico,974,37,12,1
2024-06-21,yucatán,Mexico,1071,41,13,1
2024-06-21,quintana roo,Mexico,1179,46,14,3
2024-06-21,michoacán,Mexico,821,29,9,2
2024-06-21,morelos,Mexico,738,38,14,7
2024-06-21,tabasco,Mexico,850,33,11,5
2024-06-21,guerrero,Mexico,442,27,7,1
2024-06-21,chiapas,Mexico,412,20,11,5
2024-06-21,san luis potosí,Mexico,471,22,4,2
2024-06-21,hidalgo,Mexico,517,19,14,1
2024-06-21,oaxaca,Mexico,223,8,7,0
2024-06-21,aguascalientes,Mexico,335,16,10,2
2024-06-21,zacatecas,Mexico,246,12,10,1
2024-06-21,baja california sur,Mexico,248,10,4,0
2024-06-21,durango,Mexico,214,4,4,2
2024-06-21,campeche,Mexico,293,13,6,2
2024-06-21,nayarit,Mexico,171,7,3,1
2024-06-21,colima,Mexico,187,10,3,0
2024-06-21,tlaxcala,Mexico,167,8,4,1
2024-06-22,mexico city,Mexico,9573,456,270,47
2024-06-22,méxico,Mexico,4493,197,98,26
2024-06-22,nuevo león,Mexico,3889,148,55,11
2024-06-22,jalisco,Mexico,3627,141,58,13
2024-06-22,veracruz,Mexico,1332,48,31,7
2024-06-22,guanajuato,Mexico,1278,59,20,5
2024-06-22,sinaloa,Mexico,1029,43,10,3
2024-06-22,puebla,Mexico,1260,44,18,9
2024-06-22,querétaro,Mexico,973,42,25,11
2024-06-22,baja california,Mexico,1161,23,4,2
2024-06-22,chihuahua,Mexico,1024,54,23,6
2024-06-22,sonora,Mexico,945,46,14,1
2024-06-22,coahuila,Mexico,972,112,93,1
2024-06-22,tamaulipas,Mexico,863,33,16,5
2024-06-22,yucatán,Mexico,887,47,28,7
2024-06-22,quintana roo,Mexico,1169,52,21,9
2024-06-22,michoacán,Mexico,784,29,6,1
2024-06-22,morelos,Mexico,686,25,11,3
2024-06-22,tabasco,Mexico,763,40,18,6
2024-06-22,guerrero,Mexico,397,19,10,2
2024-06-22,chiapas,Mexico,377,11,9,3
2024-06-22,san luis potosí,Mexico,395,21,4,1
2024-06-22,hidalgo,Mexico,368,16,6,1
2024-06-22,oaxaca,Mexico,197,2,1,1
2024-06-22,aguascalientes,Mexico,271,13,5,1
2024-06-22,zacatecas,Mexico,224,10,6,0
2024-06-22,baja california sur,Mexico,240,12,5,0
2024-06-22,durango,Mexico,217,8,8,2
2024-06-22,campeche,Mexico,225,12,3,1
2024-06-22,nayarit,Mexico,142,14,2,0
2024-06-22,colima,Mexico,186,13,7,2
2024-06-22,tlaxcala,Mexico,206,17,5,1
2024-06-23,mexico city,Mexico,10043,499,306,56
2024-06-23,méxico,Mexico,4664,191,95,23
2024-06-23,nuevo león,Mexico,4131,171,95,20
2024-06-23,jalisco,Mexico,3552,150,62,17
2024-06-23,veracruz,Mexico,1443,54,41,10
2024-06-23,guanajuato,Mexico,1400,47,28,2
2024-06-23,sinaloa,Mexico,994,45,32,6
2024-06-23,puebla,Mexico,1305,55,22,3
2024-06-23,querétaro,Mexico,1050,39,23,9
2024-06-23,baja california,Mexico,1143,37,13,1
2024-06-23,chihuahua,Mexico,1191,57,23,4
2024-06-23,sonora,Mexico,920,38,16,6
2024-06-23,coahuila,Mexico,1160,147,115,6
2024-06-23,tamaulipas,Mexico,858,34,8,4
2024-06-23,yucatán,Mexico,942,44,30,2
2024-06-23,quintana roo,Mexico,1211,43,18,1
2024-06-23,michoacán,Mexico,840,41,16,4
2024-06-23,morelos,Mexico,683,25,8,3
2024-06-23,tabasco,Mexico,799,34,8,2
2024-06-23,guerrero,Mexico,410,14,6,3
2024-06-23,chiapas,Mexico,374,16,6,2
2024-06-23,san luis potosí,Mexico,417,19,8,3
2024-06-23,hidalgo,Mexico,445,27,8,2
2024-06-23,oaxaca,Mexico,202,10,3,1
2024-06-23,aguascalientes,Mexico,263,10,6,0
2024-06-23,zacatecas,Mexico,238,11,4,2
2024-06-23,baja california sur,Mexico,259,14,2,1
2024-06-23,durango,Mexico,239,7,2,1
2024-06-23,campeche,Mexico,286,15,10,4
2024-06-23,nayarit,Mexico,159,14,5,1
2024-06-23,colima,Mexico,179,13,6,0
2024-06-23,tlaxcala,Mexico,200,11,6,2
2024-06-24,mexico city,Mexico,10328,528,282,52
2024-06-24,méxico,Mexico,4672,226,120,20
2024-06-24,nuevo león,Mexico,3765,164,77,19
2024-06-24,jalisco,Mexico,3911,175,82,20
2024-06-24,veracruz,Mexico,1409,61,35,8
2024-06-24,guanajuato,Mexico,1301,55,25,3
2024-06-24,sinaloa,Mexico,1055,46,17,10
2024-06-24,puebla,Mexico,1256,45,19,6
2024-06-24,querétaro,Mexico,1062,54,22,7
2024-06-24,baja california,Mexico,1341,44,13,3
2024-06-24,chihuahua,Mexico,1292,44,17,1
2024-06-24,sonora,Mexico,985,36,19,5
2024-06-24,coahuila,Mexico,1152,140,119,6
2024-06-24,tamaulipas,Mexico,866,39,11,3
2024-06-24,yucatán,Mexico,962,50,16,2
2024-06-24,quintana roo,Mexico,1003,44,15,7
2024-06-24,michoacán,Mexico,848,35,14,4
2024-06-24,morelos,Mexico,659,37,15,3
2024-06-24,tabasco,Mexico,828,35,9,1
2024-06-24,guerrero,Mexico,388,10,4,4
2024-06-24,chiapas,Mexico,440,18,9,4
2024-06-24,san luis potosí,Mexico,416,20,5,3
2024-06-24,hidalgo,Mexico,451,13,10,2
2024-06-24,oaxaca,Mexico,210,5,0,0
2024-06-24,aguascalientes,Mexico,336,11,7,3
2024-06-24,zacatecas,Mexico,250,15,6,1
2024-06-24,baja california sur,Mexico,291,8,2,0
2024-06-24,durango,Mexico,219,10,6,1
2024-06-24,campeche,Mexico,236,9,3,1
2024-06-24,nayarit,Mexico,163,7,8,2
2024-06-24,colima,Mexico,199,10,4,0
2024-06-24,tlaxcala,Mexico,180,9,4,0
2024-06-25,mexico city,Mexico,10715,549,325,49
2024-06-25,méxico,Mexico,4920,225,131,25
2024-06-25,nuevo león,Mexico,3655,143,59,13
2024-06-25,jalisco,Mexico,3800,158,66,12
2024-06-25,veracruz,Mexico,1476,75,37,5
2024-06-25,guanajuato,Mexico,1338,71,38,12
2024-06-25,sinaloa,Mexico,1155,48,14,2
2024-06-25,puebla,Mexico,1422,73,27,6
2024-06-25,querétaro,Mexico,1069,50,18,5
2024-06-25,baja california,Mexico,1324,50,24,4
2024-06-25,chihuahua,Mexico,1261,51,19,3
2024-06-25,sonora,Mexico,1049,54,23,5
2024-06-25,coahuila,Mexico,1118,133,108,3
2024-06-25,tamaulipas,Mexico,831,43,14,2
2024-06-25,yucatán,Mexico,954,36,22,7
2024-06-25,quintana roo,Mexico,1103,56,23,3
2024-06-25,michoacán,Mexico,904,45,27,6
2024-06-25,morelos,Mexico,699,30,8,2
2024-06-25,tabasco,Mexico,834,41,11,2
2024-06-25,guerrero,Mexico,408,14,14,4
2024-06-25,chiapas,Mexico,408,22,7,2
2024-06-25,san luis potosí,Mexico,428,30,18,2
2024-06-25,hidalgo,Mexico,421,21,15,3
2024-06-25,oaxaca,Mexico,178,5,2,0
2024-06-25,aguascalientes,Mexico,360,16,6,1
2024-06-25,zacatecas,Mexico,237,15,3,0
2024-06-25,baja california sur,Mexico,259,12,3,1
2024-06-25,durango,Mexico,229,9,3,1
2024-06-25,campeche,Mexico,252,14,9,1
2024-06-25,nayarit,Mexico,189,9,4,1
2024-06-25,colima,Mexico,233,7,4,3
2024-06-25,tlaxcala,Mexico,184,8,5,1
2024-06-26,mexico city,Mexico,10311,533,302,48
2024-06-26,méxico,Mexico,4664,221,118,35
2024-06-26,nuevo león,Mexico,3359,153,48,8
2024-06-26,jalisco,Mexico,3733,181,78,17
2024-06-26,veracruz,Mexico,1364,66,27,2
2024-06-26,guanajuato,Mexico,1283,53,26,3
2024-06-26,sinaloa,Mexico,1116,47,22,5
2024-06-26,puebla,Mexico,1278,48,15,3
2024-06-26,querétaro,Mexico,1057,48,21,3
2024-06-26,baja california,Mexico,1237,54,27,5
2024-06-26,chihuahua,Mexico,1108,46,16,4
2024-06-26,sonora,Mexico,1022,43,17,2
2024-06-26,coahuila,Mexico,1028,134,108,1
2024-06-26,tamaulipas,Mexico,818,35,15,3
2024-06-26,yucatán,Mexico,883,42,30,3
2024-06-26,quintana roo,Mexico,1036,55,16,3
2024-06-26,michoacán,Mexico,835,28,13,3
2024-06-26,morelos,Mexico,662,32,8,0
2024-06-26,tabasco,Mexico,781,39,23,4
2024-06-26,guerrero,Mexico,384,22,7,2
2024-06-26,chiapas,Mexico,366,9,7,1
2024-06-26,san luis potosí,Mexico,400,26,8,0
2024-06-26,hidalgo,Mexico,426,17,9,2
2024-06-26,oaxaca,Mexico,168,13,9,2
2024-06-26,aguascalientes,Mexico,326,17,11,1
2024-06-26,zacatecas,Mexico,241,15,5,0
2024-06-26,baja california sur,Mexico,292,14,10,3
2024-06-26,durango,Mexico,199,7,6,0
2024-06-26,campeche,Mexico,240,9,3,0
2024-06-26,nayarit,Mexico,178,13,9,3
2024-06-26,colima,Mexico,189,9,2,1
2024-06-26,tlaxcala,Mexico,170,10,7,0
2024-06-27,mexico city,Mexico,11007,563,346,63
2024-06-27,méxico,Mexico,5098,217,105,17
2024-06-27,nuevo león,Mexico,3803,152,57,10
2024-06-27,jalisco,Mexico,3987,170,70,13
2024-06-27,veracruz,Mexico,1616,58,33,6
2024-06-27,guanajuato,Mexico,1439,70,23,5
2024-06-27,sinaloa,Mexico,1208,52,23,6
2024-06-27,puebla,Mexico,1504,59,20,4
2024-06-27,querétaro,Mexico,1177,45,33,12
2024-06-27,baja california,Mexico,1308,45,20,4
2024-06-27,chihuahua,Mexico,1250,52,25,9
2024-06-27,sonora,Mexico,1188,50,28,7
2024-06-27,coahuila,Mexico,1248,141,115,6
2024-06-27,tamaulipas,Mexico,955,34,17,4
2024-06-27,yucatán,Mexico,1004,40,23,5
2024-06-27,quintana roo,Mexico,1237,44,21,4
2024-06-27,michoacán,Mexico,1003,38,19,1
2024-06-27,morelos,Mexico,702,22,4,0
2024-06-27,tabasco,Mexico,865,36,16,2
2024-06-27,guerrero,Mexico,463,12,4,2
2024-06-27,chiapas,Mexico,444,17,3,0
2024-06-27,san luis potosí,Mexico,443,19,7,2
2024-06-27,hidalgo,Mexico,481,22,16,3
2024-06-27,oaxaca,Mexico,239,7,6,2
2024-06-27,aguascalientes,Mexico,352,26,14,1
2024-06-27,zacatecas,Mexico,293,12,6,2
2024-06-27,baja california sur,Mexico,306,17,12,0
2024-06-27,durango,Mexico,240,10,3,1
2024-06-27,campeche,Mexico,323,9,4,1
2024-06-27,nayarit,Mexico,181,7,1,0
2024-06-27,colima,Mexico,198,10,1,1
2024-06-27,tlaxcala,Mexico,217,9,5,0
2024-06-28,mexico city,Mexico,14072,664,357,44
2024-06-28,méxico,Mexico,6615,239,100,23
2024-06-28,nuevo león,Mexico,4774,198,69,17
2024-06-28,jalisco,Mexico,5327,227,110,18
2024-06-28,veracruz,Mexico,1952,75,34,6
2024-06-28,guanajuato,Mexico,1962,65,22,4
2024-06-28,sinaloa,Mexico,1620,57,28,6
2024-06-28,puebla,Mexico,1785,78,27,4
2024-06-28,querétaro,Mexico,1430,69,18,6
2024-06-28,baja california,Mexico,1597,70,29,4
2024-06-28,chihuahua,Mexico,1515,64,27,4
2024-06-28,sonora,Mexico,1484,49,21,5
2024-06-28,coahuila,Mexico,1443,146,107,5
2024-06-28,tamaulipas,Mexico,1138,30,10,1
2024-06-28,yucatán,Mexico,1249,46,24,4
2024-06-28,quintana roo,Mexico,1433,42,17,3
2024-06-28,michoacán,Mexico,1266,67,26,3
2024-06-28,morelos,Mexico,960,30,12,0
2024-06-28,tabasco,Mexico,1015,41,21,2
2024-06-28,guerrero,Mexico,576,9,3,0
2024-06-28,chiapas,Mexico,516,24,9,0
2024-06-28,san luis potosí,Mexico,592,21,4,2
2024-06-28,hidalgo,Mexico,645,25,14,3
2024-06-28,oaxaca,Mexico,279,11,2,1
2024-06-28,aguascalientes,Mexico,415,11,3,1
2024-06-28,zacatecas,Mexico,408,12,8,0
2024-06-28,baja california sur,Mexico,388,16,6,1
2024-06-28,durango,Mexico,301,11,3,1
2024-06-28,campeche,Mexico,333,13,5,1
2024-06-28,nayarit,Mexico,222,7,4,2
2024-06-28,colima,Mexico,314,13,4,0
2024-06-28,tlaxcala,Mexico,270,15,7,0
2024-06-29,mexico city,Mexico,12302,585,323,50
2024-06-29,méxico,Mexico,5608,210,101,15
2024-06-29,nuevo león,Mexico,4211,156,67,17
2024-06-29,jalisco,Mexico,4673,193,113,23
2024-06-29,veracruz,Mexico,1539,62,23,5
2024-06-29,guanajuato,Mexico,1662,63,18,3
2024-06-29,sinaloa,Mexico,1201,42,16,1
2024-06-29,puebla,Mexico,1630,64,39,7
2024-06-29,querétaro,Mexico,1327,48,33,10
2024-06-29,baja california,Mexico,1442,40,15,1
2024-06-29,chihuahua,Mexico,1331,57,18,5
2024-06-29,sonora,Mexico,1161,37,4,0
2024-06-29,coahuila,Mexico,1226,131,108,2
2024-06-29,tamaulipas,Mexico,1033,35,14,1
2024-06-29,yucatán,Mexico,1151,43,16,3
2024-06-29,quintana roo,Mexico,1451,63,22,8
2024-06-29,michoacán,Mexico,1111,39,14,2
2024-06-29,morelos,Mexico,851,24,16,6
2024-06-29,tabasco,Mexico,937,37,6,1
2024-06-29,guerrero,Mexico,507,22,8,2
2024-06-29,chiapas,Mexico,492,21,9,1
2024-06-29,san luis potosí,Mexico,546,27,4,1
2024-06-29,hidalgo,Mexico,519,23,16,1
2024-06-29,oaxaca,Mexico,230,10,3,0
2024-06-29,aguascalientes,Mexico,405,16,6,3
2024-06-29,zacatecas,Mexico,323,9,2,1
2024-06-29,baja california sur,Mexico,304,11,7,3
2024-06-29,durango,Mexico,268,12,4,1
2024-06-29,campeche,Mexico,295,11,5,1
2024-06-29,nayarit,Mexico,208,11,5,0
2024-06-29,colima,Mexico,262,12,5,0
2024-06-29,tlaxcala,Mexico,241,15,3,0
2024-06-30,mexico city,Mexico,14939,668,331,45
2024-06-30,méxico,Mexico,7374,267,140,30
2024-06-30,nuevo león,Mexico,5384,204,80,23
2024-06-30,jalisco,Mexico,5354,211,95,15
2024-06-30,veracruz,Mexico,2217,71,32,8
2024-06-30,guanajuato,Mexico,2084,70,24,7
2024-06-30,sinaloa,Mexico,1458,49,19,3
2024-06-30,puebla,Mexico,1979,68,32,5
2024-06-30,querétaro,Mexico,1623,69,20,1
2024-06-30,baja california,Mexico,1484,50,18,2
2024-06-30,chihuahua,Mexico,1494,48,23,3
2024-06-30,sonora,Mexico,1405,49,19,3
2024-06-30,coahuila,Mexico,1484,142,95,5
2024-06-30,tamaulipas,Mexico,1247,29,14,1
2024-06-30,yucatán,Mexico,1205,42,18,8
2024-06-30,quintana roo,Mexico,1465,46,24,5
2024-06-30,michoacán,Mexico,1387,62,14,2
2024-06-30,morelos,Mexico,979,41,7,1
2024-06-30,tabasco,Mexico,1105,46,20,4
2024-06-30,guerrero,Mexico,619,20,6,2
2024-06-30,chiapas,Mexico,543,21,4,0
2024-06-30,san luis potosí,Mexico,691,30,10,1
2024-06-30,hidalgo,Mexico,731,25,13,2
2024-06-30,oaxaca,Mexico,291,13,4,2
2024-06-30,aguascalientes,Mexico,453,16,5,1
2024-06-30,zacatecas,Mexico,399,14,10,0
2024-06-30,baja california sur,Mexico,318,7,1,0
2024-06-30,durango,Mexico,332,8,0,0
2024-06-30,campeche,Mexico,379,15,10,2
2024-06-30,nayarit,Mexico,242,11,4,2
2024-06-30,colima,Mexico,311,19,13,3
2024-06-30,tlaxcala,Mexico,324,12,10,0
2024-07-01,mexico city,Mexico,18769,826,452,85
2024-07-01,méxico,Mexico,8728,322,153,28
2024-07-01,nuevo león,Mexico,5925,223,79,20
2024-07-01,jalisco,Mexico,6316,233,90,18
2024-07-01,veracruz,Mexico,2293,68,28,3
2024-07-01,guanajuato,Mexico,2320,83,27,6
2024-07-01,sinaloa,Mexico,1668,65,21,3
2024-07-01,puebla,Mexico,2273,83,36,6
2024-07-01,querétaro,Mexico,1879,71,39,10
2024-07-01,baja california,Mexico,1746,51,19,1
2024-07-01,chihuahua,Mexico,1690,64,18,2
2024-07-01,sonora,Mexico,1644,76,24,6
2024-07-01,coahuila,Mexico,1773,161,121,1
2024-07-01,tamaulipas,Mexico,1301,38,14,4
2024-07-01,yucatán,Mexico,1376,37,23,4
2024-07-01,quintana roo,Mexico,1598,58,24,4
2024-07-01,michoacán,Mexico,1526,59,26,7
2024-07-01,morelos,Mexico,1116,36,6,1
2024-07-01,tabasco,Mexico,1194,45,29,5
2024-07-01,guerrero,Mexico,682,20,12,4
2024-07-01,chiapas,Mexico,653,17,12,1
2024-07-01,san luis potosí,Mexico,741,24,4,3
2024-07-01,hidalgo,Mexico,817,30,11,1
2024-07-01,oaxaca,Mexico,309,8,5,0
2024-07-01,aguascalientes,Mexico,434,18,5,2
2024-07-01,zacatecas,Mexico,426,18,5,0
2024-07-01,baja california sur,Mexico,397,14,6,1
2024-07-01,durango,Mexico,362,12,3,2
2024-07-01,campeche,Mexico,394,24,6,0
2024-07-01,nayarit,Mexico,276,18,11,1
2024-07-01,colima,Mexico,349,22,8,3
2024-07-01,tlaxcala,Mexico,307,20,7,1
2024-07-02,mexico city,Mexico,21622,1019,542,102
2024-07-02,méxico,Mexico,9707,322,147,24
2024-07-02,nuevo león,Mexico,6580,269,101,26
2024-07-02,jalisco,Mexico,7198,264,111,22
2024-07-02,veracruz,Mexico,2436,83,33,8
2024-07-02,guanajuato,Mexico,2546,78,26,5
2024-07-02,sinaloa,Mexico,1722,61,29,7
2024-07-02,puebla,Mexico,2666,93,35,8
2024-07-02,querétaro,Mexico,2119,89,32,6
2024-07-02,baja california,Mexico,1852,65,22,3
2024-07-02,chihuahua,Mexico,1871,68,24,7
2024-07-02,sonora,Mexico,1736,65,18,1
2024-07-02,coahuila,Mexico,1909,246,208,33
2024-07-02,tamaulipas,Mexico,1392,45,16,3
2024-07-02,yucatán,Mexico,1547,52,36,6
2024-07-02,quintana roo,Mexico,1554,40,20,4
2024-07-02,michoacán,Mexico,1626,64,31,3
2024-07-02,morelos,Mexico,1224,36,10,2
2024-07-02,tabasco,Mexico,1322,46,13,2
2024-07-02,guerrero,Mexico,736,21,9,1
2024-07-02,chiapas,Mexico,649,27,10,0
2024-07-02,san luis potosí,Mexico,810,26,10,2
2024-07-02,hidalgo,Mexico,844,34,11,3
2024-07-02,oaxaca,Mexico,367,11,4,0
2024-07-02,aguascalientes,Mexico,587,20,9,0
2024-07-02,zacatecas,Mexico,557,27,9,4
2024-07-02,baja california sur,Mexico,422,18,8,2
2024-07-02,durango,Mexico,415,13,7,2
2024-07-02,campeche,Mexico,402,14,3,1
2024-07-02,nayarit,Mexico,288,14,4,1
2024-07-02,colima,Mexico,395,15,5,3
2024-07-02,tlaxcala,Mexico,354,14,7,3
2024-07-03,mexico city,Mexico,22804,1085,603,103
2024-07-03,méxico,Mexico,10047,352,161,34
2024-07-03,nuevo león,Mexico,7099,275,109,17
2024-07-03,jalisco,Mexico,7347,299,113,19
2024-07-03,veracruz,Mexico,2493,88,41,10
2024-07-03,guanajuato,Mexico,2812,103,34,5
2024-07-03,sinaloa,Mexico,1852,63,27,7
2024-07-03,puebla,Mexico,2776,111,44,9
2024-07-03,querétaro,Mexico,2192,81,25,3
2024-07-03,baja california,Mexico,1909,61,26,3
2024-07-03,chihuahua,Mexico,1888,75,31,7
2024-07-03,sonora,Mexico,1831,53,19,4
2024-07-03,coahuila,Mexico,2055,310,265,48
2024-07-03,tamaulipas,Mexico,1488,47,13,3
2024-07-03,yucatán,Mexico,1566,55,19,4
2024-07-03,quintana roo,Mexico,1467,46,20,5
2024-07-03,michoacán,Mexico,1584,62,23,6
2024-07-03,morelos,Mexico,1231,38,16,6
2024-07-03,tabasco,Mexico,1351,62,27,3
2024-07-03,guerrero,Mexico,764,22,5,0
2024-07-03,chiapas,Mexico,647,40,8,1
2024-07-03,san luis potosí,Mexico,906,30,14,3
2024-07-03,hidalgo,Mexico,912,36,12,4
2024-07-03,oaxaca,Mexico,381,15,7,0
2024-07-03,aguascalientes,Mexico,591,24,9,1
2024-07-03,zacatecas,Mexico,550,19,3,0
2024-07-03,baja california sur,Mexico,424,14,5,0
2024-07-03,durango,Mexico,415,10,5,0
2024-07-03,campeche,Mexico,482,19,12,1
2024-07-03,nayarit,Mexico,281,9,0,0
2024-07-03,colima,Mexico,357,18,6,1
2024-07-03,tlaxcala,Mexico,363,13,6,2
2024-07-04,mexico city,Mexico,17590,857,526,54
2024-07-04,méxico,Mexico,7756,298,133,32
2024-07-04,nuevo león,Mexico,5356,211,81,21
2024-07-04,jalisco,Mexico,5649,213,73,12
2024-07-04,veracruz,Mexico,1966,69,24,6
2024-07-04,guanajuato,Mexico,2138,54,28,8
2024-07-04,sinaloa,Mexico,1434,56,26,11
2024-07-04,puebla,Mexico,2161,64,28,5
2024-07-04,querétaro,Mexico,1586,58,23,9
2024-07-04,baja california,Mexico,1681,50,24,3
2024-07-04,chihuahua,Mexico,1443,44,21,0
2024-07-04,sonora,Mexico,1268,38,6,1
2024-07-04,coahuila,Mexico,1629,281,251,3
2024-07-04,tamaulipas,Mexico,1142,48,16,1
2024-07-04,yucatán,Mexico,1007,26,14,4
2024-07-04,quintana roo,Mexico,1113,26,8,1
2024-07-04,michoacán,Mexico,1308,50,33,5
2024-07-04,morelos,Mexico,974,41,12,1
2024-07-04,tabasco,Mexico,1059,36,22,4
2024-07-04,guerrero,Mexico,574,21,8,3
2024-07-04,chiapas,Mexico,496,18,16,5
2024-07-04,san luis potosí,Mexico,642,20,12,1
2024-07-04,hidalgo,Mexico,656,23,6,2
2024-07-04,oaxaca,Mexico,309,14,2,1
2024-07-04,aguascalientes,Mexico,452,13,7,0
2024-07-04,zacatecas,Mexico,372,8,4,0
2024-07-04,baja california sur,Mexico,337,20,6,1
2024-07-04,durango,Mexico,323,6,8,1
2024-07-04,campeche,Mexico,318,8,1,1
2024-07-04,nayarit,Mexico,235,7,4,0
2024-07-04,colima,Mexico,272,9,5,3
2024-07-04,tlaxcala,Mexico,308,18,6,1
2024-07-05,mexico city,Mexico,14276,681,411,61
2024-07-05,méxico,Mexico,6388,262,124,30
2024-07-05,nuevo león,Mexico,4529,179,91,24
2024-07-05,jalisco,Mexico,4537,212,100,18
2024-07-05,veracruz,Mexico,1649,60,31,8
2024-07-05,guanajuato,Mexico,1725,61,24,6
2024-07-05,sinaloa,Mexico,1204,36,26,6
2024-07-05,puebla,Mexico,1661,53,26,7
2024-07-05,querétaro,Mexico,1296,43,19,5
2024-07-05,baja california,Mexico,1300,45,11,0
2024-07-05,chihuahua,Mexico,1185,40,18,4
2024-07-05,sonora,Mexico,1011,38,15,3
2024-07-05,coahuila,Mexico,1221,187,157,4
2024-07-05,tamaulipas,Mexico,934,23,11,3
2024-07-05,yucatán,Mexico,1203,46,26,3
2024-07-05,quintana roo,Mexico,1139,33,9,2
2024-07-05,michoacán,Mexico,1013,41,23,5
2024-07-05,morelos,Mexico,786,24,13,0
2024-07-05,tabasco,Mexico,951,33,14,4
2024-07-05,guerrero,Mexico,495,16,3,0
2024-07-05,chiapas,Mexico,389,11,7,3
2024-07-05,san luis potosí,Mexico,563,27,11,4
2024-07-05,hidalgo,Mexico,554,17,9,5
2024-07-05,oaxaca,Mexico,236,11,1,0
2024-07-05,aguascalientes,Mexico,344,6,5,0
2024-07-05,zacatecas,Mexico,304,9,2,0
2024-07-05,baja california sur,Mexico,255,10,0,0
2024-07-05,durango,Mexico,257,11,4,0
2024-07-05,campeche,Mexico,348,18,5,1
2024-07-05,nayarit,Mexico,155,4,4,2
2024-07-05,colima,Mexico,229,12,4,2
2024-07-05,tlaxcala,Mexico,223,1,3,1
2024-07-06,mexico city,Mexico,14079,534,271,67
2024-07-06,méxico,Mexico,6407,233,114,18
2024-07-06,nuevo león,Mexico,4532,196,80,18
2024-07-06,jalisco,Mexico,4655,206,99,21
2024-07-06,veracruz,Mexico,1649,56,36,8
2024-07-06,guanajuato,Mexico,1779,52,33,5
2024-07-06,sinaloa,Mexico,1237,45,30,12
2024-07-06,puebla,Mexico,1588,52,35,6
2024-07-06,querétaro,Mexico,1264,51,27,6
2024-07-06,baja california,Mexico,1358,47,25,8
2024-07-06,chihuahua,Mexico,1285,44,28,8
2024-07-06,sonora,Mexico,1091,37,14,2
2024-07-06,coahuila,Mexico,1074,38,17,5
2024-07-06,tamaulipas,Mexico,1023,34,15,1
2024-07-06,yucatán,Mexico,1279,54,26,5
2024-07-06,quintana roo,Mexico,1241,42,25,5
2024-07-06,michoacán,Mexico,970,30,17,4
2024-07-06,morelos,Mexico,868,31,10,1
2024-07-06,tabasco,Mexico,834,29,15,2
2024-07-06,guerrero,Mexico,567,17,16,1
2024-07-06,chiapas,Mexico,456,18,9,4
2024-07-06,san luis potosí,Mexico,501,18,7,1
2024-07-06,hidalgo,Mexico,508,18,5,2
2024-07-06,oaxaca,Mexico,205,4,2,0
2024-07-06,aguascalientes,Mexico,332,15,9,1
2024-07-06,zacatecas,Mexico,334,18,7,0
2024-07-06,baja california sur,Mexico,266,8,5,2
2024-07-06,durango,Mexico,260,7,7,3
2024-07-06,campeche,Mexico,340,18,4,0
2024-07-06,nayarit,Mexico,170,5,3,0
2024-07-06,colima,Mexico,239,7,4,0
2024-07-06,tlaxcala,Mexico,238,10,6,1
2024-07-07,mexico city,Mexico,13584,536,279,80
2024-07-07,méxico,Mexico,6402,250,149,36
2024-07-07,nuevo león,Mexico,4915,198,72,13
2024-07-07,jalisco,Mexico,4684,212,81,17
2024-07-07,veracruz,Mexico,1715,69,33,8
2024-07-07,guanajuato,Mexico,1792,72,32,7
2024-07-07,sinaloa,Mexico,1207,55,29,5
2024-07-07,puebla,Mexico,1665,54,28,5
2024-07-07,querétaro,Mexico,1350,52,29,6
2024-07-07,baja california,Mexico,1456,46,6,0
2024-07-07,chihuahua,Mexico,1344,62,17,2
2024-07-07,sonora,Mexico,1177,39,20,1
2024-07-07,coahuila,Mexico,1189,55,20,6
2024-07-07,tamaulipas,Mexico,1006,37,14,4
2024-07-07,yucatán,Mexico,1228,54,31,9
2024-07-07,quintana roo,Mexico,1281,52,29,3
2024-07-07,michoacán,Mexico,1046,39,24,7
2024-07-07,morelos,Mexico,842,26,15,5
2024-07-07,tabasco,Mexico,884,34,22,3
2024-07-07,guerrero,Mexico,510,9,8,1
2024-07-07,chiapas,Mexico,446,14,9,0
2024-07-07,san luis potosí,Mexico,538,26,20,5
2024-07-07,hidalgo,Mexico,515,20,12,2
2024-07-07,oaxaca,Mexico,231,8,7,0
2024-07-07,aguascalientes,Mexico,330,12,6,0
2024-07-07,zacatecas,Mexico,287,6,7,2
2024-07-07,baja california sur,Mexico,291,7,5,2
2024-07-07,durango,Mexico,324,7,4,1
2024-07-07,campeche,Mexico,350,13,5,0
2024-07-07,nayarit,Mexico,178,10,2,0
2024-07-07,colima,Mexico,223,6,5,3
2024-07-07,tlaxcala,Mexico,269,16,10,2
2024-07-08,mexico city,Mexico,16788,788,385,68
2024-07-08,méxico,Mexico,7724,286,140,32
2024-07-08,nuevo león,Mexico,6098,204,91,28
2024-07-08,jalisco,Mexico,6003,237,103,25
2024-07-08,veracruz,Mexico,1944,85,33,4
2024-07-08,guanajuato,Mexico,2152,68,36,5
2024-07-08,sinaloa,Mexico,1560,60,32,7
2024-07-08,puebla,Mexico,2034,71,33,6
2024-07-08,querétaro,Mexico,1587,54,29,9
2024-07-08,baja california,Mexico,1615,58,19,6
2024-07-08,chihuahua,Mexico,1672,63,18,6
2024-07-08,sonora,Mexico,1464,51,34,5
2024-07-08,coahuila,Mexico,1565,159,106,3
2024-07-08,tamaulipas,Mexico,1310,42,21,3
2024-07-08,yucatán,Mexico,1498,50,23,5
2024-07-08,quintana roo,Mexico,1449,58,25,2
2024-07-08,michoacán,Mexico,1258,42,16,4
2024-07-08,morelos,Mexico,936,40,12,1
2024-07-08,tabasco,Mexico,1176,45,30,5
2024-07-08,guerrero,Mexico,601,28,6,0
2024-07-08,chiapas,Mexico,535,21,17,4
2024-07-08,san luis potosí,Mexico,682,30,13,6
2024-07-08,hidalgo,Mexico,631,16,11,4
2024-07-08,oaxaca,Mexico,273,15,5,0
2024-07-08,aguascalientes,Mexico,447,20,13,2
2024-07-08,zacatecas,Mexico,402,16,7,2
2024-07-08,baja california sur,Mexico,349,11,0,0
2024-07-08,durango,Mexico,303,10,3,0
2024-07-08,campeche,Mexico,401,9,8,3
2024-07-08,nayarit,Mexico,219,6,1,0
2024-07-08,colima,Mexico,318,13,7,2
2024-07-08,tlaxcala,Mexico,260,12,7,2
2024-07-09,mexico city,Mexico,19865,1006,596,82
2024-07-09,méxico,Mexico,8951,354,145,20
2024-07-09,nuevo león,Mexico,6596,276,133,23
2024-07-09,jalisco,Mexico,6476,266,106,28
2024-07-09,veracruz,Mexico,2308,81,28,3
2024-07-09,guanajuato,Mexico,2442,84,41,12
2024-07-09,sinaloa,Mexico,1768,73,29,6
2024-07-09,puebla,Mexico,2393,96,48,7
2024-07-09,querétaro,Mexico,1869,81,39,11
2024-07-09,baja california,Mexico,1721,60,30,5
2024-07-09,chihuahua,Mexico,1858,74,26,7
2024-07-09,sonora,Mexico,1631,67,25,6
2024-07-09,coahuila,Mexico,1887,262,229,3
2024-07-09,tamaulipas,Mexico,1390,43,20,1
2024-07-09,yucatán,Mexico,1542,52,19,6
2024-07-09,quintana roo,Mexico,1513,48,29,8
2024-07-09,michoacán,Mexico,1508,60,33,5
2024-07-09,morelos,Mexico,1136,30,21,7
2024-07-09,tabasco,Mexico,1268,44,22,2
2024-07-09,guerrero,Mexico,649,25,16,2
2024-07-09,chiapas,Mexico,659,20,6,1
2024-07-09,san luis potosí,Mexico,829,31,8,2
2024-07-09,hidalgo,Mexico,765,31,13,3
2024-07-09,oaxaca,Mexico,325,20,11,4
2024-07-09,aguascalientes,Mexico,571,15,16,1
2024-07-09,zacatecas,Mexico,463,18,5,1
2024-07-09,baja california sur,Mexico,405,16,6,1
2024-07-09,durango,Mexico,335,12,6,0
2024-07-09,campeche,Mexico,445,20,5,1
2024-07-09,nayarit,Mexico,262,6,7,2
2024-07-09,colima,Mexico,335,12,10,2
2024-07-09,tlaxcala,Mexico,298,9,7,1
2024-07-10,mexico city,Mexico,22148,1130,662,90
2024-07-10,méxico,Mexico,9353,353,134,31
2024-07-10,nuevo león,Mexico,7163,315,114,19
2024-07-10,jalisco,Mexico,7233,280,145,27
2024-07-10,veracruz,Mexico,2461,90,33,9
2024-07-10,guanajuato,Mexico,2494,110,48,12
2024-07-10,sinaloa,Mexico,1905,69,22,5
2024-07-10,puebla,Mexico,2534,92,31,4
2024-07-10,querétaro,Mexico,2171,86,34,4
2024-07-10,baja california,Mexico,1841,59,28,6
2024-07-10,chihuahua,Mexico,2001,60,19,1
2024-07-10,sonora,Mexico,1719,68,22,2
2024-07-10,coahuila,Mexico,1872,321,283,9
2024-07-10,tamaulipas,Mexico,1434,58,29,3
2024-07-10,yucatán,Mexico,1636,68,37,4
2024-07-10,quintana roo,Mexico,1584,57,22,3
2024-07-10,michoacán,Mexico,1581,68,22,5
2024-07-10,morelos,Mexico,1200,39,12,1
2024-07-10,tabasco,Mexico,1270,49,18,4
2024-07-10,guerrero,Mexico,711,30,12,4
2024-07-10,chiapas,Mexico,652,34,15,4
2024-07-10,san luis potosí,Mexico,836,30,25,4
2024-07-10,hidalgo,Mexico,773,29,18,3
2024-07-10,oaxaca,Mexico,338,8,4,3
2024-07-10,aguascalientes,Mexico,550,23,8,1
2024-07-10,zacatecas,Mexico,437,20,5,3
2024-07-10,baja california sur,Mexico,446,14,4,1
2024-07-10,durango,Mexico,349,11,3,0
2024-07-10,campeche,Mexico,463,23,17,4
2024-07-10,nayarit,Mexico,230,14,1,0
2024-07-10,colima,Mexico,358,19,8,1
2024-07-10,tlaxcala,Mexico,339,12,7,1
2024-07-11,mexico city,Mexico,20978,1055,578,97
2024-07-11,méxico,Mexico,8169,280,129,28
2024-07-11,nuevo león,Mexico,8114,307,121,21
2024-07-11,jalisco,Mexico,6303,230,88,19
2024-07-11,veracruz,Mexico,2599,77,22,1
2024-07-11,guanajuato,Mexico,2938,112,45,8
2024-07-11,sinaloa,Mexico,2245,93,33,4
2024-07-11,puebla,Mexico,2097,79,30,3
2024-07-11,querétaro,Mexico,2176,68,30,6
2024-07-11,baja california,Mexico,2107,69,13,2
2024-07-11,chihuahua,Mexico,2364,103,32,3
2024-07-11,sonora,Mexico,1914,62,19,3
2024-07-11,coahuila,Mexico,2086,324,237,5
2024-07-11,tamaulipas,Mexico,1606,65,18,4
2024-07-11,yucatán,Mexico,1906,66,26,4
2024-07-11,quintana roo,Mexico,1425,41,23,3
2024-07-11,michoacán,Mexico,1997,69,21,5
2024-07-11,morelos,Mexico,1259,42,16,1
2024-07-11,tabasco,Mexico,1391,36,17,0
2024-07-11,guerrero,Mexico,840,33,13,4
2024-07-11,chiapas,Mexico,729,35,11,3
2024-07-11,san luis potosí,Mexico,1082,53,13,3
2024-07-11,hidalgo,Mexico,845,26,13,2
2024-07-11,oaxaca,Mexico,365,11,5,1
2024-07-11,aguascalientes,Mexico,631,15,5,0
2024-07-11,zacatecas,Mexico,529,31,10,2
2024-07-11,baja california sur,Mexico,505,18,7,3
2024-07-11,durango,Mexico,421,23,7,2
2024-07-11,campeche,Mexico,535,23,10,2
2024-07-11,nayarit,Mexico,289,8,4,1
2024-07-11,colima,Mexico,407,20,8,0
2024-07-11,tlaxcala,Mexico,341,12,1,0
2024-07-12,mexico city,Mexico,17353,826,452,67
2024-07-12,méxico,Mexico,5404,204,99,19
2024-07-12,nuevo león,Mexico,7560,242,108,29
2024-07-12,jalisco,Mexico,3867,153,92,20
2024-07-12,veracruz,Mexico,2504,78,24,4
2024-07-12,guanajuato,Mexico,2704,73,23,6
2024-07-12,sinaloa,Mexico,2215,84,40,7
2024-07-12,puebla,Mexico,1285,57,28,5
2024-07-12,querétaro,Mexico,2036,60,26,9
2024-07-12,baja california,Mexico,2047,87,28,6
2024-07-12,chihuahua,Mexico,2263,90,40,6
2024-07-12,sonora,Mexico,1878,51,19,2
2024-07-12,coahuila,Mexico,2104,349,213,3
2024-07-12,tamaulipas,Mexico,1555,51,18,1
2024-07-12,yucatán,Mexico,1685,67,25,6
2024-07-12,quintana roo,Mexico,885,25,16,2
2024-07-12,michoacán,Mexico,1792,62,19,6
2024-07-12,morelos,Mexico,1226,40,16,2
2024-07-12,tabasco,Mexico,1215,46,23,2
2024-07-12,guerrero,Mexico,807,31,4,0
2024-07-12,chiapas,Mexico,707,19,7,2
2024-07-12,san luis potosí,Mexico,966,46,15,6
2024-07-12,hidalgo,Mexico,797,34,10,2
2024-07-12,oaxaca,Mexico,347,10,3,0
2024-07-12,aguascalientes,Mexico,643,23,9,3
2024-07-12,zacatecas,Mexico,540,13,6,1
2024-07-12,baja california sur,Mexico,487,17,9,0
2024-07-12,durango,Mexico,460,20,11,1
2024-07-12,campeche,Mexico,435,18,6,1
2024-07-12,nayarit,Mexico,297,13,4,1
2024-07-12,colima,Mexico,354,12,3,1
2024-07-12,tlaxcala,Mexico,307,19,5,0
2024-07-13,mexico city,Mexico,18624,920,453,67
2024-07-13,méxico,Mexico,5556,210,92,20
2024-07-13,nuevo león,Mexico,8607,273,122,22
2024-07-13,jalisco,Mexico,3863,148,68,17
2024-07-13,veracruz,Mexico,3050,95,39,7
2024-07-13,guanajuato,Mexico,3155,90,33,5
2024-07-13,sinaloa,Mexico,2394,84,35,8
2024-07-13,puebla,Mexico,1410,48,34,10
2024-07-13,querétaro,Mexico,2339,90,24,5
2024-07-13,baja california,Mexico,2148,66,16,2
2024-07-13,chihuahua,Mexico,2514,83,33,11
2024-07-13,sonora,Mexico,2098,70,25,4
2024-07-13,coahuila,Mexico,2343,340,207,3
2024-07-13,tamaulipas,Mexico,1803,69,22,2
2024-07-13,yucatán,Mexico,2145,79,24,2
2024-07-13,quintana roo,Mexico,814,30,11,2
2024-07-13,michoacán,Mexico,2280,80,22,2
2024-07-13,morelos,Mexico,1568,54,28,7
2024-07-13,tabasco,Mexico,1518,54,16,3
2024-07-13,guerrero,Mexico,983,32,17,1
2024-07-13,chiapas,Mexico,788,23,13,2
2024-07-13,san luis potosí,Mexico,1074,32,13,6
2024-07-13,hidalgo,Mexico,926,42,18,6
2024-07-13,oaxaca,Mexico,404,17,6,0
2024-07-13,aguascalientes,Mexico,703,11,12,1
2024-07-13,zacatecas,Mexico,568,23,13,3
2024-07-13,baja california sur,Mexico,500,18,9,2
2024-07-13,durango,Mexico,545,25,3,0
2024-07-13,campeche,Mexico,678,21,15,3
2024-07-13,nayarit,Mexico,318,7,6,3
2024-07-13,colima,Mexico,378,8,4,1
2024-07-13,tlaxcala,Mexico,323,12,5,1
2024-07-14,mexico city,Mexico,15994,876,479,62
2024-07-14,méxico,Mexico,5357,235,104,28
2024-07-14,nuevo león,Mexico,7227,277,124,31
2024-07-14,jalisco,Mexico,3715,137,77,22
2024-07-14,veracruz,Mexico,2652,82,33,5
2024-07-14,guanajuato,Mexico,2768,94,32,8
2024-07-14,sinaloa,Mexico,1985,69,30,7
2024-07-14,puebla,Mexico,1243,37,17,5
2024-07-14,querétaro,Mexico,1976,94,31,7
2024-07-14,baja california,Mexico,1872,48,18,2
2024-07-14,chihuahua,Mexico,2222,67,36,7
2024-07-14,sonora,Mexico,1803,53,16,3
2024-07-14,coahuila,Mexico,2064,337,210,3
2024-07-14,tamaulipas,Mexico,1618,50,24,4
2024-07-14,yucatán,Mexico,1879,66,33,4
2024-07-14,quintana roo,Mexico,777,30,22,6
2024-07-14,michoacán,Mexico,1826,79,37,8
2024-07-14,morelos,Mexico,1316,46,25,7
2024-07-14,tabasco,Mexico,1338,48,17,4
2024-07-14,guerrero,Mexico,821,23,7,0
2024-07-14,chiapas,Mexico,742,33,10,0
2024-07-14,san luis potosí,Mexico,916,30,17,8
2024-07-14,hidalgo,Mexico,788,36,17,2
2024-07-14,oaxaca,Mexico,362,6,7,0
2024-07-14,aguascalientes,Mexico,585,19,3,2
2024-07-14,zacatecas,Mexico,505,20,9,3
2024-07-14,baja california sur,Mexico,482,16,7,2
2024-07-14,durango,Mexico,471,20,6,1
2024-07-14,campeche,Mexico,525,20,7,0
2024-07-14,nayarit,Mexico,291,5,1,0
2024-07-14,colima,Mexico,387,11,6,1
2024-07-14,tlaxcala,Mexico,339,13,2,1
2024-07-15,mexico city,Mexico,18284,973,519,84
2024-07-15,méxico,Mexico,7291,324,149,36
2024-07-15,nuevo león,Mexico,7105,307,106,30
2024-07-15,jalisco,Mexico,5689,284,134,32
2024-07-15,veracruz,Mexico,2488,93,36,9
2024-07-15,guanajuato,Mexico,2671,107,36,10
2024-07-15,sinaloa,Mexico,2127,101,45,7
2024-07-15,puebla,Mexico,1752,87,41,7
2024-07-15,querétaro,Mexico,1955,97,44,6
2024-07-15,baja california,Mexico,1975,82,27,2
2024-07-15,chihuahua,Mexico,2183,91,45,10
2024-07-15,sonora,Mexico,1890,70,28,6
2024-07-15,coahuila,Mexico,2067,334,211,4
2024-07-15,tamaulipas,Mexico,1530,58,19,5
2024-07-15,yucatán,Mexico,1862,59,35,8
2024-07-15,quintana roo,Mexico,1212,46,19,4
2024-07-15,michoacán,Mexico,1772,82,34,8
2024-07-15,morelos,Mexico,1154,36,12,4
2024-07-15,tabasco,Mexico,1281,53,27,5
2024-07-15,guerrero,Mexico,747,27,12,4
2024-07-15,chiapas,Mexico,589,22,11,3
2024-07-15,san luis potosí,Mexico,875,34,17,3
2024-07-15,hidalgo,Mexico,772,24,11,1
2024-07-15,oaxaca,Mexico,355,13,9,2
2024-07-15,aguascalientes,Mexico,563,20,12,0
2024-07-15,zacatecas,Mexico,485,14,4,0
2024-07-15,baja california sur,Mexico,442,20,6,0
2024-07-15,durango,Mexico,461,14,7,0
2024-07-15,campeche,Mexico,486,23,5,1
2024-07-15,nayarit,Mexico,269,11,5,1
2024-07-15,colima,Mexico,347,20,10,2
2024-07-15,tlaxcala,Mexico,261,7,3,1
2024-07-16,mexico city,Mexico,28741,1379,687,137
2024-07-16,méxico,Mexico,13878,586,252,67
2024-07-16,nuevo león,Mexico,9489,401,162,34
2024-07-16,jalisco,Mexico,11098,540,197,48
2024-07-16,veracruz,Mexico,3503,122,47,5
2024-07-16,guanajuato,Mexico,3761,142,55,11
2024-07-16,sinaloa,Mexico,2738,127,49,15
2024-07-16,puebla,Mexico,3868,183,71,19
2024-07-16,querétaro,Mexico,2699,126,47,12
2024-07-16,baja california,Mexico,2805,82,35,4
2024-07-16,chihuahua,Mexico,3112,133,41,10
2024-07-16,sonora,Mexico,2630,109,28,6
2024-07-16,coahuila,Mexico,2901,366,210,5
2024-07-16,tamaulipas,Mexico,2197,95,48,10
2024-07-16,yucatán,Mexico,2475,105,41,8
2024-07-16,quintana roo,Mexico,2666,139,49,11
2024-07-16,michoacán,Mexico,2568,75,30,7
2024-07-16,morelos,Mexico,1606,50,19,4
2024-07-16,tabasco,Mexico,1702,61,18,4
2024-07-16,guerrero,Mexico,1116,44,14,1
2024-07-16,chiapas,Mexico,889,33,22,3
2024-07-16,san luis potosí,Mexico,1307,43,29,6
2024-07-16,hidalgo,Mexico,1136,51,23,6
2024-07-16,oaxaca,Mexico,575,15,4,1
2024-07-16,aguascalientes,Mexico,874,34,16,7
2024-07-16,zacatecas,Mexico,638,24,9,2
2024-07-16,baja california sur,Mexico,565,27,10,0
2024-07-16,durango,Mexico,693,25,7,2
2024-07-16,campeche,Mexico,620,24,8,2
2024-07-16,nayarit,Mexico,365,17,13,2
2024-07-16,colima,Mexico,533,25,9,1
2024-07-16,tlaxcala,Mexico,443,21,15,2
2024-07-17,mexico city,Mexico,25126,1404,734,135
2024-07-17,méxico,Mexico,11654,574,249,55
2024-07-17,nuevo león,Mexico,7632,427,159,43
2024-07-17,jalisco,Mexico,9238,498,183,44
2024-07-17,veracruz,Mexico,2802,143,71,13
2024-07-17,guanajuato,Mexico,2879,153,46,14
2024-07-17,sinaloa,Mexico,2127,138,49,16
2024-07-17,puebla,Mexico,2750,134,58,12
2024-07-17,querétaro,Mexico,2380,125,63,13
2024-07-17,baja california,Mexico,1775,100,45,10
2024-07-17,chihuahua,Mexico,2294,107,50,11
2024-07-17,sonora,Mexico,1885,95,35,10
2024-07-17,coahuila,Mexico,2219,358,201,9
2024-07-17,tamaulipas,Mexico,1652,82,32,8
2024-07-17,yucatán,Mexico,1968,94,44,9
2024-07-17,quintana roo,Mexico,2064,104,45,10
2024-07-17,michoacán,Mexico,1954,91,37,10
2024-07-17,morelos,Mexico,1300,76,29,6
2024-07-17,tabasco,Mexico,1425,70,28,10
2024-07-17,guerrero,Mexico,910,44,19,4
2024-07-17,chiapas,Mexico,699,42,19,2
2024-07-17,san luis potosí,Mexico,994,48,28,4
2024-07-17,hidalgo,Mexico,936,41,26,7
2024-07-17,oaxaca,Mexico,468,22,19,8
2024-07-17,aguascalientes,Mexico,733,31,12,2
2024-07-17,zacatecas,Mexico,588,21,12,4
2024-07-17,baja california sur,Mexico,473,28,13,1
2024-07-17,durango,Mexico,482,20,12,3
2024-07-17,campeche,Mexico,549,29,13,5
2024-07-17,nayarit,Mexico,334,15,4,0
2024-07-17,colima,Mexico,453,22,8,2
2024-07-17,tlaxcala,Mexico,328,18,9,2
2024-07-18,mexico city,Mexico,25526,1571,791,139
2024-07-18,méxico,Mexico,11747,599,253,51
2024-07-18,nuevo león,Mexico,8221,491,174,52
2024-07-18,jalisco,Mexico,9642,578,242,62
2024-07-18,veracruz,Mexico,2941,153,83,17
2024-07-18,guanajuato,Mexico,3136,170,83,20
2024-07-18,sinaloa,Mexico,2375,109,47,9
2024-07-18,puebla,Mexico,2785,134,70,11
2024-07-18,querétaro,Mexico,2326,136,63,19
2024-07-18,baja california,Mexico,2043,101,31,3
2024-07-18,chihuahua,Mexico,2262,122,54,10
2024-07-18,sonora,Mexico,2112,137,43,8
2024-07-18,coahuila,Mexico,2327,361,201,11
2024-07-18,tamaulipas,Mexico,1711,79,26,2
2024-07-18,yucatán,Mexico,1965,114,51,9
2024-07-18,quintana roo,Mexico,2125,99,42,10
2024-07-18,michoacán,Mexico,2054,100,38,7
2024-07-18,morelos,Mexico,1450,92,41,3
2024-07-18,tabasco,Mexico,1518,105,57,15
2024-07-18,guerrero,Mexico,928,43,20,4
2024-07-18,chiapas,Mexico,763,41,17,2
2024-07-18,san luis potosí,Mexico,1035,49,28,8
2024-07-18,hidalgo,Mexico,918,47,25,5
2024-07-18,oaxaca,Mexico,442,26,11,3
2024-07-18,aguascalientes,Mexico,722,36,14,1
2024-07-18,zacatecas,Mexico,554,38,18,6
2024-07-18,baja california sur,Mexico,479,31,8,1
2024-07-18,durango,Mexico,471,30,10,3
2024-07-18,campeche,Mexico,494,25,12,2
2024-07-18,nayarit,Mexico,365,27,10,4
2024-07-18,colima,Mexico,509,25,13,3
2024-07-18,tlaxcala,Mexico,420,23,15,2
2024-07-19,mexico city,Mexico,24083,1511,775,153
2024-07-19,méxico,Mexico,11137,535,250,67
2024-07-19,nuevo león,Mexico,7511,469,194,48
2024-07-19,jalisco,Mexico,8897,504,214,62
2024-07-19,veracruz,Mexico,2790,146,73,16
2024-07-19,guanajuato,Mexico,2894,135,66,11
2024-07-19,sinaloa,Mexico,2445,151,66,13
2024-07-19,puebla,Mexico,2629,146,62,7
2024-07-19,querétaro,Mexico,2297,134,49,12
2024-07-19,baja california,Mexico,1897,90,40,7
2024-07-19,chihuahua,Mexico,2100,144,44,9
2024-07-19,sonora,Mexico,1948,115,45,7
2024-07-19,coahuila,Mexico,2089,342,186,8
2024-07-19,tamaulipas,Mexico,1526,71,29,7
2024-07-19,yucatán,Mexico,1962,110,38,10
2024-07-19,quintana roo,Mexico,2063,119,41,10
2024-07-19,michoacán,Mexico,1960,87,42,6
2024-07-19,morelos,Mexico,1413,71,37,10
2024-07-19,tabasco,Mexico,1517,86,37,14
2024-07-19,guerrero,Mexico,890,39,20,5
2024-07-19,chiapas,Mexico,726,42,18,4
2024-07-19,san luis potosí,Mexico,903,46,19,6
2024-07-19,hidalgo,Mexico,957,56,29,7
2024-07-19,oaxaca,Mexico,384,28,11,4
2024-07-19,aguascalientes,Mexico,752,44,20,10
2024-07-19,zacatecas,Mexico,501,20,11,2
2024-07-19,baja california sur,Mexico,456,37,10,3
2024-07-19,durango,Mexico,494,21,13,2
2024-07-19,campeche,Mexico,477,31,9,3
2024-07-19,nayarit,Mexico,341,16,12,4
2024-07-19,colima,Mexico,419,28,12,0
2024-07-19,tlaxcala,Mexico,384,25,16,2
2024-07-20,mexico city,Mexico,23167,1382,691,132
2024-07-20,méxico,Mexico,10950,517,214,50
2024-07-20,nuevo león,Mexico,7306,425,183,47
2024-07-20,jalisco,Mexico,8608,513,205,60
2024-07-20,veracruz,Mexico,2762,141,70,14
2024-07-20,guanajuato,Mexico,2945,160,65,16
2024-07-20,sinaloa,Mexico,2312,138,54,14
2024-07-20,puebla,Mexico,2503,133,59,14
2024-07-20,querétaro,Mexico,2237,113,36,8
2024-07-20,baja california,Mexico,1796,86,35,6
2024-07-20,chihuahua,Mexico,2117,117,56,14
2024-07-20,sonora,Mexico,1993,114,39,5
2024-07-20,coahuila,Mexico,2036,266,141,8
2024-07-20,tamaulipas,Mexico,1506,87,37,4
2024-07-20,yucatán,Mexico,1956,100,36,12
2024-07-20,quintana roo,Mexico,2076,125,47,9
2024-07-20,michoacán,Mexico,1857,100,52,7
2024-07-20,morelos,Mexico,1389,68,45,16
2024-07-20,tabasco,Mexico,1419,68,30,8
2024-07-20,guerrero,Mexico,787,39,13,4
2024-07-20,chiapas,Mexico,739,46,22,6
2024-07-20,san luis potosí,Mexico,818,29,15,3
2024-07-20,hidalgo,Mexico,844,37,20,6
2024-07-20,oaxaca,Mexico,413,18,11,3
2024-07-20,aguascalientes,Mexico,689,37,12,3
2024-07-20,zacatecas,Mexico,474,22,6,3
2024-07-20,baja california sur,Mexico,461,32,14,4
2024-07-20,durango,Mexico,436,25,7,1
2024-07-20,campeche,Mexico,471,20,9,3
2024-07-20,nayarit,Mexico,278,18,6,2
2024-07-20,colima,Mexico,439,29,15,2
2024-07-20,tlaxcala,Mexico,389,24,10,5
2024-07-21,mexico city,Mexico,22862,1335,729,140
2024-07-21,méxico,Mexico,11467,547,266,74
2024-07-21,nuevo león,Mexico,7377,413,172,49
2024-07-21,jalisco,Mexico,8438,491,192,46
2024-07-21,veracruz,Mexico,2926,140,48,11
2024-07-21,guanajuato,Mexico,2927,154,60,10
2024-07-21,sinaloa,Mexico,2129,119,61,16
2024-07-21,puebla,Mexico,2612,112,59,16
2024-07-21,querétaro,Mexico,2257,131,56,16
2024-07-21,baja california,Mexico,1966,96,32,8
2024-07-21,chihuahua,Mexico,2142,96,36,6
2024-07-21,sonora,Mexico,1947,100,34,9
2024-07-21,coahuila,Mexico,2168,287,135,9
2024-07-21,tamaulipas,Mexico,1671,75,34,10
2024-07-21,yucatán,Mexico,1986,97,24,5
2024-07-21,quintana roo,Mexico,2095,92,45,12
2024-07-21,michoacán,Mexico,1857,99,28,6
2024-07-21,morelos,Mexico,1465,63,25,5
2024-07-21,tabasco,Mexico,1439,76,33,6
2024-07-21,guerrero,Mexico,853,48,21,3
2024-07-21,chiapas,Mexico,766,49,19,4
2024-07-21,san luis potosí,Mexico,898,47,18,5
2024-07-21,hidalgo,Mexico,907,50,25,3
2024-07-21,oaxaca,Mexico,411,28,5,1
2024-07-21,aguascalientes,Mexico,651,30,15,5
2024-07-21,zacatecas,Mexico,502,20,13,3
2024-07-21,baja california sur,Mexico,445,32,10,0
2024-07-21,durango,Mexico,448,26,8,1
2024-07-21,campeche,Mexico,529,22,10,3
2024-07-21,nayarit,Mexico,321,23,6,1
2024-07-21,colima,Mexico,398,29,12,3
2024-07-21,tlaxcala,Mexico,432,19,8,3
2024-07-22,mexico city,Mexico,26128,1549,832,167
2024-07-22,méxico,Mexico,11972,563,280,73
2024-07-22,nuevo león,Mexico,8381,497,212,49
2024-07-22,jalisco,Mexico,9205,557,214,51
2024-07-22,veracruz,Mexico,3305,167,71,12
2024-07-22,guanajuato,Mexico,3275,165,72,15
2024-07-22,sinaloa,Mexico,2599,168,81,20
2024-07-22,puebla,Mexico,2893,155,67,15
2024-07-22,querétaro,Mexico,2557,154,81,21
2024-07-22,baja california,Mexico,2233,141,53,8
2024-07-22,chihuahua,Mexico,2418,149,51,16
2024-07-22,sonora,Mexico,2438,161,43,7
2024-07-22,coahuila,Mexico,2409,352,244,13
2024-07-22,tamaulipas,Mexico,1875,100,51,10
2024-07-22,yucatán,Mexico,2230,140,63,17
2024-07-22,quintana roo,Mexico,2256,108,56,8
2024-07-22,michoacán,Mexico,2017,109,40,5
2024-07-22,morelos,Mexico,1640,89,35,9
2024-07-22,tabasco,Mexico,1700,99,56,10
2024-07-22,guerrero,Mexico,972,48,28,5
2024-07-22,chiapas,Mexico,884,54,21,5
2024-07-22,san luis potosí,Mexico,1080,64,28,4
2024-07-22,hidalgo,Mexico,997,44,28,4
2024-07-22,oaxaca,Mexico,500,24,14,2
2024-07-22,aguascalientes,Mexico,805,47,21,7
2024-07-22,zacatecas,Mexico,595,39,17,3
2024-07-22,baja california sur,Mexico,494,37,14,3
2024-07-22,durango,Mexico,458,24,14,2
2024-07-22,campeche,Mexico,620,29,9,2
2024-07-22,nayarit,Mexico,369,39,15,3
2024-07-22,colima,Mexico,466,25,9,4
2024-07-22,tlaxcala,Mexico,463,30,10,3
2024-07-23,mexico city,Mexico,25172,1426,808,134
2024-07-23,méxico,Mexico,12046,587,244,54
2024-07-23,nuevo león,Mexico,8848,537,245,62
2024-07-23,jalisco,Mexico,9407,499,236,54
2024-07-23,veracruz,Mexico,3147,164,68,10
2024-07-23,guanajuato,Mexico,3238,143,66,15
2024-07-23,sinaloa,Mexico,2659,152,68,19
2024-07-23,puebla,Mexico,2879,140,62,12
2024-07-23,querétaro,Mexico,2456,112,61,22
2024-07-23,baja california,Mexico,2001,95,37,6
2024-07-23,chihuahua,Mexico,2228,115,42,14
2024-07-23,sonora,Mexico,2486,174,59,8
2024-07-23,coahuila,Mexico,2441,346,267,12
2024-07-23,tamaulipas,Mexico,1828,98,39,9
2024-07-23,yucatán,Mexico,2178,107,45,8
2024-07-23,quintana roo,Mexico,2216,139,56,11
2024-07-23,michoacán,Mexico,2245,117,41,11
2024-07-23,morelos,Mexico,1505,74,32,7
2024-07-23,tabasco,Mexico,1635,74,43,9
2024-07-23,guerrero,Mexico,985,52,22,5
2024-07-23,chiapas,Mexico,847,44,22,4
2024-07-23,san luis potosí,Mexico,989,41,20,7
2024-07-23,hidalgo,Mexico,944,53,26,5
2024-07-23,oaxaca,Mexico,407,15,11,4
2024-07-23,aguascalientes,Mexico,823,36,20,1
2024-07-23,zacatecas,Mexico,598,32,12,2
2024-07-23,baja california sur,Mexico,476,34,12,2
2024-07-23,durango,Mexico,488,15,9,2
2024-07-23,campeche,Mexico,525,22,15,3
2024-07-23,nayarit,Mexico,329,14,8,2
2024-07-23,colima,Mexico,441,20,8,1
2024-07-23,tlaxcala,Mexico,439,23,23,4
2024-07-24,mexico city,Mexico,24238,1880,1020,222
2024-07-24,méxico,Mexico,12215,800,379,112
2024-07-24,nuevo león,Mexico,9768,927,347,95
2024-07-24,jalisco,Mexico,9150,703,295,67
2024-07-24,veracruz,Mexico,3005,225,99,19
2024-07-24,guanajuato,Mexico,3186,232,91,23
2024-07-24,sinaloa,Mexico,2584,207,70,18
2024-07-24,puebla,Mexico,2612,167,64,17
2024-07-24,querétaro,Mexico,2548,213,84,23
2024-07-24,baja california,Mexico,2087,170,55,13
2024-07-24,chihuahua,Mexico,2421,206,78,16
2024-07-24,sonora,Mexico,2692,177,64,11
2024-07-24,coahuila,Mexico,2674,399,268,26
2024-07-24,tamaulipas,Mexico,1947,170,64,15
2024-07-24,yucatán,Mexico,2344,202,86,25
2024-07-24,quintana roo,Mexico,2500,214,76,11
2024-07-24,michoacán,Mexico,2427,169,58,18
2024-07-24,morelos,Mexico,1537,112,40,7
2024-07-24,tabasco,Mexico,1707,131,65,18
2024-07-24,guerrero,Mexico,1120,73,35,11
2024-07-24,chiapas,Mexico,924,82,22,6
2024-07-24,san luis potosí,Mexico,1023,92,36,10
2024-07-24,hidalgo,Mexico,946,58,40,8
2024-07-24,oaxaca,Mexico,437,33,12,4
2024-07-24,aguascalientes,Mexico,946,81,28,6
2024-07-24,zacatecas,Mexico,614,58,27,7
2024-07-24,baja california sur,Mexico,545,51,5,3
2024-07-24,durango,Mexico,512,38,14,1
2024-07-24,campeche,Mexico,552,46,15,1
2024-07-24,nayarit,Mexico,419,39,21,4
2024-07-24,colima,Mexico,469,54,15,3
2024-07-24,tlaxcala,Mexico,406,24,17,2
2024-07-25,mexico city,Mexico,13002,940,655,105
2024-07-25,méxico,Mexico,6555,346,162,43
2024-07-25,nuevo león,Mexico,3926,275,166,45
2024-07-25,jalisco,Mexico,4181,236,161,48
2024-07-25,veracruz,Mexico,1391,73,52,12
2024-07-25,guanajuato,Mexico,1438,76,45,12
2024-07-25,sinaloa,Mexico,1083,63,27,7
2024-07-25,puebla,Mexico,1173,58,31,5
2024-07-25,querétaro,Mexico,1137,77,34,9
2024-07-25,baja california,Mexico,834,52,28,5
2024-07-25,chihuahua,Mexico,1088,56,41,6
2024-07-25,sonora,Mexico,1107,61,32,10
2024-07-25,coahuila,Mexico,1204,231,205,7
2024-07-25,tamaulipas,Mexico,841,51,26,4
2024-07-25,yucatán,Mexico,1046,66,37,9
2024-07-25,quintana roo,Mexico,1233,68,46,13
2024-07-25,michoacán,Mexico,1009,52,33,6
2024-07-25,morelos,Mexico,727,41,34,11
2024-07-25,tabasco,Mexico,932,36,21,5
2024-07-25,guerrero,Mexico,511,32,28,5
2024-07-25,chiapas,Mexico,377,26,10,0
2024-07-25,san luis potosí,Mexico,454,34,25,9
2024-07-25,hidalgo,Mexico,470,31,21,7
2024-07-25,oaxaca,Mexico,196,13,3,1
2024-07-25,aguascalientes,Mexico,455,27,12,3
2024-07-25,zacatecas,Mexico,272,14,8,1
2024-07-25,baja california sur,Mexico,228,15,6,1
2024-07-25,durango,Mexico,231,20,10,3
2024-07-25,campeche,Mexico,289,13,5,2
2024-07-25,nayarit,Mexico,183,9,3,1
2024-07-25,colima,Mexico,198,13,7,1
2024-07-25,tlaxcala,Mexico,222,14,11,2
2024-07-26,mexico city,Mexico,20098,1238,768,132
2024-07-26,méxico,Mexico,9680,498,228,85
2024-07-26,nuevo león,Mexico,7892,598,278,93
2024-07-26,jalisco,Mexico,7793,462,226,66
2024-07-26,veracruz,Mexico,2520,146,77,14
2024-07-26,guanajuato,Mexico,2759,148,63,21
2024-07-26,sinaloa,Mexico,2192,165,61,18
2024-07-26,puebla,Mexico,2259,111,72,19
2024-07-26,querétaro,Mexico,2028,114,57,16
2024-07-26,baja california,Mexico,1752,112,40,7
2024-07-26,chihuahua,Mexico,1909,119,53,10
2024-07-26,sonora,Mexico,1991,137,62,17
2024-07-26,coahuila,Mexico,2147,311,239,14
2024-07-26,tamaulipas,Mexico,1610,99,35,9
2024-07-26,yucatán,Mexico,1991,108,63,16
2024-07-26,quintana roo,Mexico,1983,111,67,22
2024-07-26,michoacán,Mexico,1811,103,51,12
2024-07-26,morelos,Mexico,1301,75,33,8
2024-07-26,tabasco,Mexico,1436,88,32,11
2024-07-26,guerrero,Mexico,833,52,29,8
2024-07-26,chiapas,Mexico,751,43,14,3
2024-07-26,san luis potosí,Mexico,887,54,22,6
2024-07-26,hidalgo,Mexico,784,36,22,10
2024-07-26,oaxaca,Mexico,361,26,14,4
2024-07-26,aguascalientes,Mexico,674,40,19,5
2024-07-26,zacatecas,Mexico,500,27,19,5
2024-07-26,baja california sur,Mexico,488,24,17,5
2024-07-26,durango,Mexico,399,23,12,1
2024-07-26,campeche,Mexico,488,29,23,1
2024-07-26,nayarit,Mexico,336,18,9,4
2024-07-26,colima,Mexico,365,14,8,2
2024-07-26,tlaxcala,Mexico,343,29,8,1
2024-07-27,mexico city,Mexico,18381,1199,734,126
2024-07-27,méxico,Mexico,9162,445,207,39
2024-07-27,nuevo león,Mexico,7108,430,197,41
2024-07-27,jalisco,Mexico,6676,404,173,37
2024-07-27,veracruz,Mexico,2343,101,69,9
2024-07-27,guanajuato,Mexico,2425,112,49,10
2024-07-27,sinaloa,Mexico,1994,140,66,14
2024-07-27,puebla,Mexico,2066,91,48,10
2024-07-27,querétaro,Mexico,1781,98,55,12
2024-07-27,baja california,Mexico,1688,88,39,9
2024-07-27,chihuahua,Mexico,1867,136,53,14
2024-07-27,sonora,Mexico,1884,106,43,4
2024-07-27,coahuila,Mexico,2068,310,231,15
2024-07-27,tamaulipas,Mexico,1563,88,35,5
2024-07-27,yucatán,Mexico,1826,98,49,11
2024-07-27,quintana roo,Mexico,1821,104,42,10
2024-07-27,michoacán,Mexico,1516,89,50,11
2024-07-27,morelos,Mexico,1148,55,22,3
2024-07-27,tabasco,Mexico,1319,86,37,9
2024-07-27,guerrero,Mexico,750,36,15,3
2024-07-27,chiapas,Mexico,663,41,22,5
2024-07-27,san luis potosí,Mexico,785,40,14,5
2024-07-27,hidalgo,Mexico,780,46,29,10
2024-07-27,oaxaca,Mexico,386,21,11,4
2024-07-27,aguascalientes,Mexico,609,40,17,6
2024-07-27,zacatecas,Mexico,450,28,13,1
2024-07-27,baja california sur,Mexico,379,23,9,3
2024-07-27,durango,Mexico,439,25,13,4
2024-07-27,campeche,Mexico,478,29,14,2
2024-07-27,nayarit,Mexico,317,25,12,2
2024-07-27,colima,Mexico,341,24,8,3
2024-07-27,tlaxcala,Mexico,317,18,10,3
2024-07-28,mexico city,Mexico,16002,1107,699,106
2024-07-28,méxico,Mexico,8001,404,200,56
2024-07-28,nuevo león,Mexico,6516,378,159,32
2024-07-28,jalisco,Mexico,6128,362,156,41
2024-07-28,veracruz,Mexico,2139,132,48,16
2024-07-28,guanajuato,Mexico,2203,121,42,11
2024-07-28,sinaloa,Mexico,1826,131,51,7
2024-07-28,puebla,Mexico,1857,98,59,11
2024-07-28,querétaro,Mexico,1605,83,35,10
2024-07-28,baja california,Mexico,1560,86,49,5
2024-07-28,chihuahua,Mexico,1656,116,37,10
2024-07-28,sonora,Mexico,1703,88,30,7
2024-07-28,coahuila,Mexico,1905,270,219,8
2024-07-28,tamaulipas,Mexico,1329,68,41,10
2024-07-28,yucatán,Mexico,1458,82,47,13
2024-07-28,quintana roo,Mexico,1643,100,38,4
2024-07-28,michoacán,Mexico,1382,82,39,14
2024-07-28,morelos,Mexico,1073,58,26,6
2024-07-28,tabasco,Mexico,1284,64,28,8
2024-07-28,guerrero,Mexico,690,40,23,5
2024-07-28,chiapas,Mexico,689,48,18,4
2024-07-28,san luis potosí,Mexico,740,48,18,3
2024-07-28,hidalgo,Mexico,679,32,13,4
2024-07-28,oaxaca,Mexico,335,18,7,1
2024-07-28,aguascalientes,Mexico,556,33,20,8
2024-07-28,zacatecas,Mexico,385,20,4,0
2024-07-28,baja california sur,Mexico,369,17,7,1
2024-07-28,durango,Mexico,349,20,6,1
2024-07-28,campeche,Mexico,399,9,8,1
2024-07-28,nayarit,Mexico,243,15,7,2
2024-07-28,colima,Mexico,346,26,14,1
2024-07-28,tlaxcala,Mexico,303,14,4,0
2024-07-29,mexico city,Mexico,18739,1034,658,101
2024-07-29,méxico,Mexico,9053,403,207,46
2024-07-29,nuevo león,Mexico,6748,345,166,40
2024-07-29,jalisco,Mexico,6967,363,140,35
2024-07-29,veracruz,Mexico,2539,109,65,13
2024-07-29,guanajuato,Mexico,2396,107,42,6
2024-07-29,sinaloa,Mexico,2153,112,44,8
2024-07-29,puebla,Mexico,2013,99,38,6
2024-07-29,querétaro,Mexico,1774,82,36,17
2024-07-29,baja california,Mexico,1687,73,32,6
2024-07-29,chihuahua,Mexico,1864,93,37,6
2024-07-29,sonora,Mexico,1841,93,33,6
2024-07-29,coahuila,Mexico,2124,303,234,6
2024-07-29,tamaulipas,Mexico,1487,60,26,3
2024-07-29,yucatán,Mexico,1773,100,52,8
2024-07-29,quintana roo,Mexico,1735,67,30,5
2024-07-29,michoacán,Mexico,1625,79,36,7
2024-07-29,morelos,Mexico,1184,52,20,6
2024-07-29,tabasco,Mexico,1383,57,27,5
2024-07-29,guerrero,Mexico,773,31,10,2
2024-07-29,chiapas,Mexico,695,38,12,1
2024-07-29,san luis potosí,Mexico,831,33,25,5
2024-07-29,hidalgo,Mexico,764,26,12,3
2024-07-29,oaxaca,Mexico,344,15,8,2
2024-07-29,aguascalientes,Mexico,634,36,14,3
2024-07-29,zacatecas,Mexico,479,21,12,4
2024-07-29,baja california sur,Mexico,438,25,11,2
2024-07-29,durango,Mexico,387,19,10,2
2024-07-29,campeche,Mexico,435,24,12,1
2024-07-29,nayarit,Mexico,304,12,6,1
2024-07-29,colima,Mexico,362,22,10,2
2024-07-29,tlaxcala,Mexico,353,12,14,2
2024-07-30,mexico city,Mexico,17015,1051,739,104
2024-07-30,méxico,Mexico,8014,367,210,48
2024-07-30,nuevo león,Mexico,5807,311,139,36
2024-07-30,jalisco,Mexico,6293,325,152,37
2024-07-30,veracruz,Mexico,1970,91,54,7
2024-07-30,guanajuato,Mexico,2002,94,50,16
2024-07-30,sinaloa,Mexico,1679,76,33,11
2024-07-30,puebla,Mexico,1789,76,45,7
2024-07-30,querétaro,Mexico,1560,67,34,4
2024-07-30,baja california,Mexico,1401,67,30,6
2024-07-30,chihuahua,Mexico,1553,77,44,9
2024-07-30,sonora,Mexico,1494,79,37,10
2024-07-30,coahuila,Mexico,1690,300,236,10
2024-07-30,tamaulipas,Mexico,1224,59,31,7
2024-07-30,yucatán,Mexico,1645,63,46,8
2024-07-30,quintana roo,Mexico,1570,72,32,10
2024-07-30,michoacán,Mexico,1338,68,32,7
2024-07-30,morelos,Mexico,1024,37,14,3
2024-07-30,tabasco,Mexico,1173,55,32,6
2024-07-30,guerrero,Mexico,656,32,15,5
2024-07-30,chiapas,Mexico,640,28,20,1
2024-07-30,san luis potosí,Mexico,659,26,17,5
2024-07-30,hidalgo,Mexico,677,33,17,2
2024-07-30,oaxaca,Mexico,270,21,8,1
2024-07-30,aguascalientes,Mexico,516,29,25,6
2024-07-30,zacatecas,Mexico,373,17,7,1
2024-07-30,baja california sur,Mexico,360,24,5,1
2024-07-30,durango,Mexico,305,6,8,0
2024-07-30,campeche,Mexico,368,21,14,3
2024-07-30,nayarit,Mexico,251,10,11,2
2024-07-30,colima,Mexico,270,18,8,2
2024-07-30,tlaxcala,Mexico,271,12,5,0
2024-07-31,mexico city,Mexico,18043,1087,723,124
2024-07-31,méxico,Mexico,8358,402,222,58
2024-07-31,nuevo león,Mexico,6659,371,159,35
2024-07-31,jalisco,Mexico,6748,330,174,38
2024-07-31,veracruz,Mexico,2123,88,47,9
2024-07-31,guanajuato,Mexico,2301,95,51,13
2024-07-31,sinaloa,Mexico,1756,98,27,1
2024-07-31,puebla,Mexico,1863,97,59,9
2024-07-31,querétaro,Mexico,1688,91,39,13
2024-07-31,baja california,Mexico,1513,65,28,6
2024-07-31,chihuahua,Mexico,1728,84,43,8
2024-07-31,sonora,Mexico,1492,56,30,4
2024-07-31,coahuila,Mexico,1878,334,215,11
2024-07-31,tamaulipas,Mexico,1473,76,38,8
2024-07-31,yucatán,Mexico,1799,93,47,10
2024-07-31,quintana roo,Mexico,1694,84,34,10
2024-07-31,michoacán,Mexico,1492,51,41,10
2024-07-31,morelos,Mexico,1207,46,24,6
2024-07-31,tabasco,Mexico,1314,76,33,11
2024-07-31,guerrero,Mexico,721,27,9,2
2024-07-31,chiapas,Mexico,675,30,15,4
2024-07-31,san luis potosí,Mexico,701,38,19,5
2024-07-31,hidalgo,Mexico,709,36,25,9
2024-07-31,oaxaca,Mexico,315,15,6,0
2024-07-31,aguascalientes,Mexico,543,28,16,0
2024-07-31,zacatecas,Mexico,398,14,6,2
2024-07-31,baja california sur,Mexico,368,18,7,2
2024-07-31,durango,Mexico,359,16,11,3
2024-07-31,campeche,Mexico,442,24,13,3
2024-07-31,nayarit,Mexico,264,9,9,2
2024-07-31,colima,Mexico,342,22,14,5
2024-07-31,tlaxcala,Mexico,302,11,9,1
2024-08-01,mexico city,Mexico,20104,915,482,101
2024-08-01,méxico,Mexico,9716,392,183,32
2024-08-01,nuevo león,Mexico,7024,274,108,26
2024-08-01,jalisco,Mexico,7485,316,113,34
2024-08-01,veracruz,Mexico,2706,106,46,8
2024-08-01,guanajuato,Mexico,2616,105,31,7
2024-08-01,sinaloa,Mexico,1960,74,25,4
2024-08-01,puebla,Mexico,2242,103,50,9
2024-08-01,querétaro,Mexico,1947,74,25,9
2024-08-01,baja california,Mexico,1756,70,24,5
2024-08-01,chihuahua,Mexico,1827,58,17,2
2024-08-01,sonora,Mexico,1807,74,22,3
2024-08-01,coahuila,Mexico,1925,159,122,7
2024-08-01,tamaulipas,Mexico,1570,59,24,2
2024-08-01,yucatán,Mexico,1909,75,35,13
2024-08-01,quintana roo,Mexico,1869,77,31,7
2024-08-01,michoacán,Mexico,1817,71,27,4
2024-08-01,morelos,Mexico,1316,43,19,5
2024-08-01,tabasco,Mexico,1469,61,27,7
2024-08-01,guerrero,Mexico,847,32,23,4
2024-08-01,chiapas,Mexico,771,20,5,1
2024-08-01,san luis potosí,Mexico,811,42,8,2
2024-08-01,hidalgo,Mexico,828,34,13,2
2024-08-01,oaxaca,Mexico,475,24,12,2
2024-08-01,aguascalientes,Mexico,651,33,15,2
2024-08-01,zacatecas,Mexico,507,20,13,0
2024-08-01,baja california sur,Mexico,394,16,10,1
2024-08-01,durango,Mexico,401,18,5,2
2024-08-01,campeche,Mexico,488,17,12,3
2024-08-01,nayarit,Mexico,324,18,6,1
2024-08-01,colima,Mexico,369,15,6,1
2024-08-01,tlaxcala,Mexico,359,19,16,2
2024-08-02,mexico city,Mexico,17908,807,401,91
2024-08-02,méxico,Mexico,8402,312,131,40
2024-08-02,nuevo león,Mexico,6358,245,87,19
2024-08-02,jalisco,Mexico,6867,258,93,14
2024-08-02,veracruz,Mexico,2523,100,40,8
2024-08-02,guanajuato,Mexico,2341,106,39,7
2024-08-02,sinaloa,Mexico,1891,89,19,5
2024-08-02,puebla,Mexico,2144,73,44,9
2024-08-02,querétaro,Mexico,1682,60,29,6
2024-08-02,baja california,Mexico,1684,71,13,2
2024-08-02,chihuahua,Mexico,1667,51,27,4
2024-08-02,sonora,Mexico,1650,49,19,3
2024-08-02,coahuila,Mexico,1751,243,118,3
2024-08-02,tamaulipas,Mexico,1407,61,18,3
2024-08-02,yucatán,Mexico,1685,73,20,4
2024-08-02,quintana roo,Mexico,1692,63,17,6
2024-08-02,michoacán,Mexico,1559,62,18,0
2024-08-02,morelos,Mexico,1116,39,9,2
2024-08-02,tabasco,Mexico,1315,48,18,4
2024-08-02,guerrero,Mexico,799,30,14,4
2024-08-02,chiapas,Mexico,646,18,9,1
2024-08-02,san luis potosí,Mexico,745,20,8,0
2024-08-02,hidalgo,Mexico,728,28,15,3
2024-08-02,oaxaca,Mexico,383,14,3,0
2024-08-02,aguascalientes,Mexico,584,26,8,0
2024-08-02,zacatecas,Mexico,470,16,3,0
2024-08-02,baja california sur,Mexico,369,22,9,0
2024-08-02,durango,Mexico,399,14,10,0
2024-08-02,campeche,Mexico,431,12,7,0
2024-08-02,nayarit,Mexico,303,6,1,1
2024-08-02,colima,Mexico,342,19,7,1
2024-08-02,tlaxcala,Mexico,313,8,5,1
2024-08-03,mexico city,Mexico,16823,782,253,48
2024-08-03,méxico,Mexico,8087,306,118,24
2024-08-03,nuevo león,Mexico,6058,209,81,13
2024-08-03,jalisco,Mexico,6639,268,91,18
2024-08-03,veracruz,Mexico,2371,94,28,8
2024-08-03,guanajuato,Mexico,2226,86,25,3
2024-08-03,sinaloa,Mexico,1782,76,26,7
2024-08-03,puebla,Mexico,2120,85,42,8
2024-08-03,querétaro,Mexico,1730,73,26,8
2024-08-03,baja california,Mexico,1709,48,10,1
2024-08-03,chihuahua,Mexico,1670,54,18,8
2024-08-03,sonora,Mexico,1720,57,29,3
2024-08-03,coahuila,Mexico,1706,250,12,2
2024-08-03,tamaulipas,Mexico,1330,46,17,3
2024-08-03,yucatán,Mexico,1658,51,18,2
2024-08-03,quintana roo,Mexico,1678,52,20,5
2024-08-03,michoacán,Mexico,1547,58,19,3
2024-08-03,morelos,Mexico,1183,35,10,3
2024-08-03,tabasco,Mexico,1348,37,15,3
2024-08-03,guerrero,Mexico,707,25,10,1
2024-08-03,chiapas,Mexico,666,22,6,0
2024-08-03,san luis potosí,Mexico,710,20,13,3
2024-08-03,hidalgo,Mexico,730,24,10,3
2024-08-03,oaxaca,Mexico,356,17,8,0
2024-08-03,aguascalientes,Mexico,535,18,4,1
2024-08-03,zacatecas,Mexico,471,19,10,1
2024-08-03,baja california sur,Mexico,394,14,4,0
2024-08-03,durango,Mexico,403,13,1,0
2024-08-03,campeche,Mexico,427,18,5,2
2024-08-03,nayarit,Mexico,310,16,3,2
2024-08-03,colima,Mexico,332,14,3,0
2024-08-03,tlaxcala,Mexico,345,16,3,0
2024-08-04,mexico city,Mexico,16438,768,243,68
2024-08-04,méxico,Mexico,7739,280,115,23
2024-08-04,nuevo león,Mexico,5813,177,79,18
2024-08-04,jalisco,Mexico,6255,221,86,21
2024-08-04,veracruz,Mexico,2185,73,44,3
2024-08-04,guanajuato,Mexico,2302,79,22,6
2024-08-04,sinaloa,Mexico,1567,49,11,4
2024-08-04,puebla,Mexico,1923,54,29,10
2024-08-04,querétaro,Mexico,1696,54,23,7
2024-08-04,baja california,Mexico,1634,50,14,2
2024-08-04,chihuahua,Mexico,1660,66,20,5
2024-08-04,sonora,Mexico,1576,46,19,5
2024-08-04,coahuila,Mexico,1613,231,13,3
2024-08-04,tamaulipas,Mexico,1274,42,19,2
2024-08-04,yucatán,Mexico,1532,41,19,2
2024-08-04,quintana roo,Mexico,1624,62,30,3
2024-08-04,michoacán,Mexico,1419,52,17,2
2024-08-04,morelos,Mexico,1118,39,14,1
2024-08-04,tabasco,Mexico,1204,31,16,3
2024-08-04,guerrero,Mexico,695,25,15,1
2024-08-04,chiapas,Mexico,616,12,13,0
2024-08-04,san luis potosí,Mexico,646,25,8,5
2024-08-04,hidalgo,Mexico,667,30,16,2
2024-08-04,oaxaca,Mexico,342,13,7,2
2024-08-04,aguascalientes,Mexico,499,17,9,3
2024-08-04,zacatecas,Mexico,399,16,8,1
2024-08-04,baja california sur,Mexico,355,16,5,1
2024-08-04,durango,Mexico,362,19,1,0
2024-08-04,campeche,Mexico,413,17,5,2
2024-08-04,nayarit,Mexico,247,12,10,2
2024-08-04,colima,Mexico,331,14,8,1
2024-08-04,tlaxcala,Mexico,311,15,12,3
2024-08-05,mexico city,Mexico,19982,873,322,53
2024-08-05,méxico,Mexico,9153,310,148,39
2024-08-05,nuevo león,Mexico,6654,225,87,28
2024-08-05,jalisco,Mexico,7687,276,111,30
2024-08-05,veracruz,Mexico,2571,79,24,6
2024-08-05,guanajuato,Mexico,2829,87,29,4
2024-08-05,sinaloa,Mexico,1871,63,14,1
2024-08-05,puebla,Mexico,2229,71,27,4
2024-08-05,querétaro,Mexico,1988,74,31,11
2024-08-05,baja california,Mexico,2134,76,17,3
2024-08-05,chihuahua,Mexico,1923,73,30,4
2024-08-05,sonora,Mexico,1911,65,19,3
2024-08-05,coahuila,Mexico,1850,208,109,5
2024-08-05,tamaulipas,Mexico,1445,41,14,5
2024-08-05,yucatán,Mexico,1963,74,28,6
2024-08-05,quintana roo,Mexico,1935,93,30,4
2024-08-05,michoacán,Mexico,1887,76,24,7
2024-08-05,morelos,Mexico,1267,44,19,3
2024-08-05,tabasco,Mexico,1402,51,18,7
2024-08-05,guerrero,Mexico,930,36,10,3
2024-08-05,chiapas,Mexico,781,28,9,1
2024-08-05,san luis potosí,Mexico,861,26,15,3
2024-08-05,hidalgo,Mexico,813,28,16,4
2024-08-05,oaxaca,Mexico,428,14,7,1
2024-08-05,aguascalientes,Mexico,595,20,4,2
2024-08-05,zacatecas,Mexico,541,28,15,1
2024-08-05,baja california sur,Mexico,422,24,9,1
2024-08-05,durango,Mexico,380,13,3,0
2024-08-05,campeche,Mexico,513,16,6,0
2024-08-05,nayarit,Mexico,354,13,15,3
2024-08-05,colima,Mexico,357,4,3,0
2024-08-05,tlaxcala,Mexico,413,22,18,1
2024-08-06,mexico city,Mexico,18006,826,434,63
2024-08-06,méxico,Mexico,8220,313,163,44
2024-08-06,nuevo león,Mexico,6039,241,81,20
2024-08-06,jalisco,Mexico,6886,301,108,27
2024-08-06,veracruz,Mexico,2408,99,48,7
2024-08-06,guanajuato,Mexico,2364,91,26,9
2024-08-06,sinaloa,Mexico,1660,76,17,4
2024-08-06,puebla,Mexico,2079,71,25,7
2024-08-06,querétaro,Mexico,1735,75,19,8
2024-08-06,baja california,Mexico,1765,67,21,3
2024-08-06,chihuahua,Mexico,1739,80,29,4
2024-08-06,sonora,Mexico,1616,48,17,1
2024-08-06,coahuila,Mexico,1703,239,198,3
2024-08-06,tamaulipas,Mexico,1334,46,15,4
2024-08-06,yucatán,Mexico,1777,62,32,5
2024-08-06,quintana roo,Mexico,1745,58,25,3
2024-08-06,michoacán,Mexico,1625,65,30,9
2024-08-06,morelos,Mexico,1141,44,18,5
2024-08-06,tabasco,Mexico,1447,59,28,2
2024-08-06,guerrero,Mexico,777,23,5,1
2024-08-06,chiapas,Mexico,730,22,15,2
2024-08-06,san luis potosí,Mexico,699,29,10,0
2024-08-06,hidalgo,Mexico,744,26,13,1
2024-08-06,oaxaca,Mexico,427,16,6,1
2024-08-06,aguascalientes,Mexico,550,18,7,1
2024-08-06,zacatecas,Mexico,489,22,8,2
2024-08-06,baja california sur,Mexico,388,12,2,1
2024-08-06,durango,Mexico,371,14,2,1
2024-08-06,campeche,Mexico,466,17,12,4
2024-08-06,nayarit,Mexico,299,16,11,3
2024-08-06,colima,Mexico,305,16,1,0
2024-08-06,tlaxcala,Mexico,359,20,4,0
2024-08-07,mexico city,Mexico,17290,962,457,66
2024-08-07,méxico,Mexico,7753,323,147,36
2024-08-07,nuevo león,Mexico,5987,248,103,23
2024-08-07,jalisco,Mexico,6545,312,114,34
2024-08-07,veracruz,Mexico,2233,106,47,6
2024-08-07,guanajuato,Mexico,2181,77,40,6
2024-08-07,sinaloa,Mexico,1681,77,28,5
2024-08-07,puebla,Mexico,1991,83,40,4
2024-08-07,querétaro,Mexico,1648,73,33,11
2024-08-07,baja california,Mexico,1693,51,14,4
2024-08-07,chihuahua,Mexico,1671,67,21,6
2024-08-07,sonora,Mexico,1576,74,18,3
2024-08-07,coahuila,Mexico,1700,297,250,5
2024-08-07,tamaulipas,Mexico,1294,70,14,2
2024-08-07,yucatán,Mexico,1776,82,38,10
2024-08-07,quintana roo,Mexico,1699,57,29,6
2024-08-07,michoacán,Mexico,1490,56,27,6
2024-08-07,morelos,Mexico,1143,40,14,2
2024-08-07,tabasco,Mexico,1410,60,34,7
2024-08-07,guerrero,Mexico,709,25,8,2
2024-08-07,chiapas,Mexico,619,31,13,2
2024-08-07,san luis potosí,Mexico,723,31,12,1
2024-08-07,hidalgo,Mexico,779,46,21,5
2024-08-07,oaxaca,Mexico,383,20,10,1
2024-08-07,aguascalientes,Mexico,549,25,9,2
2024-08-07,zacatecas,Mexico,415,16,4,2
2024-08-07,baja california sur,Mexico,379,17,7,1
2024-08-07,durango,Mexico,340,17,7,1
2024-08-07,campeche,Mexico,426,21,6,1
2024-08-07,nayarit,Mexico,264,15,3,0
2024-08-07,colima,Mexico,335,16,5,1
2024-08-07,tlaxcala,Mexico,320,14,13,4
2024-08-08,mexico city,Mexico,18369,968,542,71
2024-08-08,méxico,Mexico,7875,304,143,36
2024-08-08,nuevo león,Mexico,6528,259,93,26
2024-08-08,jalisco,Mexico,7282,318,129,34
2024-08-08,veracruz,Mexico,2518,103,43,5
2024-08-08,guanajuato,Mexico,2514,101,42,12
2024-08-08,sinaloa,Mexico,1792,64,24,2
2024-08-08,puebla,Mexico,2103,78,64,10
2024-08-08,querétaro,Mexico,1812,81,25,4
2024-08-08,baja california,Mexico,1873,68,27,4
2024-08-08,chihuahua,Mexico,1717,63,26,2
2024-08-08,sonora,Mexico,1672,75,18,6
2024-08-08,coahuila,Mexico,1919,337,210,4
2024-08-08,tamaulipas,Mexico,1481,53,17,4
2024-08-08,yucatán,Mexico,1901,71,34,7
2024-08-08,quintana roo,Mexico,1857,67,25,4
2024-08-08,michoacán,Mexico,1597,69,24,3
2024-08-08,morelos,Mexico,1139,32,19,4
2024-08-08,tabasco,Mexico,1420,57,22,4
2024-08-08,guerrero,Mexico,783,24,11,3
2024-08-08,chiapas,Mexico,697,26,10,2
2024-08-08,san luis potosí,Mexico,746,39,16,1
2024-08-08,hidalgo,Mexico,760,29,18,5
2024-08-08,oaxaca,Mexico,428,23,10,3
2024-08-08,aguascalientes,Mexico,579,25,11,3
2024-08-08,zacatecas,Mexico,467,26,11,2
2024-08-08,baja california sur,Mexico,389,22,6,1
2024-08-08,durango,Mexico,368,20,18,3
2024-08-08,campeche,Mexico,503,26,3,0
2024-08-08,nayarit,Mexico,291,15,10,2
2024-08-08,colima,Mexico,341,20,0,0
2024-08-08,tlaxcala,Mexico,319,10,9,2
2024-08-09,mexico city,Mexico,16848,935,574,62
2024-08-09,méxico,Mexico,7640,298,135,33
2024-08-09,nuevo león,Mexico,5844,251,85,21
2024-08-09,jalisco,Mexico,6458,267,119,30
2024-08-09,veracruz,Mexico,2225,93,36,11
2024-08-09,guanajuato,Mexico,2220,94,29,11
2024-08-09,sinaloa,Mexico,1692,57,19,3
2024-08-09,puebla,Mexico,1937,66,24,2
2024-08-09,querétaro,Mexico,1603,61,24,2
2024-08-09,baja california,Mexico,1603,46,9,3
2024-08-09,chihuahua,Mexico,1597,66,25,7
2024-08-09,sonora,Mexico,1602,68,18,0
2024-08-09,coahuila,Mexico,1731,294,163,2
2024-08-09,tamaulipas,Mexico,1263,62,20,2
2024-08-09,yucatán,Mexico,1775,66,21,5
2024-08-09,quintana roo,Mexico,1882,84,42,6
2024-08-09,michoacán,Mexico,1681,60,15,3
2024-08-09,morelos,Mexico,1100,49,14,2
2024-08-09,tabasco,Mexico,1359,50,28,3
2024-08-09,guerrero,Mexico,745,36,17,4
2024-08-09,chiapas,Mexico,609,29,8,3
2024-08-09,san luis potosí,Mexico,665,34,17,4
2024-08-09,hidalgo,Mexico,696,31,15,7
2024-08-09,oaxaca,Mexico,379,6,3,1
2024-08-09,aguascalientes,Mexico,545,24,16,3
2024-08-09,zacatecas,Mexico,455,15,6,2
2024-08-09,baja california sur,Mexico,365,14,5,0
2024-08-09,durango,Mexico,362,10,5,1
2024-08-09,campeche,Mexico,464,25,6,3
2024-08-09,nayarit,Mexico,306,15,6,1
2024-08-09,colima,Mexico,309,11,6,1
2024-08-09,tlaxcala,Mexico,264,16,5,0
2024-08-10,mexico city,Mexico,15000,835,542,59
2024-08-10,méxico,Mexico,7144,283,128,30
2024-08-10,nuevo león,Mexico,4889,188,65,16
2024-08-10,jalisco,Mexico,5758,223,94,19
2024-08-10,veracruz,Mexico,1934,60,36,7
2024-08-10,guanajuato,Mexico,2080,84,31,10
2024-08-10,sinaloa,Mexico,1401,54,17,1
2024-08-10,puebla,Mexico,1683,58,29,3
2024-08-10,querétaro,Mexico,1444,54,19,3
2024-08-10,baja california,Mexico,1487,54,12,1
2024-08-10,chihuahua,Mexico,1341,50,27,7
2024-08-10,sonora,Mexico,1370,60,19,2
2024-08-10,coahuila,Mexico,1399,208,123,3
2024-08-10,tamaulipas,Mexico,1104,47,16,2
2024-08-10,yucatán,Mexico,1383,51,12,2
2024-08-10,quintana roo,Mexico,1795,72,20,2
2024-08-10,michoacán,Mexico,1412,60,35,10
2024-08-10,morelos,Mexico,916,39,19,3
2024-08-10,tabasco,Mexico,1089,47,17,3
2024-08-10,guerrero,Mexico,728,27,18,3
2024-08-10,chiapas,Mexico,522,17,5,1
2024-08-10,san luis potosí,Mexico,536,20,12,2
2024-08-10,hidalgo,Mexico,633,33,12,3
2024-08-10,oaxaca,Mexico,313,15,8,2
2024-08-10,aguascalientes,Mexico,502,20,8,2
2024-08-10,zacatecas,Mexico,360,13,7,2
2024-08-10,baja california sur,Mexico,306,16,6,0
2024-08-10,durango,Mexico,323,11,3,2
2024-08-10,campeche,Mexico,408,21,10,3
2024-08-10,nayarit,Mexico,219,5,2,0
2024-08-10,colima,Mexico,247,11,3,0
2024-08-10,tlaxcala,Mexico,262,14,6,1
2024-08-11,mexico city,Mexico,15000,903,543,56
2024-08-11,méxico,Mexico,7816,323,139,31
2024-08-11,nuevo león,Mexico,4784,171,89,24
2024-08-11,jalisco,Mexico,5610,244,104,27
2024-08-11,veracruz,Mexico,1922,68,40,6
2024-08-11,guanajuato,Mexico,1967,74,25,6
2024-08-11,sinaloa,Mexico,1272,54,22,6
2024-08-11,puebla,Mexico,1704,61,43,5
2024-08-11,querétaro,Mexico,1440,59,21,6
2024-08-11,baja california,Mexico,1369,49,12,2
2024-08-11,chihuahua,Mexico,1409,58,30,7
2024-08-11,sonora,Mexico,1617,85,18,3
2024-08-11,coahuila,Mexico,1260,51,21,5
2024-08-11,tamaulipas,Mexico,1094,50,23,4
2024-08-11,yucatán,Mexico,1347,54,28,3
2024-08-11,quintana roo,Mexico,1756,61,32,4
2024-08-11,michoacán,Mexico,1606,72,18,6
2024-08-11,morelos,Mexico,971,27,11,4
2024-08-11,tabasco,Mexico,998,42,25,6
2024-08-11,guerrero,Mexico,699,32,19,4
2024-08-11,chiapas,Mexico,551,30,13,1
2024-08-11,san luis potosí,Mexico,525,27,15,2
2024-08-11,hidalgo,Mexico,601,28,16,4
2024-08-11,oaxaca,Mexico,310,8,3,0
2024-08-11,aguascalientes,Mexico,522,26,6,0
2024-08-11,zacatecas,Mexico,364,16,9,1
2024-08-11,baja california sur,Mexico,296,18,7,1
2024-08-11,durango,Mexico,290,7,4,0
2024-08-11,campeche,Mexico,387,18,10,1
2024-08-11,nayarit,Mexico,245,10,9,0
2024-08-11,colima,Mexico,282,19,8,1
2024-08-11,tlaxcala,Mexico,228,8,4,0
2024-08-12,mexico city,Mexico,16545,910,572,88
2024-08-12,méxico,Mexico,8158,313,188,45
2024-08-12,nuevo león,Mexico,5264,225,88,20
2024-08-12,jalisco,Mexico,6162,273,142,36
2024-08-12,veracruz,Mexico,2059,78,35,9
2024-08-12,guanajuato,Mexico,2077,70,29,9
2024-08-12,sinaloa,Mexico,1402,51,21,3
2024-08-12,puebla,Mexico,1760,73,41,6
2024-08-12,querétaro,Mexico,1587,57,31,5
2024-08-12,baja california,Mexico,1537,70,16,1
2024-08-12,chihuahua,Mexico,1445,57,15,2
2024-08-12,sonora,Mexico,1520,61,24,5
2024-08-12,coahuila,Mexico,1565,266,188,3
2024-08-12,tamaulipas,Mexico,1161,37,15,1
2024-08-12,yucatán,Mexico,1512,60,20,3
2024-08-12,quintana roo,Mexico,1827,63,28,2
2024-08-12,michoacán,Mexico,1564,68,38,7
2024-08-12,morelos,Mexico,963,41,19,2
2024-08-12,tabasco,Mexico,1195,51,21,5
2024-08-12,guerrero,Mexico,716,27,18,3
2024-08-12,chiapas,Mexico,536,18,4,1
2024-08-12,san luis potosí,Mexico,584,23,8,0
2024-08-12,hidalgo,Mexico,684,23,18,7
2024-08-12,oaxaca,Mexico,344,9,5,1
2024-08-12,aguascalientes,Mexico,575,20,9,2
2024-08-12,zacatecas,Mexico,388,13,14,1
2024-08-12,baja california sur,Mexico,334,7,9,2
2024-08-12,durango,Mexico,331,14,5,0
2024-08-12,campeche,Mexico,415,17,8,2
2024-08-12,nayarit,Mexico,211,6,8,0
2024-08-12,colima,Mexico,304,15,8,4
2024-08-12,tlaxcala,Mexico,278,18,6,0
2024-08-13,mexico city,Mexico,16724,866,515,84
2024-08-13,méxico,Mexico,8168,378,181,41
2024-08-13,nuevo león,Mexico,5674,234,82,20
2024-08-13,jalisco,Mexico,6588,286,105,22
2024-08-13,veracruz,Mexico,2098,89,45,7
2024-08-13,guanajuato,Mexico,2184,90,44,9
2024-08-13,sinaloa,Mexico,1460,64,26,7
2024-08-13,puebla,Mexico,1837,67,35,6
2024-08-13,querétaro,Mexico,1559,54,47,12
2024-08-13,baja california,Mexico,1559,45,19,1
2024-08-13,chihuahua,Mexico,1410,51,18,5
2024-08-13,sonora,Mexico,1680,70,34,7
2024-08-13,coahuila,Mexico,1579,261,163,6
2024-08-13,tamaulipas,Mexico,1146,42,26,7
2024-08-13,yucatán,Mexico,1687,72,44,9
2024-08-13,quintana roo,Mexico,1793,78,35,5
2024-08-13,michoacán,Mexico,1597,81,36,5
2024-08-13,morelos,Mexico,998,37,20,5
2024-08-13,tabasco,Mexico,1164,52,26,6
2024-08-13,guerrero,Mexico,655,34,14,2
2024-08-13,chiapas,Mexico,587,28,8,1
2024-08-13,san luis potosí,Mexico,622,22,5,1
2024-08-13,hidalgo,Mexico,687,39,13,1
2024-08-13,oaxaca,Mexico,324,20,7,4
2024-08-13,aguascalientes,Mexico,610,20,11,2
2024-08-13,zacatecas,Mexico,414,12,8,1
2024-08-13,baja california sur,Mexico,363,15,6,2
2024-08-13,durango,Mexico,319,11,9,1
2024-08-13,campeche,Mexico,475,19,11,3
2024-08-13,nayarit,Mexico,243,12,1,1
2024-08-13,colima,Mexico,318,12,4,1
2024-08-13,tlaxcala,Mexico,250,15,10,1
2024-08-14,mexico city,Mexico,15904,857,494,84
2024-08-14,méxico,Mexico,7528,284,146,32
2024-08-14,nuevo león,Mexico,5145,225,95,29
2024-08-14,jalisco,Mexico,6085,282,108,24
2024-08-14,veracruz,Mexico,2205,75,47,12
2024-08-14,guanajuato,Mexico,1939,85,41,13
2024-08-14,sinaloa,Mexico,1425,58,20,7
2024-08-14,puebla,Mexico,1774,62,39,8
2024-08-14,querétaro,Mexico,1488,46,16,4
2024-08-14,baja california,Mexico,1491,59,14,3
2024-08-14,chihuahua,Mexico,1337,53,18,5
2024-08-14,sonora,Mexico,1447,62,19,4
2024-08-14,coahuila,Mexico,1574,273,189,7
2024-08-14,tamaulipas,Mexico,1064,42,15,3
2024-08-14,yucatán,Mexico,1512,58,40,9
2024-08-14,quintana roo,Mexico,1747,64,23,6
2024-08-14,michoacán,Mexico,1610,63,28,7
2024-08-14,morelos,Mexico,946,35,12,5
2024-08-14,tabasco,Mexico,1097,42,20,4
2024-08-14,guerrero,Mexico,686,24,9,2
2024-08-14,chiapas,Mexico,562,24,7,1
2024-08-14,san luis potosí,Mexico,614,24,8,2
2024-08-14,hidalgo,Mexico,640,29,10,5
2024-08-14,oaxaca,Mexico,322,17,5,4
2024-08-14,aguascalientes,Mexico,532,21,12,2
2024-08-14,zacatecas,Mexico,449,25,10,0
2024-08-14,baja california sur,Mexico,286,11,1,1
2024-08-14,durango,Mexico,341,15,8,1
2024-08-14,campeche,Mexico,415,17,6,2
2024-08-14,nayarit,Mexico,232,11,8,2
2024-08-14,colima,Mexico,356,17,4,1
2024-08-14,tlaxcala,Mexico,237,14,3,1
2024-08-15,mexico city,Mexico,16805,942,604,84
2024-08-15,méxico,Mexico,8190,360,168,29
2024-08-15,nuevo león,Mexico,5311,221,75,19
2024-08-15,jalisco,Mexico,6202,266,122,30
2024-08-15,veracruz,Mexico,2213,78,32,3
2024-08-15,guanajuato,Mexico,2121,69,23,5
2024-08-15,sinaloa,Mexico,1436,68,30,5
2024-08-15,puebla,Mexico,1805,62,31,3
2024-08-15,querétaro,Mexico,1593,71,27,6
2024-08-15,baja california,Mexico,1548,49,19,2
2024-08-15,chihuahua,Mexico,1460,61,15,4
2024-08-15,sonora,Mexico,1596,57,17,3
2024-08-15,coahuila,Mexico,1578,323,289,5
2024-08-15,tamaulipas,Mexico,1130,27,16,3
2024-08-15,yucatán,Mexico,1599,61,27,6
2024-08-15,quintana roo,Mexico,1824,69,22,5
2024-08-15,michoacán,Mexico,1578,55,21,5
2024-08-15,morelos,Mexico,1046,28,10,1
2024-08-15,tabasco,Mexico,1215,50,19,4
2024-08-15,guerrero,Mexico,715,33,13,2
2024-08-15,chiapas,Mexico,615,28,12,1
2024-08-15,san luis potosí,Mexico,675,29,11,3
2024-08-15,hidalgo,Mexico,699,34,20,4
2024-08-15,oaxaca,Mexico,363,13,5,2
2024-08-15,aguascalientes,Mexico,612,27,7,2
2024-08-15,zacatecas,Mexico,422,16,10,3
2024-08-15,baja california sur,Mexico,325,14,5,2
2024-08-15,durango,Mexico,361,18,3,1
2024-08-15,campeche,Mexico,456,21,8,0
2024-08-15,nayarit,Mexico,239,7,6,1
2024-08-15,colima,Mexico,343,15,5,1
2024-08-15,tlaxcala,Mexico,292,11,4,3
2024-08-16,mexico city,Mexico,15453,871,590,72
2024-08-16,méxico,Mexico,7164,288,159,43
2024-08-16,nuevo león,Mexico,4947,190,105,19
2024-08-16,jalisco,Mexico,5814,230,105,30
2024-08-16,veracruz,Mexico,2085,79,25,7
2024-08-16,guanajuato,Mexico,2031,86,41,13
2024-08-16,sinaloa,Mexico,1423,52,23,7
2024-08-16,puebla,Mexico,1674,53,19,1
2024-08-16,querétaro,Mexico,1368,45,14,1
2024-08-16,baja california,Mexico,1520,53,15,4
2024-08-16,chihuahua,Mexico,1367,45,19,4
2024-08-16,sonora,Mexico,1511,56,22,7
2024-08-16,coahuila,Mexico,1549,333,302,5
2024-08-16,tamaulipas,Mexico,1079,36,12,1
2024-08-16,yucatán,Mexico,1439,56,31,7
2024-08-16,quintana roo,Mexico,1719,77,26,11
2024-08-16,michoacán,Mexico,1407,54,24,5
2024-08-16,morelos,Mexico,944,38,15,6
2024-08-16,tabasco,Mexico,1145,34,18,4
2024-08-16,guerrero,Mexico,645,19,4,0
2024-08-16,chiapas,Mexico,586,32,10,0
2024-08-16,san luis potosí,Mexico,589,25,17,6
2024-08-16,hidalgo,Mexico,653,22,10,0
2024-08-16,oaxaca,Mexico,334,7,4,1
2024-08-16,aguascalientes,Mexico,453,19,1,0
2024-08-16,zacatecas,Mexico,376,14,5,0
2024-08-16,baja california sur,Mexico,338,14,4,1
2024-08-16,durango,Mexico,326,13,7,0
2024-08-16,campeche,Mexico,400,17,7,2
2024-08-16,nayarit,Mexico,272,13,7,0
2024-08-16,colima,Mexico,287,15,8,2
2024-08-16,tlaxcala,Mexico,251,6,4,2
2024-08-17,mexico city,Mexico,14369,788,552,62
2024-08-17,méxico,Mexico,7036,285,134,27
2024-08-17,nuevo león,Mexico,4694,156,80,17
2024-08-17,jalisco,Mexico,5622,213,91,16
2024-08-17,veracruz,Mexico,1901,82,28,4
2024-08-17,guanajuato,Mexico,1776,45,20,6
2024-08-17,sinaloa,Mexico,1166,37,19,1
2024-08-17,puebla,Mexico,1664,57,22,1
2024-08-17,querétaro,Mexico,1380,52,17,1
2024-08-17,baja california,Mexico,1345,45,13,3
2024-08-17,chihuahua,Mexico,1308,57,14,2
2024-08-17,sonora,Mexico,1395,57,26,7
2024-08-17,coahuila,Mexico,1474,315,295,7
2024-08-17,tamaulipas,Mexico,1056,49,27,4
2024-08-17,yucatán,Mexico,1250,48,18,2
2024-08-17,quintana roo,Mexico,1588,77,36,6
2024-08-17,michoacán,Mexico,1326,46,15,5
2024-08-17,morelos,Mexico,885,25,14,4
2024-08-17,tabasco,Mexico,971,33,14,3
2024-08-17,guerrero,Mexico,610,22,6,1
2024-08-17,chiapas,Mexico,559,21,8,0
2024-08-17,san luis potosí,Mexico,554,24,7,1
2024-08-17,hidalgo,Mexico,594,25,22,4
2024-08-17,oaxaca,Mexico,303,11,2,2
2024-08-17,aguascalientes,Mexico,503,24,10,1
2024-08-17,zacatecas,Mexico,346,18,7,0
2024-08-17,baja california sur,Mexico,300,16,8,1
2024-08-17,durango,Mexico,319,17,4,1
2024-08-17,campeche,Mexico,398,18,11,3
2024-08-17,nayarit,Mexico,258,10,7,1
2024-08-17,colima,Mexico,260,2,1,0
2024-08-17,tlaxcala,Mexico,244,11,3,1
2024-08-18,mexico city,Mexico,14993,803,537,54
2024-08-18,méxico,Mexico,7075,273,156,32
2024-08-18,nuevo león,Mexico,5102,163,81,15
2024-08-18,jalisco,Mexico,6120,283,101,30
2024-08-18,veracruz,Mexico,1999,70,34,7
2024-08-18,guanajuato,Mexico,2016,69,30,3
2024-08-18,sinaloa,Mexico,1255,43,20,2
2024-08-18,puebla,Mexico,1774,60,24,8
2024-08-18,querétaro,Mexico,1493,64,20,4
2024-08-18,baja california,Mexico,1450,47,13,2
2024-08-18,chihuahua,Mexico,1424,53,8,2
2024-08-18,sonora,Mexico,1383,52,21,4
2024-08-18,coahuila,Mexico,1394,194,172,4
2024-08-18,tamaulipas,Mexico,1035,41,19,2
2024-08-18,yucatán,Mexico,1325,61,26,10
2024-08-18,quintana roo,Mexico,1632,71,27,7
2024-08-18,michoacán,Mexico,1428,45,20,3
2024-08-18,morelos,Mexico,980,42,27,3
2024-08-18,tabasco,Mexico,1064,34,21,2
2024-08-18,guerrero,Mexico,607,27,13,2
2024-08-18,chiapas,Mexico,556,22,12,2
2024-08-18,san luis potosí,Mexico,585,14,15,3
2024-08-18,hidalgo,Mexico,618,25,15,5
2024-08-18,oaxaca,Mexico,301,7,4,0
2024-08-18,aguascalientes,Mexico,583,27,9,5
2024-08-18,zacatecas,Mexico,372,12,4,1
2024-08-18,baja california sur,Mexico,271,10,5,2
2024-08-18,durango,Mexico,333,22,9,1
2024-08-18,campeche,Mexico,390,18,6,2
2024-08-18,nayarit,Mexico,243,10,4,1
2024-08-18,colima,Mexico,301,16,0,0
2024-08-18,tlaxcala,Mexico,266,13,7,2
2024-08-19,mexico city,Mexico,15055,841,573,82
2024-08-19,méxico,Mexico,6865,271,162,40
2024-08-19,nuevo león,Mexico,5175,189,90,33
2024-08-19,jalisco,Mexico,6075,268,95,27
2024-08-19,veracruz,Mexico,1911,73,37,10
2024-08-19,guanajuato,Mexico,2054,83,40,13
2024-08-19,sinaloa,Mexico,1293,47,20,0
2024-08-19,puebla,Mexico,1706,55,28,7
2024-08-19,querétaro,Mexico,1485,70,17,7
2024-08-19,baja california,Mexico,1476,60,24,5
2024-08-19,chihuahua,Mexico,1379,55,22,5
2024-08-19,sonora,Mexico,1387,48,17,2
2024-08-19,coahuila,Mexico,1500,235,203,4
2024-08-19,tamaulipas,Mexico,1104,29,9,4
2024-08-19,yucatán,Mexico,1517,65,39,9
2024-08-19,quintana roo,Mexico,1649,76,32,13
2024-08-19,michoacán,Mexico,1409,54,24,5
2024-08-19,morelos,Mexico,961,37,24,5
2024-08-19,tabasco,Mexico,1014,36,13,2
2024-08-19,guerrero,Mexico,569,23,9,4
2024-08-19,chiapas,Mexico,510,16,14,3
2024-08-19,san luis potosí,Mexico,531,12,4,1
2024-08-19,hidalgo,Mexico,628,28,23,8
2024-08-19,oaxaca,Mexico,335,7,7,2
2024-08-19,aguascalientes,Mexico,572,30,16,3
2024-08-19,zacatecas,Mexico,404,10,9,2
2024-08-19,baja california sur,Mexico,305,14,3,0
2024-08-19,durango,Mexico,319,15,8,1
2024-08-19,campeche,Mexico,398,14,7,2
2024-08-19,nayarit,Mexico,260,11,7,2
2024-08-19,colima,Mexico,269,15,3,1
2024-08-19,tlaxcala,Mexico,245,9,8,1
2024-08-20,mexico city,Mexico,15349,837,582,68
2024-08-20,méxico,Mexico,6979,280,146,30
2024-08-20,nuevo león,Mexico,5102,204,78,20
2024-08-20,jalisco,Mexico,6061,274,94,24
2024-08-20,veracruz,Mexico,2094,73,37,1
2024-08-20,guanajuato,Mexico,2092,84,40,8
2024-08-20,sinaloa,Mexico,1368,55,24,3
2024-08-20,puebla,Mexico,1747,66,29,7
2024-08-20,querétaro,Mexico,1579,61,31,2
2024-08-20,baja california,Mexico,1519,52,9,3
2024-08-20,chihuahua,Mexico,1416,40,19,4
2024-08-20,sonora,Mexico,1376,65,26,3
2024-08-20,coahuila,Mexico,1534,309,281,5
2024-08-20,tamaulipas,Mexico,1117,40,15,4
2024-08-20,yucatán,Mexico,1466,54,30,10
2024-08-20,quintana roo,Mexico,1624,68,33,2
2024-08-20,michoacán,Mexico,1371,68,21,3
2024-08-20,morelos,Mexico,949,26,10,1
2024-08-20,tabasco,Mexico,1095,44,14,6
2024-08-20,guerrero,Mexico,627,22,10,2
2024-08-20,chiapas,Mexico,637,21,10,3
2024-08-20,san luis potosí,Mexico,627,21,9,0
2024-08-20,hidalgo,Mexico,630,25,18,4
2024-08-20,oaxaca,Mexico,307,13,6,0
2024-08-20,aguascalientes,Mexico,514,15,7,5
2024-08-20,zacatecas,Mexico,390,23,9,3
2024-08-20,baja california sur,Mexico,301,7,2,0
2024-08-20,durango,Mexico,327,16,8,0
2024-08-20,campeche,Mexico,387,25,12,1
2024-08-20,nayarit,Mexico,238,13,4,0
2024-08-20,colima,Mexico,304,14,3,0
2024-08-20,tlaxcala,Mexico,244,7,5,0
2024-08-21,mexico city,Mexico,16305,857,603,58
2024-08-21,méxico,Mexico,7196,259,133,36
2024-08-21,nuevo león,Mexico,5402,240,98,17
2024-08-21,jalisco,Mexico,6415,268,124,30
2024-08-21,veracruz,Mexico,2064,73,32,7
2024-08-21,guanajuato,Mexico,2028,75,32,8
2024-08-21,sinaloa,Mexico,1433,53,16,3
2024-08-21,puebla,Mexico,1935,64,26,8
2024-08-21,querétaro,Mexico,1659,62,23,3
2024-08-21,baja california,Mexico,1677,71,25,6
2024-08-21,chihuahua,Mexico,1492,45,18,4
2024-08-21,sonora,Mexico,1493,71,19,4
2024-08-21,coahuila,Mexico,1618,293,256,3
2024-08-21,tamaulipas,Mexico,1103,47,18,1
2024-08-21,yucatán,Mexico,1606,59,31,11
2024-08-21,quintana roo,Mexico,1792,61,30,5
2024-08-21,michoacán,Mexico,1476,56,20,12
2024-08-21,morelos,Mexico,963,47,20,6
2024-08-21,tabasco,Mexico,1087,42,20,1
2024-08-21,guerrero,Mexico,601,9,4,0
2024-08-21,chiapas,Mexico,636,36,20,1
2024-08-21,san luis potosí,Mexico,639,26,4,1
2024-08-21,hidalgo,Mexico,645,21,19,5
2024-08-21,oaxaca,Mexico,326,9,3,1
2024-08-21,aguascalientes,Mexico,585,23,11,2
2024-08-21,zacatecas,Mexico,465,15,5,0
2024-08-21,baja california sur,Mexico,314,13,6,1
2024-08-21,durango,Mexico,319,11,3,1
2024-08-21,campeche,Mexico,400,14,14,3
2024-08-21,nayarit,Mexico,297,6,2,0
2024-08-21,colima,Mexico,295,18,10,2
2024-08-21,tlaxcala,Mexico,293,15,10,2
2024-08-22,mexico city,Mexico,15791,832,552,59
2024-08-22,méxico,Mexico,7149,262,128,23
2024-08-22,nuevo león,Mexico,5577,196,88,19
2024-08-22,jalisco,Mexico,6289,249,100,22
2024-08-22,veracruz,Mexico,2000,68,30,12
2024-08-22,guanajuato,Mexico,2189,72,33,5
2024-08-22,sinaloa,Mexico,1420,53,20,8
2024-08-22,puebla,Mexico,1870,81,38,5
2024-08-22,querétaro,Mexico,1568,59,21,8
2024-08-22,baja california,Mexico,1603,57,13,2
2024-08-22,chihuahua,Mexico,1387,38,14,3
2024-08-22,sonora,Mexico,1582,70,27,4
2024-08-22,coahuila,Mexico,1506,234,210,2
2024-08-22,tamaulipas,Mexico,1163,45,18,5
2024-08-22,yucatán,Mexico,1512,70,32,5
2024-08-22,quintana roo,Mexico,1777,61,36,9
2024-08-22,michoacán,Mexico,1591,65,33,8
2024-08-22,morelos,Mexico,943,23,13,3
2024-08-22,tabasco,Mexico,1170,42,21,1
2024-08-22,guerrero,Mexico,623,16,8,1
2024-08-22,chiapas,Mexico,626,25,8,0
2024-08-22,san luis potosí,Mexico,637,23,7,3
2024-08-22,hidalgo,Mexico,692,27,12,2
2024-08-22,oaxaca,Mexico,347,16,3,1
2024-08-22,aguascalientes,Mexico,578,26,18,6
2024-08-22,zacatecas,Mexico,421,11,3,2
2024-08-22,baja california sur,Mexico,302,15,4,1
2024-08-22,durango,Mexico,355,10,5,1
2024-08-22,campeche,Mexico,402,16,10,1
2024-08-22,nayarit,Mexico,289,12,3,0
2024-08-22,colima,Mexico,301,16,2,0
2024-08-22,tlaxcala,Mexico,295,12,9,1
2024-08-23,mexico city,Mexico,17544,839,535,69
2024-08-23,méxico,Mexico,7987,270,129,28
2024-08-23,nuevo león,Mexico,6250,211,84,14
2024-08-23,jalisco,Mexico,6524,215,105,34
2024-08-23,veracruz,Mexico,2202,73,41,5
2024-08-23,guanajuato,Mexico,2435,69,23,7
2024-08-23,sinaloa,Mexico,1647,45,10,3
2024-08-23,puebla,Mexico,2178,46,28,3
2024-08-23,querétaro,Mexico,1662,52,27,6
2024-08-23,baja california,Mexico,1738,56,20,2
2024-08-23,chihuahua,Mexico,1521,52,20,2
2024-08-23,sonora,Mexico,1641,59,12,3
2024-08-23,coahuila,Mexico,1669,244,214,3
2024-08-23,tamaulipas,Mexico,1287,50,16,2
2024-08-23,yucatán,Mexico,1588,65,31,6
2024-08-23,quintana roo,Mexico,2073,70,35,8
2024-08-23,michoacán,Mexico,1572,52,23,1
2024-08-23,morelos,Mexico,1112,20,11,4
2024-08-23,tabasco,Mexico,1211,43,21,4
2024-08-23,guerrero,Mexico,708,17,11,1
2024-08-23,chiapas,Mexico,641,24,9,1
2024-08-23,san luis potosí,Mexico,616,24,9,1
2024-08-23,hidalgo,Mexico,725,20,13,3
2024-08-23,oaxaca,Mexico,362,12,2,1
2024-08-23,aguascalientes,Mexico,578,23,12,2
2024-08-23,zacatecas,Mexico,460,14,3,1
2024-08-23,baja california sur,Mexico,346,11,2,1
2024-08-23,durango,Mexico,344,9,5,2
2024-08-23,campeche,Mexico,502,11,7,3
2024-08-23,nayarit,Mexico,284,5,0,0
2024-08-23,colima,Mexico,324,19,9,1
2024-08-23,tlaxcala,Mexico,277,10,5,1
2024-08-24,mexico city,Mexico,15207,734,497,54
2024-08-24,méxico,Mexico,6751,217,129,30
2024-08-24,nuevo león,Mexico,5044,185,80,17
2024-08-24,jalisco,Mexico,5717,213,86,16
2024-08-24,veracruz,Mexico,2032,63,27,9
2024-08-24,guanajuato,Mexico,2150,61,29,5
2024-08-24,sinaloa,Mexico,1403,49,12,4
2024-08-24,puebla,Mexico,1784,57,20,3
2024-08-24,querétaro,Mexico,1554,50,17,4
2024-08-24,baja california,Mexico,1522,53,22,3
2024-08-24,chihuahua,Mexico,1393,44,18,1
2024-08-24,sonora,Mexico,1397,45,16,3
2024-08-24,coahuila,Mexico,1425,224,206,2
2024-08-24,tamaulipas,Mexico,1089,37,18,2
2024-08-24,yucatán,Mexico,1461,48,24,7
2024-08-24,quintana roo,Mexico,1657,68,31,6
2024-08-24,michoacán,Mexico,1289,43,17,3
2024-08-24,morelos,Mexico,1030,28,18,5
2024-08-24,tabasco,Mexico,1114,44,16,3
2024-08-24,guerrero,Mexico,604,15,4,1
2024-08-24,chiapas,Mexico,564,18,8,1
2024-08-24,san luis potosí,Mexico,589,24,9,1
2024-08-24,hidalgo,Mexico,668,26,15,4
2024-08-24,oaxaca,Mexico,338,12,6,1
2024-08-24,aguascalientes,Mexico,504,20,7,1
2024-08-24,zacatecas,Mexico,373,14,4,0
2024-08-24,baja california sur,Mexico,287,11,4,0
2024-08-24,durango,Mexico,339,11,3,1
2024-08-24,campeche,Mexico,440,9,7,2
2024-08-24,nayarit,Mexico,251,13,0,0
2024-08-24,colima,Mexico,294,15,5,1
2024-08-24,tlaxcala,Mexico,280,7,4,2
2024-08-25,mexico city,Mexico,15160,744,520,57
2024-08-25,méxico,Mexico,7228,205,87,20
2024-08-25,nuevo león,Mexico,5290,152,56,16
2024-08-25,jalisco,Mexico,5919,198,67,14
2024-08-25,veracruz,Mexico,2050,56,20,3
2024-08-25,guanajuato,Mexico,2321,85,41,7
2024-08-25,sinaloa,Mexico,1367,50,18,2
2024-08-25,puebla,Mexico,1771,48,21,6
2024-08-25,querétaro,Mexico,1446,38,18,8
2024-08-25,baja california,Mexico,1649,63,17,5
2024-08-25,chihuahua,Mexico,1467,50,19,4
2024-08-25,sonora,Mexico,1433,52,20,2
2024-08-25,coahuila,Mexico,1501,228,205,3
2024-08-25,tamaulipas,Mexico,1148,21,11,2
2024-08-25,yucatán,Mexico,1504,40,25,6
2024-08-25,quintana roo,Mexico,1718,51,14,0
2024-08-25,michoacán,Mexico,1362,48,29,8
2024-08-25,morelos,Mexico,1108,44,17,3
2024-08-25,tabasco,Mexico,1109,29,9,1
2024-08-25,guerrero,Mexico,576,20,7,2
2024-08-25,chiapas,Mexico,538,18,6,2
2024-08-25,san luis potosí,Mexico,621,15,7,5
2024-08-25,hidalgo,Mexico,702,30,20,4
2024-08-25,oaxaca,Mexico,342,12,9,3
2024-08-25,aguascalientes,Mexico,582,18,12,1
2024-08-25,zacatecas,Mexico,406,10,5,1
2024-08-25,baja california sur,Mexico,315,9,6,1
2024-08-25,durango,Mexico,333,9,10,4
2024-08-25,campeche,Mexico,439,16,6,3
2024-08-25,nayarit,Mexico,239,9,5,1
2024-08-25,colima,Mexico,303,8,6,2
2024-08-25,tlaxcala,Mexico,286,12,2,0
2024-08-26,mexico city,Mexico,17358,854,568,72
2024-08-26,méxico,Mexico,7712,318,206,33
2024-08-26,nuevo león,Mexico,6650,253,104,31
2024-08-26,jalisco,Mexico,6837,269,96,15
2024-08-26,veracruz,Mexico,2324,81,32,7
2024-08-26,guanajuato,Mexico,2710,86,53,17
2024-08-26,sinaloa,Mexico,1706,65,20,5
2024-08-26,puebla,Mexico,2081,73,14,3
2024-08-26,querétaro,Mexico,1802,67,17,2
2024-08-26,baja california,Mexico,1917,78,27,4
2024-08-26,chihuahua,Mexico,1589,65,16,6
2024-08-26,sonora,Mexico,1654,63,20,7
2024-08-26,coahuila,Mexico,1797,219,172,3
2024-08-26,tamaulipas,Mexico,1400,53,24,4
2024-08-26,yucatán,Mexico,1849,74,30,9
2024-08-26,quintana roo,Mexico,1899,67,32,4
2024-08-26,michoacán,Mexico,1612,57,27,10
2024-08-26,morelos,Mexico,1153,43,19,4
2024-08-26,tabasco,Mexico,1301,35,12,1
2024-08-26,guerrero,Mexico,711,16,5,1
2024-08-26,chiapas,Mexico,646,27,9,2
2024-08-26,san luis potosí,Mexico,777,20,5,3
2024-08-26,hidalgo,Mexico,766,27,3,1
2024-08-26,oaxaca,Mexico,381,11,3,2
2024-08-26,aguascalientes,Mexico,669,24,14,4
2024-08-26,zacatecas,Mexico,459,13,5,1
2024-08-26,baja california sur,Mexico,370,15,0,0
2024-08-26,durango,Mexico,402,20,7,3
2024-08-26,campeche,Mexico,477,13,5,1
2024-08-26,nayarit,Mexico,253,10,2,0
2024-08-26,colima,Mexico,335,13,5,1
2024-08-26,tlaxcala,Mexico,321,17,1,0
2024-08-27,mexico city,Mexico,19042,961,545,69
2024-08-27,méxico,Mexico,8694,373,209,27
2024-08-27,nuevo león,Mexico,7265,237,92,19
2024-08-27,jalisco,Mexico,7532,253,96,30
2024-08-27,veracruz,Mexico,2824,96,38,13
2024-08-27,guanajuato,Mexico,2988,86,31,8
2024-08-27,sinaloa,Mexico,1790,52,21,6
2024-08-27,puebla,Mexico,2402,68,23,5
2024-08-27,querétaro,Mexico,1936,66,27,8
2024-08-27,baja california,Mexico,2105,64,17,4
2024-08-27,chihuahua,Mexico,1799,56,17,3
2024-08-27,sonora,Mexico,1675,57,20,2
2024-08-27,coahuila,Mexico,1877,189,168,5
2024-08-27,tamaulipas,Mexico,1529,45,12,3
2024-08-27,yucatán,Mexico,2115,81,35,5
2024-08-27,quintana roo,Mexico,2177,69,26,4
2024-08-27,michoacán,Mexico,1746,55,13,1
2024-08-27,morelos,Mexico,1367,53,12,1
2024-08-27,tabasco,Mexico,1464,39,24,3
2024-08-27,guerrero,Mexico,879,27,14,3
2024-08-27,chiapas,Mexico,804,27,8,1
2024-08-27,san luis potosí,Mexico,810,15,9,2
2024-08-27,hidalgo,Mexico,846,23,7,2
2024-08-27,oaxaca,Mexico,443,17,10,3
2024-08-27,aguascalientes,Mexico,707,24,8,4
2024-08-27,zacatecas,Mexico,533,23,7,2
2024-08-27,baja california sur,Mexico,454,8,2,0
2024-08-27,durango,Mexico,430,15,3,1
2024-08-27,campeche,Mexico,575,20,3,0
2024-08-27,nayarit,Mexico,286,7,2,0
2024-08-27,colima,Mexico,411,21,7,0
2024-08-27,tlaxcala,Mexico,435,12,5,0
2024-08-28,mexico city,Mexico,15381,789,564,78
2024-08-28,méxico,Mexico,6858,341,214,30
2024-08-28,nuevo león,Mexico,5388,208,96,33
2024-08-28,jalisco,Mexico,6129,220,90,25
2024-08-28,veracruz,Mexico,2059,49,27,5
2024-08-28,guanajuato,Mexico,2160,75,47,5
2024-08-28,sinaloa,Mexico,1305,56,25,9
2024-08-28,puebla,Mexico,1789,47,23,4
2024-08-28,querétaro,Mexico,1477,48,23,5
2024-08-28,baja california,Mexico,1613,55,21,5
2024-08-28,chihuahua,Mexico,1301,45,13,3
2024-08-28,sonora,Mexico,1251,43,12,2
2024-08-28,coahuila,Mexico,1380,187,166,3
2024-08-28,tamaulipas,Mexico,1126,39,11,3
2024-08-28,yucatán,Mexico,1560,66,25,8
2024-08-28,quintana roo,Mexico,1739,70,30,7
2024-08-28,michoacán,Mexico,1278,36,14,5
2024-08-28,morelos,Mexico,939,31,14,3
2024-08-28,tabasco,Mexico,1165,35,22,5
2024-08-28,guerrero,Mexico,581,22,10,1
2024-08-28,chiapas,Mexico,582,14,13,2
2024-08-28,san luis potosí,Mexico,637,21,7,3
2024-08-28,hidalgo,Mexico,664,25,16,1
2024-08-28,oaxaca,Mexico,357,14,8,5
2024-08-28,aguascalientes,Mexico,542,24,5,1
2024-08-28,zacatecas,Mexico,385,13,2,0
2024-08-28,baja california sur,Mexico,367,18,3,0
2024-08-28,durango,Mexico,252,6,2,0
2024-08-28,campeche,Mexico,420,16,6,0
2024-08-28,nayarit,Mexico,218,10,3,1
2024-08-28,colima,Mexico,260,13,0,0
2024-08-28,tlaxcala,Mexico,278,9,2,0
2024-08-29,mexico city,Mexico,13597,723,539,61
2024-08-29,méxico,Mexico,6455,308,211,22
2024-08-29,nuevo león,Mexico,4805,156,75,24
2024-08-29,jalisco,Mexico,5465,201,111,27
2024-08-29,veracruz,Mexico,1811,60,20,7
2024-08-29,guanajuato,Mexico,2014,64,30,5
2024-08-29,sinaloa,Mexico,1107,30,11,3
2024-08-29,puebla,Mexico,1602,57,26,4
2024-08-29,querétaro,Mexico,1352,55,17,4
2024-08-29,baja california,Mexico,1293,44,13,4
2024-08-29,chihuahua,Mexico,1171,32,23,2
2024-08-29,sonora,Mexico,1155,48,20,4
2024-08-29,coahuila,Mexico,1276,177,164,2
2024-08-29,tamaulipas,Mexico,988,29,16,5
2024-08-29,yucatán,Mexico,1407,56,34,6
2024-08-29,quintana roo,Mexico,1606,57,23,4
2024-08-29,michoacán,Mexico,1174,46,14,2
2024-08-29,morelos,Mexico,887,33,9,1
2024-08-29,tabasco,Mexico,1026,34,12,3
2024-08-29,guerrero,Mexico,547,14,9,2
2024-08-29,chiapas,Mexico,551,23,17,4
2024-08-29,san luis potosí,Mexico,605,15,9,3
2024-08-29,hidalgo,Mexico,627,23,8,1
2024-08-29,oaxaca,Mexico,341,12,2,0
2024-08-29,aguascalientes,Mexico,502,17,12,6
2024-08-29,zacatecas,Mexico,356,13,3,1
2024-08-29,baja california sur,Mexico,257,9,3,0
2024-08-29,durango,Mexico,294,8,6,0
2024-08-29,campeche,Mexico,455,12,6,3
2024-08-29,nayarit,Mexico,213,8,1,0
2024-08-29,colima,Mexico,222,12,4,1
2024-08-29,tlaxcala,Mexico,242,11,1,0
2024-08-30,mexico city,Mexico,15759,816,524,71
2024-08-30,méxico,Mexico,7415,331,220,22
2024-08-30,nuevo león,Mexico,5643,193,81,13
2024-08-30,jalisco,Mexico,6515,247,91,30
2024-08-30,veracruz,Mexico,2106,60,14,2
2024-08-30,guanajuato,Mexico,2373,90,40,11
2024-08-30,sinaloa,Mexico,1426,49,20,4
2024-08-30,puebla,Mexico,1866,62,32,9
2024-08-30,querétaro,Mexico,1729,62,27,8
2024-08-30,baja california,Mexico,1511,51,27,5
2024-08-30,chihuahua,Mexico,1329,34,17,6
2024-08-30,sonora,Mexico,1293,38,9,0
2024-08-30,coahuila,Mexico,1481,196,171,3
2024-08-30,tamaulipas,Mexico,1212,43,11,2
2024-08-30,yucatán,Mexico,1663,62,28,8
2024-08-30,quintana roo,Mexico,1822,63,30,5
2024-08-30,michoacán,Mexico,1354,47,26,7
2024-08-30,morelos,Mexico,1059,33,21,3
2024-08-30,tabasco,Mexico,1132,28,13,3
2024-08-30,guerrero,Mexico,604,20,12,2
2024-08-30,chiapas,Mexico,574,17,6,2
2024-08-30,san luis potosí,Mexico,645,26,12,3
2024-08-30,hidalgo,Mexico,698,25,12,2
2024-08-30,oaxaca,Mexico,396,14,5,2
2024-08-30,aguascalientes,Mexico,629,27,13,3
2024-08-30,zacatecas,Mexico,424,18,6,0
2024-08-30,baja california sur,Mexico,340,13,6,3
2024-08-30,durango,Mexico,305,7,6,1
2024-08-30,campeche,Mexico,531,17,7,3
2024-08-30,nayarit,Mexico,220,7,1,0
2024-08-30,colima,Mexico,308,15,4,0
2024-08-30,tlaxcala,Mexico,299,11,7,1
2024-08-31,mexico city,Mexico,19133,932,538,67
2024-08-31,méxico,Mexico,8933,362,205,25
2024-08-31,nuevo león,Mexico,7087,254,86,14
2024-08-31,jalisco,Mexico,8165,276,106,33
2024-08-31,veracruz,Mexico,2673,87,36,10
2024-08-31,guanajuato,Mexico,2926,90,35,11
2024-08-31,sinaloa,Mexico,1775,68,29,4
2024-08-31,puebla,Mexico,2549,68,25,3
2024-08-31,querétaro,Mexico,2161,77,24,11
2024-08-31,baja california,Mexico,2003,67,17,5
2024-08-31,chihuahua,Mexico,1674,59,23,5
2024-08-31,sonora,Mexico,1681,72,23,6
2024-08-31,coahuila,Mexico,1871,181,160,1
2024-08-31,tamaulipas,Mexico,1522,51,23,7
2024-08-31,yucatán,Mexico,2010,79,32,4
2024-08-31,quintana roo,Mexico,2127,75,31,7
2024-08-31,michoacán,Mexico,1705,52,20,9
2024-08-31,morelos,Mexico,1281,44,19,6
2024-08-31,tabasco,Mexico,1367,43,20,6
2024-08-31,guerrero,Mexico,814,26,16,2
2024-08-31,chiapas,Mexico,763,36,10,2
2024-08-31,san luis potosí,Mexico,792,34,8,1
2024-08-31,hidalgo,Mexico,776,31,17,5
2024-08-31,oaxaca,Mexico,464,11,6,3
2024-08-31,aguascalientes,Mexico,629,30,14,4
2024-08-31,zacatecas,Mexico,519,23,8,1
2024-08-31,baja california sur,Mexico,412,14,2,2
2024-08-31,durango,Mexico,414,15,2,1
2024-08-31,campeche,Mexico,603,19,5,2
2024-08-31,nayarit,Mexico,333,9,5,1
2024-08-31,colima,Mexico,403,18,1,1
2024-08-31,tlaxcala,Mexico,380,14,8,2
2024-09-01,mexico city,Mexico,16104,805,508,60
2024-09-01,méxico,Mexico,7829,336,187,25
2024-09-01,nuevo león,Mexico,6513,215,68,17
2024-09-01,jalisco,Mexico,7231,301,91,29
2024-09-01,veracruz,Mexico,2469,86,30,8
2024-09-01,guanajuato,Mexico,2616,92,26,5
2024-09-01,sinaloa,Mexico,1631,70,15,3
2024-09-01,puebla,Mexico,2168,59,23,5
2024-09-01,querétaro,Mexico,1824,81,21,7
2024-09-01,baja california,Mexico,1842,54,20,4
2024-09-01,chihuahua,Mexico,1638,62,23,5
2024-09-01,sonora,Mexico,1575,68,17,3
2024-09-01,coahuila,Mexico,1873,201,171,8
2024-09-01,tamaulipas,Mexico,1526,44,21,4
2024-09-01,yucatán,Mexico,1771,56,29,14
2024-09-01,quintana roo,Mexico,1917,61,15,2
2024-09-01,michoacán,Mexico,1500,46,17,5
2024-09-01,morelos,Mexico,1183,43,17,3
2024-09-01,tabasco,Mexico,1319,51,10,4
2024-09-01,guerrero,Mexico,727,22,9,1
2024-09-01,chiapas,Mexico,647,20,9,3
2024-09-01,san luis potosí,Mexico,776,22,10,2
2024-09-01,hidalgo,Mexico,779,30,14,2
2024-09-01,oaxaca,Mexico,400,11,2,0
2024-09-01,aguascalientes,Mexico,615,22,11,4
2024-09-01,zacatecas,Mexico,495,15,3,1
2024-09-01,baja california sur,Mexico,406,14,6,1
2024-09-01,durango,Mexico,436,15,6,0
2024-09-01,campeche,Mexico,621,21,10,5
2024-09-01,nayarit,Mexico,279,13,2,0
2024-09-01,colima,Mexico,357,12,3,1
2024-09-01,tlaxcala,Mexico,312,16,7,2
2024-09-02,mexico city,Mexico,17207,806,440,62
2024-09-02,méxico,Mexico,7691,349,189,29
2024-09-02,nuevo león,Mexico,5854,177,83,19
2024-09-02,jalisco,Mexico,6815,226,109,41
2024-09-02,veracruz,Mexico,2265,59,27,8
2024-09-02,guanajuato,Mexico,2318,82,23,9
2024-09-02,sinaloa,Mexico,1526,51,19,7
2024-09-02,puebla,Mexico,2060,45,20,4
2024-09-02,querétaro,Mexico,1834,58,31,9
2024-09-02,baja california,Mexico,1749,52,13,2
2024-09-02,chihuahua,Mexico,1437,54,22,5
2024-09-02,sonora,Mexico,1386,37,15,2
2024-09-02,coahuila,Mexico,1591,185,102,5
2024-09-02,tamaulipas,Mexico,1198,33,15,7
2024-09-02,yucatán,Mexico,1794,50,30,8
2024-09-02,quintana roo,Mexico,1909,60,30,5
2024-09-02,michoacán,Mexico,1494,47,29,5
2024-09-02,morelos,Mexico,1053,41,19,4
2024-09-02,tabasco,Mexico,1238,40,21,7
2024-09-02,guerrero,Mexico,656,18,9,2
2024-09-02,chiapas,Mexico,661,25,7,3
2024-09-02,san luis potosí,Mexico,665,17,2,0
2024-09-02,hidalgo,Mexico,734,28,12,0
2024-09-02,oaxaca,Mexico,381,11,3,0
2024-09-02,aguascalientes,Mexico,580,17,6,0
2024-09-02,zacatecas,Mexico,438,15,6,1
2024-09-02,baja california sur,Mexico,326,7,3,1
2024-09-02,durango,Mexico,381,12,7,1
2024-09-02,campeche,Mexico,501,15,7,3
2024-09-02,nayarit,Mexico,241,5,4,0
2024-09-02,colima,Mexico,319,13,4,3
2024-09-02,tlaxcala,Mexico,267,10,7,2
2024-09-03,mexico city,Mexico,17830,916,480,67
2024-09-03,méxico,Mexico,8418,395,248,34
2024-09-03,nuevo león,Mexico,5778,213,85,17
2024-09-03,jalisco,Mexico,7079,243,102,25
2024-09-03,veracruz,Mexico,2255,70,22,8
2024-09-03,guanajuato,Mexico,2441,80,25,5
2024-09-03,sinaloa,Mexico,1603,54,17,5
2024-09-03,puebla,Mexico,2176,67,26,9
2024-09-03,querétaro,Mexico,1880,54,23,8
2024-09-03,baja california,Mexico,1696,60,17,4
2024-09-03,chihuahua,Mexico,1451,40,16,1
2024-09-03,sonora,Mexico,1396,42,8,2
2024-09-03,coahuila,Mexico,1584,185,111,7
2024-09-03,tamaulipas,Mexico,1304,30,15,2
2024-09-03,yucatán,Mexico,1888,69,27,7
2024-09-03,quintana roo,Mexico,1819,54,24,3
2024-09-03,michoacán,Mexico,1425,46,18,5
2024-09-03,morelos,Mexico,1128,41,20,5
2024-09-03,tabasco,Mexico,1289,51,23,7
2024-09-03,guerrero,Mexico,714,18,3,2
2024-09-03,chiapas,Mexico,668,27,8,3
2024-09-03,san luis potosí,Mexico,704,22,6,3
2024-09-03,hidalgo,Mexico,838,36,15,2
2024-09-03,oaxaca,Mexico,415,15,3,0
2024-09-03,aguascalientes,Mexico,568,15,6,2
2024-09-03,zacatecas,Mexico,446,8,1,0
2024-09-03,baja california sur,Mexico,362,7,2,1
2024-09-03,durango,Mexico,341,12,5,2
2024-09-03,campeche,Mexico,498,16,4,1
2024-09-03,nayarit,Mexico,250,5,2,1
2024-09-03,colima,Mexico,347,13,4,0
2024-09-03,tlaxcala,Mexico,348,13,9,0
2024-09-04,mexico city,Mexico,16815,868,588,59
2024-09-04,méxico,Mexico,7669,431,311,33
2024-09-04,nuevo león,Mexico,5325,191,58,17
2024-09-04,jalisco,Mexico,6764,228,89,24
2024-09-04,veracruz,Mexico,2265,78,31,8
2024-09-04,guanajuato,Mexico,2416,83,30,5
2024-09-04,sinaloa,Mexico,1449,50,13,2
2024-09-04,puebla,Mexico,2140,72,27,5
2024-09-04,querétaro,Mexico,1763,54,10,1
2024-09-04,baja california,Mexico,1530,37,15,1
2024-09-04,chihuahua,Mexico,1406,41,21,4
2024-09-04,sonora,Mexico,1404,50,15,3
2024-09-04,coahuila,Mexico,1521,202,167,5
2024-09-04,tamaulipas,Mexico,1190,27,11,5
2024-09-04,yucatán,Mexico,1798,45,21,8
2024-09-04,quintana roo,Mexico,1787,67,29,5
2024-09-04,michoacán,Mexico,1435,51,20,6
2024-09-04,morelos,Mexico,1103,32,17,1
2024-09-04,tabasco,Mexico,1288,34,16,5
2024-09-04,guerrero,Mexico,668,13,4,2
2024-09-04,chiapas,Mexico,686,25,10,2
2024-09-04,san luis potosí,Mexico,686,22,9,1
2024-09-04,hidalgo,Mexico,726,22,20,7
2024-09-04,oaxaca,Mexico,407,10,4,1
2024-09-04,aguascalientes,Mexico,542,11,9,1
2024-09-04,zacatecas,Mexico,463,19,5,1
2024-09-04,baja california sur,Mexico,329,10,2,0
2024-09-04,durango,Mexico,308,9,3,0
2024-09-04,campeche,Mexico,489,14,4,0
2024-09-04,nayarit,Mexico,241,5,2,0
2024-09-04,colima,Mexico,371,19,11,4
2024-09-04,tlaxcala,Mexico,324,12,6,0
2024-09-05,mexico city,Mexico,23270,1069,581,69
2024-09-05,méxico,Mexico,10884,473,296,40
2024-09-05,nuevo león,Mexico,8398,258,51,12
2024-09-05,jalisco,Mexico,9434,294,106,23
2024-09-05,veracruz,Mexico,3426,111,28,2
2024-09-05,guanajuato,Mexico,3492,97,26,5
2024-09-05,sinaloa,Mexico,2179,69,20,5
2024-09-05,puebla,Mexico,3034,68,27,2
2024-09-05,querétaro,Mexico,2452,78,25,7
2024-09-05,baja california,Mexico,2278,77,15,4
2024-09-05,chihuahua,Mexico,2019,62,20,3
2024-09-05,sonora,Mexico,2023,47,10,1
2024-09-05,coahuila,Mexico,2316,217,163,3
2024-09-05,tamaulipas,Mexico,1928,59,28,4
2024-09-05,yucatán,Mexico,2585,82,32,9
2024-09-05,quintana roo,Mexico,2485,72,22,6
2024-09-05,michoacán,Mexico,2109,52,16,4
2024-09-05,morelos,Mexico,1693,38,18,7
2024-09-05,tabasco,Mexico,1627,46,13,2
2024-09-05,guerrero,Mexico,990,23,7,3
2024-09-05,chiapas,Mexico,914,28,15,1
2024-09-05,san luis potosí,Mexico,1098,40,6,2
2024-09-05,hidalgo,Mexico,1119,27,13,1
2024-09-05,oaxaca,Mexico,551,11,4,2
2024-09-05,aguascalientes,Mexico,843,30,3,0
2024-09-05,zacatecas,Mexico,682,16,7,2
2024-09-05,baja california sur,Mexico,506,17,4,0
2024-09-05,durango,Mexico,519,16,6,4
2024-09-05,campeche,Mexico,748,20,5,1
2024-09-05,nayarit,Mexico,368,12,6,1
2024-09-05,colima,Mexico,485,11,5,0
2024-09-05,tlaxcala,Mexico,466,15,2,1
2024-09-06,mexico city,Mexico,22496,961,600,62
2024-09-06,méxico,Mexico,10213,426,248,33
2024-09-06,nuevo león,Mexico,8006,248,73,20
2024-09-06,jalisco,Mexico,8905,254,100,29
2024-09-06,veracruz,Mexico,3150,98,38,6
2024-09-06,guanajuato,Mexico,3269,84,36,11
2024-09-06,sinaloa,Mexico,2108,64,25,3
2024-09-06,puebla,Mexico,2959,67,21,3
2024-09-06,querétaro,Mexico,2312,86,35,5
2024-09-06,baja california,Mexico,2208,62,14,5
2024-09-06,chihuahua,Mexico,1864,61,16,4
2024-09-06,sonora,Mexico,1912,49,14,2
2024-09-06,coahuila,Mexico,2074,193,153,2
2024-09-06,tamaulipas,Mexico,1852,45,16,2
2024-09-06,yucatán,Mexico,2451,91,24,4
2024-09-06,quintana roo,Mexico,2493,64,24,5
2024-09-06,michoacán,Mexico,2026,45,10,1
2024-09-06,morelos,Mexico,1504,38,14,5
2024-09-06,tabasco,Mexico,1547,39,12,0
2024-09-06,guerrero,Mexico,912,21,8,2
2024-09-06,chiapas,Mexico,804,19,7,1
2024-09-06,san luis potosí,Mexico,1021,30,13,2
2024-09-06,hidalgo,Mexico,1066,31,11,3
2024-09-06,oaxaca,Mexico,481,12,7,1
2024-09-06,aguascalientes,Mexico,743,18,6,2
2024-09-06,zacatecas,Mexico,600,18,3,1
2024-09-06,baja california sur,Mexico,442,14,4,2
2024-09-06,durango,Mexico,441,15,3,0
2024-09-06,campeche,Mexico,755,13,5,0
2024-09-06,nayarit,Mexico,301,9,3,0
2024-09-06,colima,Mexico,463,15,2,0
2024-09-06,tlaxcala,Mexico,440,12,5,0
2024-09-07,mexico city,Mexico,25818,1124,598,64
2024-09-07,méxico,Mexico,12260,502,252,23
2024-09-07,nuevo león,Mexico,9050,231,77,27
2024-09-07,jalisco,Mexico,10052,328,77,19
2024-09-07,veracruz,Mexico,3699,97,24,3
2024-09-07,guanajuato,Mexico,3793,87,33,6
2024-09-07,sinaloa,Mexico,2169,56,16,4
2024-09-07,puebla,Mexico,3252,79,26,4
2024-09-07,querétaro,Mexico,2826,94,36,5
2024-09-07,baja california,Mexico,2275,79,15,4
2024-09-07,chihuahua,Mexico,2247,70,19,6
2024-09-07,sonora,Mexico,2113,50,14,3
2024-09-07,coahuila,Mexico,2291,188,159,2
2024-09-07,tamaulipas,Mexico,1830,38,13,2
2024-09-07,yucatán,Mexico,2764,62,23,7
2024-09-07,quintana roo,Mexico,2856,71,16,5
2024-09-07,michoacán,Mexico,2389,62,14,3
2024-09-07,morelos,Mexico,1681,46,11,5
2024-09-07,tabasco,Mexico,1871,51,17,3
2024-09-07,guerrero,Mexico,1105,26,5,0
2024-09-07,chiapas,Mexico,934,18,8,1
2024-09-07,san luis potosí,Mexico,1095,34,6,2
2024-09-07,hidalgo,Mexico,1353,33,11,1
2024-09-07,oaxaca,Mexico,556,12,2,2
2024-09-07,aguascalientes,Mexico,862,29,8,1
2024-09-07,zacatecas,Mexico,699,19,3,1
2024-09-07,baja california sur,Mexico,487,16,4,4
2024-09-07,durango,Mexico,486,5,1,0
2024-09-07,campeche,Mexico,917,17,9,0
2024-09-07,nayarit,Mexico,385,11,4,1
2024-09-07,colima,Mexico,494,16,1,1
2024-09-07,tlaxcala,Mexico,520,19,9,3
2024-09-08,mexico city,Mexico,20718,1048,619,76
2024-09-08,méxico,Mexico,10456,486,285,42
2024-09-08,nuevo león,Mexico,7556,293,55,16
2024-09-08,jalisco,Mexico,9466,374,118,28
2024-09-08,veracruz,Mexico,3008,81,28,3
2024-09-08,guanajuato,Mexico,3044,71,27,7
2024-09-08,sinaloa,Mexico,2000,59,19,7
2024-09-08,puebla,Mexico,2556,59,27,6
2024-09-08,querétaro,Mexico,2602,109,36,8
2024-09-08,baja california,Mexico,2318,81,25,6
2024-09-08,chihuahua,Mexico,2423,98,33,7
2024-09-08,sonora,Mexico,1970,53,11,3
2024-09-08,coahuila,Mexico,1939,196,163,6
2024-09-08,tamaulipas,Mexico,1542,44,23,5
2024-09-08,yucatán,Mexico,2081,58,28,6
2024-09-08,quintana roo,Mexico,2235,64,29,6
2024-09-08,michoacán,Mexico,2092,75,21,3
2024-09-08,morelos,Mexico,1390,35,11,1
2024-09-08,tabasco,Mexico,1526,53,24,6
2024-09-08,guerrero,Mexico,834,23,7,1
2024-09-08,chiapas,Mexico,800,25,8,2
2024-09-08,san luis potosí,Mexico,937,24,9,2
2024-09-08,hidalgo,Mexico,1077,32,7,3
2024-09-08,oaxaca,Mexico,487,16,4,1
2024-09-08,aguascalientes,Mexico,766,22,7,0
2024-09-08,zacatecas,Mexico,553,18,3,2
2024-09-08,baja california sur,Mexico,487,19,4,1
2024-09-08,durango,Mexico,419,15,6,2
2024-09-08,campeche,Mexico,693,14,4,1
2024-09-08,nayarit,Mexico,291,15,7,2
2024-09-08,colima,Mexico,416,12,2,0
2024-09-08,tlaxcala,Mexico,550,27,3,0
2024-09-09,mexico city,Mexico,21080,1045,693,78
2024-09-09,méxico,Mexico,9879,470,300,35
2024-09-09,nuevo león,Mexico,7496,285,103,22
2024-09-09,jalisco,Mexico,9192,346,123,28
2024-09-09,veracruz,Mexico,2560,61,21,6
2024-09-09,guanajuato,Mexico,2979,94,46,6
2024-09-09,sinaloa,Mexico,2025,63,15,0
2024-09-09,puebla,Mexico,2633,62,28,7
2024-09-09,querétaro,Mexico,2436,109,42,14
2024-09-09,baja california,Mexico,2046,43,15,0
2024-09-09,chihuahua,Mexico,2200,97,23,7
2024-09-09,sonora,Mexico,1695,54,25,7
2024-09-09,coahuila,Mexico,1973,198,167,8
2024-09-09,tamaulipas,Mexico,1525,56,19,4
2024-09-09,yucatán,Mexico,2163,65,31,4
2024-09-09,quintana roo,Mexico,2172,70,29,7
2024-09-09,michoacán,Mexico,1903,49,16,5
2024-09-09,morelos,Mexico,1303,26,20,2
2024-09-09,tabasco,Mexico,1404,44,20,3
2024-09-09,guerrero,Mexico,716,14,7,1
2024-09-09,chiapas,Mexico,675,16,8,1
2024-09-09,san luis potosí,Mexico,849,29,11,2
2024-09-09,hidalgo,Mexico,955,38,15,4
2024-09-09,oaxaca,Mexico,434,9,5,1
2024-09-09,aguascalientes,Mexico,680,24,12,2
2024-09-09,zacatecas,Mexico,508,15,10,3
2024-09-09,baja california sur,Mexico,385,8,2,1
2024-09-09,durango,Mexico,441,17,11,3
2024-09-09,campeche,Mexico,618,24,11,3
2024-09-09,nayarit,Mexico,259,9,2,1
2024-09-09,colima,Mexico,390,11,5,1
2024-09-09,tlaxcala,Mexico,476,16,7,2
2024-09-10,mexico city,Mexico,18008,936,567,67
2024-09-10,méxico,Mexico,8955,426,249,37
2024-09-10,nuevo león,Mexico,6347,213,81,24
2024-09-10,jalisco,Mexico,8373,365,130,30
2024-09-10,veracruz,Mexico,2234,40,26,3
2024-09-10,guanajuato,Mexico,2461,77,29,7
2024-09-10,sinaloa,Mexico,1556,63,17,4
2024-09-10,puebla,Mexico,2270,55,30,3
2024-09-10,querétaro,Mexico,2211,80,33,11
2024-09-10,baja california,Mexico,1725,42,11,1
2024-09-10,chihuahua,Mexico,2133,74,22,3
2024-09-10,sonora,Mexico,1370,45,13,3
2024-09-10,coahuila,Mexico,1559,179,155,2
2024-09-10,tamaulipas,Mexico,1298,34,16,2
2024-09-10,yucatán,Mexico,1842,55,26,10
2024-09-10,quintana roo,Mexico,1958,70,34,6
2024-09-10,michoacán,Mexico,1727,59,16,6
2024-09-10,morelos,Mexico,1049,29,5,1
2024-09-10,tabasco,Mexico,1238,37,26,6
2024-09-10,guerrero,Mexico,601,15,9,1
2024-09-10,chiapas,Mexico,590,20,7,4
2024-09-10,san luis potosí,Mexico,679,20,11,3
2024-09-10,hidalgo,Mexico,915,33,13,4
2024-09-10,oaxaca,Mexico,388,14,6,4
2024-09-10,aguascalientes,Mexico,615,19,13,1
2024-09-10,zacatecas,Mexico,403,7,1,0
2024-09-10,baja california sur,Mexico,332,12,4,1
2024-09-10,durango,Mexico,291,5,0,0
2024-09-10,campeche,Mexico,441,19,6,1
2024-09-10,nayarit,Mexico,268,7,1,1
2024-09-10,colima,Mexico,283,9,4,0
2024-09-10,tlaxcala,Mexico,468,22,11,1
2024-09-11,mexico city,Mexico,15684,895,590,73
2024-09-11,méxico,Mexico,7662,403,255,34
2024-09-11,nuevo león,Mexico,5169,171,84,24
2024-09-11,jalisco,Mexico,7740,317,110,29
2024-09-11,veracruz,Mexico,1727,46,35,10
2024-09-11,guanajuato,Mexico,2057,56,32,8
2024-09-11,sinaloa,Mexico,1280,46,14,4
2024-09-11,puebla,Mexico,1811,64,45,7
2024-09-11,querétaro,Mexico,1948,84,31,8
2024-09-11,baja california,Mexico,1460,45,17,2
2024-09-11,chihuahua,Mexico,1985,76,17,6
2024-09-11,sonora,Mexico,1263,33,10,0
2024-09-11,coahuila,Mexico,1320,184,155,5
2024-09-11,tamaulipas,Mexico,1054,36,13,4
2024-09-11,yucatán,Mexico,1515,45,26,5
2024-09-11,quintana roo,Mexico,1588,49,24,6
2024-09-11,michoacán,Mexico,1468,42,14,3
2024-09-11,morelos,Mexico,896,28,7,2
2024-09-11,tabasco,Mexico,977,16,17,3
2024-09-11,guerrero,Mexico,568,10,5,2
2024-09-11,chiapas,Mexico,452,11,8,2
2024-09-11,san luis potosí,Mexico,575,17,7,1
2024-09-11,hidalgo,Mexico,776,36,19,10
2024-09-11,oaxaca,Mexico,339,9,4,2
2024-09-11,aguascalientes,Mexico,582,23,11,4
2024-09-11,zacatecas,Mexico,379,8,2,2
2024-09-11,baja california sur,Mexico,306,13,4,2
2024-09-11,durango,Mexico,310,17,10,3
2024-09-11,campeche,Mexico,365,11,3,0
2024-09-11,nayarit,Mexico,197,7,3,2
2024-09-11,colima,Mexico,266,10,4,0
2024-09-11,tlaxcala,Mexico,409,21,7,2
2024-09-12,mexico city,Mexico,18615,913,578,46
2024-09-12,méxico,Mexico,9151,435,272,26
2024-09-12,nuevo león,Mexico,6364,190,76,19
2024-09-12,jalisco,Mexico,8530,299,102,18
2024-09-12,veracruz,Mexico,2199,57,34,7
2024-09-12,guanajuato,Mexico,2347,75,28,5
2024-09-12,sinaloa,Mexico,1496,42,27,8
2024-09-12,puebla,Mexico,2295,54,30,8
2024-09-12,querétaro,Mexico,2090,75,27,6
2024-09-12,baja california,Mexico,1731,57,16,4
2024-09-12,chihuahua,Mexico,2003,61,19,4
2024-09-12,sonora,Mexico,1506,41,21,2
2024-09-12,coahuila,Mexico,1525,178,147,0
2024-09-12,tamaulipas,Mexico,1272,24,5,0
2024-09-12,yucatán,Mexico,1824,52,37,13
2024-09-12,quintana roo,Mexico,1866,44,31,6
2024-09-12,michoacán,Mexico,1794,48,16,3
2024-09-12,morelos,Mexico,1070,26,11,3
2024-09-12,tabasco,Mexico,1127,39,18,1
2024-09-12,guerrero,Mexico,593,15,3,1
2024-09-12,chiapas,Mexico,622,23,4,2
2024-09-12,san luis potosí,Mexico,779,20,5,1
2024-09-12,hidalgo,Mexico,836,22,6,0
2024-09-12,oaxaca,Mexico,417,14,9,2
2024-09-12,aguascalientes,Mexico,584,18,5,1
2024-09-12,zacatecas,Mexico,485,24,7,2
2024-09-12,baja california sur,Mexico,334,16,3,1
2024-09-12,durango,Mexico,341,6,4,1
2024-09-12,campeche,Mexico,499,15,5,1
2024-09-12,nayarit,Mexico,228,6,3,1
2024-09-12,colima,Mexico,309,6,4,1
2024-09-12,tlaxcala,Mexico,493,18,4,2
2024-09-13,mexico city,Mexico,15177,826,592,39
2024-09-13,méxico,Mexico,7442,344,254,27
2024-09-13,nuevo león,Mexico,4846,173,53,12
2024-09-13,jalisco,Mexico,7104,248,94,23
2024-09-13,veracruz,Mexico,1817,39,29,3
2024-09-13,guanajuato,Mexico,1845,47,21,6
2024-09-13,sinaloa,Mexico,1293,47,15,2
2024-09-13,puebla,Mexico,1913,43,21,7
2024-09-13,querétaro,Mexico,1804,66,20,4
2024-09-13,baja california,Mexico,1409,32,15,3
2024-09-13,chihuahua,Mexico,1878,63,17,3
2024-09-13,sonora,Mexico,1176,48,16,3
2024-09-13,coahuila,Mexico,1279,180,160,4
2024-09-13,tamaulipas,Mexico,1044,24,11,3
2024-09-13,yucatán,Mexico,1428,29,17,4
2024-09-13,quintana roo,Mexico,1572,43,28,7
2024-09-13,michoacán,Mexico,1501,43,17,2
2024-09-13,morelos,Mexico,850,19,13,4
2024-09-13,tabasco,Mexico,1008,28,21,3
2024-09-13,guerrero,Mexico,441,9,2,0
2024-09-13,chiapas,Mexico,477,9,7,2
2024-09-13,san luis potosí,Mexico,541,17,5,1
2024-09-13,hidalgo,Mexico,700,21,7,1
2024-09-13,oaxaca,Mexico,290,6,4,3
2024-09-13,aguascalientes,Mexico,519,20,5,1
2024-09-13,zacatecas,Mexico,341,7,6,2
2024-09-13,baja california sur,Mexico,322,7,2,1
2024-09-13,durango,Mexico,312,15,4,1
2024-09-13,campeche,Mexico,450,16,4,2
2024-09-13,nayarit,Mexico,202,6,3,1
2024-09-13,colima,Mexico,254,9,2,0
2024-09-13,tlaxcala,Mexico,365,19,8,2
2024-09-14,mexico city,Mexico,12085,753,553,49
2024-09-14,méxico,Mexico,6394,362,221,35
2024-09-14,nuevo león,Mexico,4061,141,64,21
2024-09-14,jalisco,Mexico,5766,229,77,17
2024-09-14,veracruz,Mexico,1428,45,22,5
2024-09-14,guanajuato,Mexico,1588,56,26,7
2024-09-14,sinaloa,Mexico,1084,36,10,3
2024-09-14,puebla,Mexico,1541,49,19,2
2024-09-14,querétaro,Mexico,1428,73,25,6
2024-09-14,baja california,Mexico,1167,34,13,5
2024-09-14,chihuahua,Mexico,1547,76,25,8
2024-09-14,sonora,Mexico,977,40,13,0
2024-09-14,coahuila,Mexico,1115,180,159,2
2024-09-14,tamaulipas,Mexico,884,30,14,2
2024-09-14,yucatán,Mexico,1110,25,13,1
2024-09-14,quintana roo,Mexico,1213,30,14,6
2024-09-14,michoacán,Mexico,1218,46,19,4
2024-09-14,morelos,Mexico,682,18,11,3
2024-09-14,tabasco,Mexico,845,19,16,2
2024-09-14,guerrero,Mexico,412,14,6,1
2024-09-14,chiapas,Mexico,408,20,9,2
2024-09-14,san luis potosí,Mexico,487,24,8,2
2024-09-14,hidalgo,Mexico,596,19,8,1
2024-09-14,oaxaca,Mexico,245,6,2,1
2024-09-14,aguascalientes,Mexico,430,11,5,0
2024-09-14,zacatecas,Mexico,262,7,2,1
2024-09-14,baja california sur,Mexico,306,9,3,1
2024-09-14,durango,Mexico,220,5,2,0
2024-09-14,campeche,Mexico,362,13,0,0
2024-09-14,nayarit,Mexico,154,3,1,0
2024-09-14,colima,Mexico,211,4,2,0
2024-09-14,tlaxcala,Mexico,343,14,2,1
2024-09-15,mexico city,Mexico,11195,726,519,40
2024-09-15,méxico,Mexico,5730,314,220,13
2024-09-15,nuevo león,Mexico,4105,117,59,18
2024-09-15,jalisco,Mexico,5686,213,75,21
2024-09-15,veracruz,Mexico,1463,39,16,4
2024-09-15,guanajuato,Mexico,1509,48,17,2
2024-09-15,sinaloa,Mexico,1065,40,9,0
2024-09-15,puebla,Mexico,1317,35,13,3
2024-09-15,querétaro,Mexico,1445,49,19,6
2024-09-15,baja california,Mexico,1150,41,18,4
2024-09-15,chihuahua,Mexico,1621,62,21,1
2024-09-15,sonora,Mexico,1009,31,17,4
2024-09-15,coahuila,Mexico,1043,170,148,1
2024-09-15,tamaulipas,Mexico,868,22,10,0
2024-09-15,yucatán,Mexico,1225,39,21,6
2024-09-15,quintana roo,Mexico,1224,38,10,2
2024-09-15,michoacán,Mexico,1281,39,20,4
2024-09-15,morelos,Mexico,684,17,8,2
2024-09-15,tabasco,Mexico,812,26,7,1
2024-09-15,guerrero,Mexico,435,13,6,2
2024-09-15,chiapas,Mexico,439,19,9,3
2024-09-15,san luis potosí,Mexico,435,18,11,2
2024-09-15,hidalgo,Mexico,583,24,5,0
2024-09-15,oaxaca,Mexico,237,5,1,0
2024-09-15,aguascalientes,Mexico,418,18,7,2
2024-09-15,zacatecas,Mexico,257,7,6,1
2024-09-15,baja california sur,Mexico,241,7,0,0
2024-09-15,durango,Mexico,234,9,1,0
2024-09-15,campeche,Mexico,334,14,8,3
2024-09-15,nayarit,Mexico,153,2,1,0
2024-09-15,colima,Mexico,199,8,5,2
2024-09-15,tlaxcala,Mexico,307,10,6,0
2024-09-16,mexico city,Mexico,14818,821,486,41
2024-09-16,méxico,Mexico,8092,447,252,30
2024-09-16,nuevo león,Mexico,5601,194,81,24
2024-09-16,jalisco,Mexico,7021,296,106,29
2024-09-16,veracruz,Mexico,1864,59,27,4
2024-09-16,guanajuato,Mexico,1967,65,25,7
2024-09-16,sinaloa,Mexico,1230,44,12,3
2024-09-16,puebla,Mexico,1715,45,20,6
2024-09-16,querétaro,Mexico,1910,75,19,6
2024-09-16,baja california,Mexico,1428,51,18,3
2024-09-16,chihuahua,Mexico,1990,80,32,11
2024-09-16,sonora,Mexico,1139,30,14,1
2024-09-16,coahuila,Mexico,1370,194,182,2
2024-09-16,tamaulipas,Mexico,1197,37,13,3
2024-09-16,yucatán,Mexico,1421,57,21,4
2024-09-16,quintana roo,Mexico,1568,40,22,2
2024-09-16,michoacán,Mexico,1571,59,17,3
2024-09-16,morelos,Mexico,936,28,12,4
2024-09-16,tabasco,Mexico,983,38,18,4
2024-09-16,guerrero,Mexico,502,13,8,1
2024-09-16,chiapas,Mexico,501,14,11,1
2024-09-16,san luis potosí,Mexico,609,24,6,0
2024-09-16,hidalgo,Mexico,751,28,13,3
2024-09-16,oaxaca,Mexico,293,11,1,1
2024-09-16,aguascalientes,Mexico,548,25,11,2
2024-09-16,zacatecas,Mexico,373,17,7,0
2024-09-16,baja california sur,Mexico,284,10,6,1
2024-09-16,durango,Mexico,302,9,3,1
2024-09-16,campeche,Mexico,480,15,9,3
2024-09-16,nayarit,Mexico,215,7,2,1
2024-09-16,colima,Mexico,305,13,8,1
2024-09-16,tlaxcala,Mexico,383,11,2,0
2024-09-17,mexico city,Mexico,15152,835,506,57
2024-09-17,méxico,Mexico,7579,434,271,24
2024-09-17,nuevo león,Mexico,4926,168,68,22
2024-09-17,jalisco,Mexico,6434,222,92,30
2024-09-17,veracruz,Mexico,1766,57,25,11
2024-09-17,guanajuato,Mexico,1921,50,27,8
2024-09-17,sinaloa,Mexico,1151,42,10,2
2024-09-17,puebla,Mexico,1879,59,22,5
2024-09-17,querétaro,Mexico,1744,57,12,6
2024-09-17,baja california,Mexico,1325,39,18,2
2024-09-17,chihuahua,Mexico,1643,58,9,1
2024-09-17,sonora,Mexico,1148,30,19,6
2024-09-17,coahuila,Mexico,1350,220,204,5
2024-09-17,tamaulipas,Mexico,1039,34,14,3
2024-09-17,yucatán,Mexico,1527,52,28,5
2024-09-17,quintana roo,Mexico,1490,47,22,4
2024-09-17,michoacán,Mexico,1375,38,23,3
2024-09-17,morelos,Mexico,855,23,15,8
2024-09-17,tabasco,Mexico,982,34,21,5
2024-09-17,guerrero,Mexico,491,13,3,0
2024-09-17,chiapas,Mexico,467,22,6,0
2024-09-17,san luis potosí,Mexico,518,8,3,2
2024-09-17,hidalgo,Mexico,676,21,6,3
2024-09-17,oaxaca,Mexico,310,10,6,0
2024-09-17,aguascalientes,Mexico,489,15,16,4
2024-09-17,zacatecas,Mexico,340,14,2,0
2024-09-17,baja california sur,Mexico,326,16,8,0
2024-09-17,durango,Mexico,249,9,2,0
2024-09-17,campeche,Mexico,431,10,9,1
2024-09-17,nayarit,Mexico,198,4,9,1
2024-09-17,colima,Mexico,281,9,11,2
2024-09-17,tlaxcala,Mexico,315,10,2,0
2024-09-18,mexico city,Mexico,14781,734,383,69
2024-09-18,méxico,Mexico,7385,393,215,32
2024-09-18,nuevo león,Mexico,4723,186,69,24
2024-09-18,jalisco,Mexico,6166,231,100,29
2024-09-18,veracruz,Mexico,1735,61,17,6
2024-09-18,guanajuato,Mexico,1722,56,33,4
2024-09-18,sinaloa,Mexico,1084,50,26,7
2024-09-18,puebla,Mexico,1758,52,33,7
2024-09-18,querétaro,Mexico,1687,70,37,6
2024-09-18,baja california,Mexico,1275,36,11,4
2024-09-18,chihuahua,Mexico,1594,61,29,4
2024-09-18,sonora,Mexico,1106,33,22,6
2024-09-18,coahuila,Mexico,1286,146,121,2
2024-09-18,tamaulipas,Mexico,992,31,19,5
2024-09-18,yucatán,Mexico,1406,53,21,2
2024-09-18,quintana roo,Mexico,1434,49,17,2
2024-09-18,michoacán,Mexico,1395,47,22,4
2024-09-18,morelos,Mexico,822,33,9,4
2024-09-18,tabasco,Mexico,910,35,7,0
2024-09-18,guerrero,Mexico,461,15,11,1
2024-09-18,chiapas,Mexico,497,15,14,4
2024-09-18,san luis potosí,Mexico,491,13,7,3
2024-09-18,hidalgo,Mexico,672,25,10,4
2024-09-18,oaxaca,Mexico,286,15,6,2
2024-09-18,aguascalientes,Mexico,506,21,11,4
2024-09-18,zacatecas,Mexico,334,6,5,1
2024-09-18,baja california sur,Mexico,294,14,5,1
2024-09-18,durango,Mexico,220,7,2,0
2024-09-18,campeche,Mexico,459,13,6,0
2024-09-18,nayarit,Mexico,194,7,2,1
2024-09-18,colima,Mexico,283,8,5,0
2024-09-18,tlaxcala,Mexico,329,13,3,2
2024-09-19,mexico city,Mexico,16354,861,485,74
2024-09-19,méxico,Mexico,7952,416,204,44
2024-09-19,nuevo león,Mexico,5593,251,94,26
2024-09-19,jalisco,Mexico,7200,348,130,37
2024-09-19,veracruz,Mexico,2010,89,40,11
2024-09-19,guanajuato,Mexico,2073,80,37,10
2024-09-19,sinaloa,Mexico,1379,54,18,6
2024-09-19,puebla,Mexico,1922,72,29,9
2024-09-19,querétaro,Mexico,1867,78,29,8
2024-09-19,baja california,Mexico,1498,70,21,7
2024-09-19,chihuahua,Mexico,1849,85,35,12
2024-09-19,sonora,Mexico,1358,69,11,2
2024-09-19,coahuila,Mexico,1570,186,140,9
2024-09-19,tamaulipas,Mexico,1176,39,20,5
2024-09-19,yucatán,Mexico,1601,77,31,9
2024-09-19,quintana roo,Mexico,1646,80,31,2
2024-09-19,michoacán,Mexico,1613,80,37,9
2024-09-19,morelos,Mexico,937,44,19,5
2024-09-19,tabasco,Mexico,1208,56,28,11
2024-09-19,guerrero,Mexico,563,21,9,1
2024-09-19,chiapas,Mexico,571,24,5,2
2024-09-19,san luis potosí,Mexico,654,34,15,3
2024-09-19,hidalgo,Mexico,762,35,17,5
2024-09-19,oaxaca,Mexico,356,19,9,4
2024-09-19,aguascalientes,Mexico,552,35,13,7
2024-09-19,zacatecas,Mexico,392,20,8,3
2024-09-19,baja california sur,Mexico,361,25,9,1
2024-09-19,durango,Mexico,313,15,13,1
2024-09-19,campeche,Mexico,498,23,5,2
2024-09-19,nayarit,Mexico,220,8,8,3
2024-09-19,colima,Mexico,315,15,4,3
2024-09-19,tlaxcala,Mexico,367,16,5,2
2024-09-20,mexico city,Mexico,15533,876,596,64
2024-09-20,méxico,Mexico,7562,471,214,30
2024-09-20,nuevo león,Mexico,4925,173,42,12
2024-09-20,jalisco,Mexico,6693,308,108,35
2024-09-20,veracruz,Mexico,1870,64,23,6
2024-09-20,guanajuato,Mexico,1807,62,25,6
2024-09-20,sinaloa,Mexico,1252,56,28,6
2024-09-20,puebla,Mexico,1774,46,31,6
2024-09-20,querétaro,Mexico,1784,65,17,5
2024-09-20,baja california,Mexico,1369,43,17,2
2024-09-20,chihuahua,Mexico,1571,66,15,4
2024-09-20,sonora,Mexico,1112,43,16,4
2024-09-20,coahuila,Mexico,1426,230,207,5
2024-09-20,tamaulipas,Mexico,1009,32,18,7
2024-09-20,yucatán,Mexico,1526,57,16,5
2024-09-20,quintana roo,Mexico,1433,53,21,5
2024-09-20,michoacán,Mexico,1601,66,47,17
2024-09-20,morelos,Mexico,908,29,12,3
2024-09-20,tabasco,Mexico,1022,40,15,6
2024-09-20,guerrero,Mexico,531,19,9,4
2024-09-20,chiapas,Mexico,524,27,7,1
2024-09-20,san luis potosí,Mexico,542,24,7,1
2024-09-20,hidalgo,Mexico,629,22,19,2
2024-09-20,oaxaca,Mexico,392,14,8,4
2024-09-20,aguascalientes,Mexico,532,21,9,3
2024-09-20,zacatecas,Mexico,381,20,12,5
2024-09-20,baja california sur,Mexico,301,13,3,0
2024-09-20,durango,Mexico,256,9,4,1
2024-09-20,campeche,Mexico,396,5,6,1
2024-09-20,nayarit,Mexico,177,8,0,0
2024-09-20,colima,Mexico,239,15,5,1
2024-09-20,tlaxcala,Mexico,343,10,5,0
2024-09-21,mexico city,Mexico,14908,718,429,65
2024-09-21,méxico,Mexico,7564,420,167,31
2024-09-21,nuevo león,Mexico,4828,217,78,17
2024-09-21,jalisco,Mexico,6598,337,123,36
2024-09-21,veracruz,Mexico,1773,72,36,10
2024-09-21,guanajuato,Mexico,1840,67,47,5
2024-09-21,sinaloa,Mexico,1307,70,17,7
2024-09-21,puebla,Mexico,1689,64,19,3
2024-09-21,querétaro,Mexico,1729,86,22,10
2024-09-21,baja california,Mexico,1373,60,16,4
2024-09-21,chihuahua,Mexico,1634,80,19,4
2024-09-21,sonora,Mexico,1145,52,16,3
2024-09-21,coahuila,Mexico,1339,153,121,5
2024-09-21,tamaulipas,Mexico,999,39,14,1
2024-09-21,yucatán,Mexico,1500,63,22,5
2024-09-21,quintana roo,Mexico,1543,69,22,10
2024-09-21,michoacán,Mexico,1395,67,21,7
2024-09-21,morelos,Mexico,858,31,12,1
2024-09-21,tabasco,Mexico,967,36,16,1
2024-09-21,guerrero,Mexico,480,19,6,1
2024-09-21,chiapas,Mexico,527,16,8,2
2024-09-21,san luis potosí,Mexico,584,15,13,2
2024-09-21,hidalgo,Mexico,621,24,11,4
2024-09-21,oaxaca,Mexico,338,9,4,2
2024-09-21,aguascalientes,Mexico,465,17,9,4
2024-09-21,zacatecas,Mexico,359,11,3,0
2024-09-21,baja california sur,Mexico,337,8,3,0
2024-09-21,durango,Mexico,255,11,2,1
2024-09-21,campeche,Mexico,376,22,4,0
2024-09-21,nayarit,Mexico,181,4,1,0
2024-09-21,colima,Mexico,312,14,6,3
2024-09-21,tlaxcala,Mexico,362,9,7,0
2024-09-22,mexico city,Mexico,14948,586,299,96
2024-09-22,méxico,Mexico,7859,360,161,43
2024-09-22,nuevo león,Mexico,5088,223,59,24
2024-09-22,jalisco,Mexico,7021,370,93,33
2024-09-22,veracruz,Mexico,1871,65,26,10
2024-09-22,guanajuato,Mexico,1962,72,42,12
2024-09-22,sinaloa,Mexico,1344,65,19,3
2024-09-22,puebla,Mexico,1633,64,24,6
2024-09-22,querétaro,Mexico,1878,97,33,11
2024-09-22,baja california,Mexico,1279,55,11,1
2024-09-22,chihuahua,Mexico,1876,102,27,10
2024-09-22,sonora,Mexico,1275,55,24,3
2024-09-22,coahuila,Mexico,1443,37,17,1
2024-09-22,tamaulipas,Mexico,971,45,18,8
2024-09-22,yucatán,Mexico,1451,63,16,6
2024-09-22,quintana roo,Mexico,1493,52,23,7
2024-09-22,michoacán,Mexico,1561,73,21,5
2024-09-22,morelos,Mexico,977,43,11,4
2024-09-22,tabasco,Mexico,975,48,20,4
2024-09-22,guerrero,Mexico,474,16,8,1
2024-09-22,chiapas,Mexico,511,19,5,2
2024-09-22,san luis potosí,Mexico,566,31,12,3
2024-09-22,hidalgo,Mexico,658,26,9,2
2024-09-22,oaxaca,Mexico,357,14,4,1
2024-09-22,aguascalientes,Mexico,535,18,9,4
2024-09-22,zacatecas,Mexico,335,15,5,2
2024-09-22,baja california sur,Mexico,328,18,3,1
2024-09-22,durango,Mexico,251,12,1,0
2024-09-22,campeche,Mexico,448,26,10,2
2024-09-22,nayarit,Mexico,205,12,1,0
2024-09-22,colima,Mexico,281,15,4,3
2024-09-22,tlaxcala,Mexico,352,14,4,1
2024-09-23,mexico city,Mexico,15183,793,472,85
2024-09-23,méxico,Mexico,6950,390,171,33
2024-09-23,nuevo león,Mexico,5516,250,99,34
2024-09-23,jalisco,Mexico,6365,316,113,34
2024-09-23,veracruz,Mexico,1823,69,26,7
2024-09-23,guanajuato,Mexico,1973,61,34,7
2024-09-23,sinaloa,Mexico,1443,53,24,9
2024-09-23,puebla,Mexico,1642,59,25,5
2024-09-23,querétaro,Mexico,1561,67,22,4
2024-09-23,baja california,Mexico,1499,54,18,2
2024-09-23,chihuahua,Mexico,1520,58,19,4
2024-09-23,sonora,Mexico,1348,62,17,6
2024-09-23,coahuila,Mexico,1518,158,121,2
2024-09-23,tamaulipas,Mexico,1121,36,16,5
2024-09-23,yucatán,Mexico,1416,50,28,6
2024-09-23,quintana roo,Mexico,1438,51,19,7
2024-09-23,michoacán,Mexico,1344,60,36,8
2024-09-23,morelos,Mexico,892,30,19,3
2024-09-23,tabasco,Mexico,1036,33,15,4
2024-09-23,guerrero,Mexico,484,17,5,2
2024-09-23,chiapas,Mexico,573,29,4,2
2024-09-23,san luis potosí,Mexico,621,19,8,3
2024-09-23,hidalgo,Mexico,582,25,17,6
2024-09-23,oaxaca,Mexico,319,12,2,0
2024-09-23,aguascalientes,Mexico,513,22,6,2
2024-09-23,zacatecas,Mexico,381,10,4,2
2024-09-23,baja california sur,Mexico,351,17,5,3
2024-09-23,durango,Mexico,284,10,4,2
2024-09-23,campeche,Mexico,428,21,9,2
2024-09-23,nayarit,Mexico,230,15,4,2
2024-09-23,colima,Mexico,288,18,4,1
2024-09-23,tlaxcala,Mexico,240,5,1,0
2024-09-24,mexico city,Mexico,13844,939,665,86
2024-09-24,méxico,Mexico,6088,432,228,33
2024-09-24,nuevo león,Mexico,4891,241,92,25
2024-09-24,jalisco,Mexico,5313,250,100,31
2024-09-24,veracruz,Mexico,1641,63,29,10
2024-09-24,guanajuato,Mexico,1650,72,26,6
2024-09-24,sinaloa,Mexico,1215,74,11,4
2024-09-24,puebla,Mexico,1468,62,31,7
2024-09-24,querétaro,Mexico,1340,50,23,7
2024-09-24,baja california,Mexico,1301,76,17,5
2024-09-24,chihuahua,Mexico,1227,53,16,5
2024-09-24,sonora,Mexico,1176,61,17,5
2024-09-24,coahuila,Mexico,1276,242,201,4
2024-09-24,tamaulipas,Mexico,1033,44,9,4
2024-09-24,yucatán,Mexico,1361,58,20,6
2024-09-24,quintana roo,Mexico,1291,50,19,6
2024-09-24,michoacán,Mexico,1077,35,29,5
2024-09-24,morelos,Mexico,898,41,19,5
2024-09-24,tabasco,Mexico,968,46,13,4
2024-09-24,guerrero,Mexico,439,21,10,1
2024-09-24,chiapas,Mexico,556,25,12,4
2024-09-24,san luis potosí,Mexico,540,24,14,6
2024-09-24,hidalgo,Mexico,470,15,11,4
2024-09-24,oaxaca,Mexico,311,10,6,3
2024-09-24,aguascalientes,Mexico,483,29,7,3
2024-09-24,zacatecas,Mexico,349,12,3,2
2024-09-24,baja california sur,Mexico,321,15,2,0
2024-09-24,durango,Mexico,277,9,5,1
2024-09-24,campeche,Mexico,392,12,5,0
2024-09-24,nayarit,Mexico,178,11,6,2
2024-09-24,colima,Mexico,250,16,7,1
2024-09-24,tlaxcala,Mexico,249,10,5,1
2024-09-25,mexico city,Mexico,14732,942,632,75
2024-09-25,méxico,Mexico,6556,439,280,39
2024-09-25,nuevo león,Mexico,5254,254,70,23
2024-09-25,jalisco,Mexico,5880,261,121,38
2024-09-25,veracruz,Mexico,1950,68,28,11
2024-09-25,guanajuato,Mexico,1891,88,37,5
2024-09-25,sinaloa,Mexico,1425,81,24,7
2024-09-25,puebla,Mexico,1738,60,30,8
2024-09-25,querétaro,Mexico,1634,71,30,5
2024-09-25,baja california,Mexico,1497,73,27,5
2024-09-25,chihuahua,Mexico,1405,54,22,5
2024-09-25,sonora,Mexico,1322,78,19,5
2024-09-25,coahuila,Mexico,1489,259,215,11
2024-09-25,tamaulipas,Mexico,1065,49,14,3
2024-09-25,yucatán,Mexico,1593,81,36,12
2024-09-25,quintana roo,Mexico,1488,80,21,4
2024-09-25,michoacán,Mexico,1245,46,25,4
2024-09-25,morelos,Mexico,857,25,10,3
2024-09-25,tabasco,Mexico,1010,49,14,5
2024-09-25,guerrero,Mexico,460,19,5,3
2024-09-25,chiapas,Mexico,596,29,7,2
2024-09-25,san luis potosí,Mexico,621,22,8,2
2024-09-25,hidalgo,Mexico,650,23,8,3
2024-09-25,oaxaca,Mexico,337,22,6,1
2024-09-25,aguascalientes,Mexico,513,27,17,4
2024-09-25,zacatecas,Mexico,354,16,8,2
2024-09-25,baja california sur,Mexico,349,12,2,0
2024-09-25,durango,Mexico,270,10,6,1
2024-09-25,campeche,Mexico,452,30,7,4
2024-09-25,nayarit,Mexico,208,12,6,3
2024-09-25,colima,Mexico,272,10,2,0
2024-09-25,tlaxcala,Mexico,324,14,7,3
2024-09-26,mexico city,Mexico,15090,907,488,50
2024-09-26,méxico,Mexico,7094,397,218,24
2024-09-26,nuevo león,Mexico,5238,240,50,15
2024-09-26,jalisco,Mexico,5957,261,85,24
2024-09-26,veracruz,Mexico,1978,76,27,7
2024-09-26,guanajuato,Mexico,2035,88,22,8
2024-09-26,sinaloa,Mexico,1418,87,20,5
2024-09-26,puebla,Mexico,1745,66,27,9
2024-09-26,querétaro,Mexico,1624,61,22,10
2024-09-26,baja california,Mexico,1503,59,20,5
2024-09-26,chihuahua,Mexico,1467,73,15,2
2024-09-26,sonora,Mexico,1354,61,10,2
2024-09-26,coahuila,Mexico,1578,241,163,2
2024-09-26,tamaulipas,Mexico,1207,32,12,2
2024-09-26,yucatán,Mexico,1476,56,23,6
2024-09-26,quintana roo,Mexico,1448,55,19,4
2024-09-26,michoacán,Mexico,1407,49,27,8
2024-09-26,morelos,Mexico,996,43,12,1
2024-09-26,tabasco,Mexico,1088,54,21,6
2024-09-26,guerrero,Mexico,441,17,4,1
2024-09-26,chiapas,Mexico,526,33,5,2
2024-09-26,san luis potosí,Mexico,642,29,8,0
2024-09-26,hidalgo,Mexico,649,21,11,3
2024-09-26,oaxaca,Mexico,319,12,5,1
2024-09-26,aguascalientes,Mexico,545,35,4,1
2024-09-26,zacatecas,Mexico,464,21,2,0
2024-09-26,baja california sur,Mexico,350,20,2,0
2024-09-26,durango,Mexico,281,14,2,1
2024-09-26,campeche,Mexico,393,16,6,1
2024-09-26,nayarit,Mexico,221,5,2,1
2024-09-26,colima,Mexico,285,8,10,4
2024-09-26,tlaxcala,Mexico,266,12,4,0
2024-09-27,mexico city,Mexico,13608,810,521,74
2024-09-27,méxico,Mexico,6298,356,211,35
2024-09-27,nuevo león,Mexico,4844,227,66,23
2024-09-27,jalisco,Mexico,5460,220,121,28
2024-09-27,veracruz,Mexico,1790,68,22,5
2024-09-27,guanajuato,Mexico,1808,75,35,8
2024-09-27,sinaloa,Mexico,1317,72,20,1
2024-09-27,puebla,Mexico,1544,56,29,7
2024-09-27,querétaro,Mexico,1513,67,21,4
2024-09-27,baja california,Mexico,1352,67,15,1
2024-09-27,chihuahua,Mexico,1322,45,16,3
2024-09-27,sonora,Mexico,1174,52,17,3
2024-09-27,coahuila,Mexico,1308,226,192,8
2024-09-27,tamaulipas,Mexico,1059,44,15,2
2024-09-27,yucatán,Mexico,1442,60,26,11
2024-09-27,quintana roo,Mexico,1499,63,25,2
2024-09-27,michoacán,Mexico,1139,53,22,5
2024-09-27,morelos,Mexico,862,31,11,1
2024-09-27,tabasco,Mexico,925,44,16,5
2024-09-27,guerrero,Mexico,355,7,3,0
2024-09-27,chiapas,Mexico,418,16,6,1
2024-09-27,san luis potosí,Mexico,593,29,19,7
2024-09-27,hidalgo,Mexico,540,21,11,4
2024-09-27,oaxaca,Mexico,323,10,5,2
2024-09-27,aguascalientes,Mexico,474,21,7,3
2024-09-27,zacatecas,Mexico,357,10,7,2
2024-09-27,baja california sur,Mexico,319,17,4,0
2024-09-27,durango,Mexico,269,9,3,0
2024-09-27,campeche,Mexico,353,16,8,1
2024-09-27,nayarit,Mexico,207,9,1,0
2024-09-27,colima,Mexico,280,12,3,0
2024-09-27,tlaxcala,Mexico,247,10,8,2
2024-09-28,mexico city,Mexico,15070,825,489,57
2024-09-28,méxico,Mexico,7015,372,204,28
2024-09-28,nuevo león,Mexico,5616,248,81,20
2024-09-28,jalisco,Mexico,6250,276,102,29
2024-09-28,veracruz,Mexico,2220,89,28,4
2024-09-28,guanajuato,Mexico,2106,95,28,7
2024-09-28,sinaloa,Mexico,1606,89,21,4
2024-09-28,puebla,Mexico,1778,70,19,5
2024-09-28,querétaro,Mexico,1611,75,20,7
2024-09-28,baja california,Mexico,1620,80,19,1
2024-09-28,chihuahua,Mexico,1573,65,16,3
2024-09-28,sonora,Mexico,1424,64,17,2
2024-09-28,coahuila,Mexico,1562,227,184,6
2024-09-28,tamaulipas,Mexico,1280,58,14,4
2024-09-28,yucatán,Mexico,1479,69,28,3
2024-09-28,quintana roo,Mexico,1658,62,17,4
2024-09-28,michoacán,Mexico,1249,56,27,7
2024-09-28,morelos,Mexico,1120,42,17,2
2024-09-28,tabasco,Mexico,1036,53,12,3
2024-09-28,guerrero,Mexico,421,19,10,2
2024-09-28,chiapas,Mexico,552,26,6,4
2024-09-28,san luis potosí,Mexico,740,26,10,4
2024-09-28,hidalgo,Mexico,591,21,12,3
2024-09-28,oaxaca,Mexico,333,9,4,1
2024-09-28,aguascalientes,Mexico,550,17,9,2
2024-09-28,zacatecas,Mexico,445,23,6,1
2024-09-28,baja california sur,Mexico,400,26,7,0
2024-09-28,durango,Mexico,324,10,1,0
2024-09-28,campeche,Mexico,408,15,6,2
2024-09-28,nayarit,Mexico,247,5,1,0
2024-09-28,colima,Mexico,398,16,5,0
2024-09-28,tlaxcala,Mexico,313,9,5,1
2024-09-29,mexico city,Mexico,16153,936,495,57
2024-09-29,méxico,Mexico,7731,336,205,30
2024-09-29,nuevo león,Mexico,6130,249,47,15
2024-09-29,jalisco,Mexico,6571,277,89,24
2024-09-29,veracruz,Mexico,2272,62,23,5
2024-09-29,guanajuato,Mexico,2241,75,25,7
2024-09-29,sinaloa,Mexico,1683,70,26,7
2024-09-29,puebla,Mexico,1803,74,19,6
2024-09-29,querétaro,Mexico,1770,67,29,13
2024-09-29,baja california,Mexico,1633,78,12,1
2024-09-29,chihuahua,Mexico,1635,67,20,6
2024-09-29,sonora,Mexico,1514,57,11,5
2024-09-29,coahuila,Mexico,1748,239,183,2
2024-09-29,tamaulipas,Mexico,1289,59,11,2
2024-09-29,yucatán,Mexico,1619,78,25,10
2024-09-29,quintana roo,Mexico,1727,65,25,6
2024-09-29,michoacán,Mexico,1329,37,19,3
2024-09-29,morelos,Mexico,1177,56,18,3
2024-09-29,tabasco,Mexico,1181,40,18,3
2024-09-29,guerrero,Mexico,498,18,6,1
2024-09-29,chiapas,Mexico,635,27,8,2
2024-09-29,san luis potosí,Mexico,762,32,11,2
2024-09-29,hidalgo,Mexico,665,29,10,2
2024-09-29,oaxaca,Mexico,307,5,1,1
2024-09-29,aguascalientes,Mexico,606,27,13,6
2024-09-29,zacatecas,Mexico,443,19,7,1
2024-09-29,baja california sur,Mexico,356,20,2,1
2024-09-29,durango,Mexico,348,14,5,0
2024-09-29,campeche,Mexico,498,17,2,1
2024-09-29,nayarit,Mexico,263,6,2,1
2024-09-29,colima,Mexico,352,17,4,0
2024-09-29,tlaxcala,Mexico,345,14,6,0
2024-09-30,mexico city,Mexico,16900,895,547,69
2024-09-30,méxico,Mexico,7733,370,211,33
2024-09-30,nuevo león,Mexico,6355,259,68,20
2024-09-30,jalisco,Mexico,6888,277,123,33
2024-09-30,veracruz,Mexico,2228,88,31,9
2024-09-30,guanajuato,Mexico,2219,85,39,12
2024-09-30,sinaloa,Mexico,1548,85,29,7
2024-09-30,puebla,Mexico,1939,63,26,5
2024-09-30,querétaro,Mexico,1743,66,23,8
2024-09-30,baja california,Mexico,1849,83,22,4
2024-09-30,chihuahua,Mexico,1677,66,22,10
2024-09-30,sonora,Mexico,1551,58,11,2
2024-09-30,coahuila,Mexico,1728,213,190,6
2024-09-30,tamaulipas,Mexico,1295,40,14,2
2024-09-30,yucatán,Mexico,1708,81,35,11
2024-09-30,quintana roo,Mexico,1816,68,23,3
2024-09-30,michoacán,Mexico,1336,51,19,3
2024-09-30,morelos,Mexico,1189,49,9,4
2024-09-30,tabasco,Mexico,1217,53,18,3
2024-09-30,guerrero,Mexico,534,19,12,1
2024-09-30,chiapas,Mexico,634,28,6,1
2024-09-30,san luis potosí,Mexico,762,21,14,1
2024-09-30,hidalgo,Mexico,632,16,4,1
2024-09-30,oaxaca,Mexico,337,16,4,2
2024-09-30,aguascalientes,Mexico,652,25,11,2
2024-09-30,zacatecas,Mexico,456,18,4,0
2024-09-30,baja california sur,Mexico,385,15,5,2
2024-09-30,durango,Mexico,382,10,4,0
2024-09-30,campeche,Mexico,413,18,1,0
2024-09-30,nayarit,Mexico,186,10,3,2
2024-09-30,colima,Mexico,299,15,2,1
2024-09-30,tlaxcala,Mexico,316,11,3,2
2024-10-01,mexico city,Mexico,23218,1161,561,74
2024-10-01,méxico,Mexico,11158,466,244,40
2024-10-01,nuevo león,Mexico,9785,395,120,28
2024-10-01,jalisco,Mexico,9461,354,118,30
2024-10-01,veracruz,Mexico,3217,103,39,6
2024-10-01,guanajuato,Mexico,3463,129,28,11
2024-10-01,sinaloa,Mexico,2593,120,36,11
2024-10-01,puebla,Mexico,2537,91,33,12
2024-10-01,querétaro,Mexico,2492,100,37,14
2024-10-01,baja california,Mexico,2354,93,15,7
2024-10-01,chihuahua,Mexico,2416,87,34,9
2024-10-01,sonora,Mexico,2391,122,30,7
2024-10-01,coahuila,Mexico,2524,287,215,7
2024-10-01,tamaulipas,Mexico,2070,72,12,1
2024-10-01,yucatán,Mexico,2497,107,31,8
2024-10-01,quintana roo,Mexico,2408,107,24,6
2024-10-01,michoacán,Mexico,1900,67,23,5
2024-10-01,morelos,Mexico,1562,62,17,7
2024-10-01,tabasco,Mexico,1678,70,23,5
2024-10-01,guerrero,Mexico,718,22,7,0
2024-10-01,chiapas,Mexico,790,32,7,3
2024-10-01,san luis potosí,Mexico,1091,50,15,4
2024-10-01,hidalgo,Mexico,914,33,13,4
2024-10-01,oaxaca,Mexico,463,16,2,0
2024-10-01,aguascalientes,Mexico,876,36,12,3
2024-10-01,zacatecas,Mexico,639,27,9,2
2024-10-01,baja california sur,Mexico,558,32,5,0
2024-10-01,durango,Mexico,506,20,5,1
2024-10-01,campeche,Mexico,642,30,11,2
2024-10-01,nayarit,Mexico,345,24,6,4
2024-10-01,colima,Mexico,470,19,7,3
2024-10-01,tlaxcala,Mexico,449,15,6,1
2024-10-02,mexico city,Mexico,20480,978,585,74
2024-10-02,méxico,Mexico,9084,366,189,35
2024-10-02,nuevo león,Mexico,7878,301,79,22
2024-10-02,jalisco,Mexico,7826,293,112,32
2024-10-02,veracruz,Mexico,2685,80,27,6
2024-10-02,guanajuato,Mexico,2710,89,34,8
2024-10-02,sinaloa,Mexico,2245,104,24,4
2024-10-02,puebla,Mexico,2301,75,24,4
2024-10-02,querétaro,Mexico,2217,91,34,11
2024-10-02,baja california,Mexico,2185,95,31,1
2024-10-02,chihuahua,Mexico,1946,65,19,9
2024-10-02,sonora,Mexico,2095,91,22,3
2024-10-02,coahuila,Mexico,2090,277,216,6
2024-10-02,tamaulipas,Mexico,1533,57,17,4
2024-10-02,yucatán,Mexico,2226,101,29,11
2024-10-02,quintana roo,Mexico,2013,63,22,5
2024-10-02,michoacán,Mexico,1539,52,23,7
2024-10-02,morelos,Mexico,1230,42,11,2
2024-10-02,tabasco,Mexico,1398,58,16,5
2024-10-02,guerrero,Mexico,603,18,0,0
2024-10-02,chiapas,Mexico,668,26,12,2
2024-10-02,san luis potosí,Mexico,850,39,11,0
2024-10-02,hidalgo,Mexico,667,18,5,0
2024-10-02,oaxaca,Mexico,447,14,5,0
2024-10-02,aguascalientes,Mexico,737,29,8,1
2024-10-02,zacatecas,Mexico,526,14,3,1
2024-10-02,baja california sur,Mexico,434,17,2,0
2024-10-02,durango,Mexico,348,15,6,1
2024-10-02,campeche,Mexico,510,20,7,3
2024-10-02,nayarit,Mexico,297,13,3,0
2024-10-02,colima,Mexico,399,21,8,2
2024-10-02,tlaxcala,Mexico,353,9,5,1
2024-10-03,mexico city,Mexico,17214,819,499,62
2024-10-03,méxico,Mexico,7727,350,200,25
2024-10-03,nuevo león,Mexico,6793,257,73,23
2024-10-03,jalisco,Mexico,6882,223,85,21
2024-10-03,veracruz,Mexico,2404,86,30,7
2024-10-03,guanajuato,Mexico,2404,89,41,15
2024-10-03,sinaloa,Mexico,1921,77,31,10
2024-10-03,puebla,Mexico,2123,69,28,7
2024-10-03,querétaro,Mexico,1797,63,16,7
2024-10-03,baja california,Mexico,1968,81,26,5
2024-10-03,chihuahua,Mexico,1756,61,18,4
2024-10-03,sonora,Mexico,1832,62,22,2
2024-10-03,coahuila,Mexico,1789,265,215,4
2024-10-03,tamaulipas,Mexico,1382,61,14,3
2024-10-03,yucatán,Mexico,1834,67,43,14
2024-10-03,quintana roo,Mexico,1799,67,16,4
2024-10-03,michoacán,Mexico,1345,41,24,3
2024-10-03,morelos,Mexico,1172,44,11,4
2024-10-03,tabasco,Mexico,1184,43,14,4
2024-10-03,guerrero,Mexico,622,26,7,1
2024-10-03,chiapas,Mexico,623,25,8,3
2024-10-03,san luis potosí,Mexico,788,34,11,2
2024-10-03,hidalgo,Mexico,671,20,9,1
2024-10-03,oaxaca,Mexico,437,19,6,3
2024-10-03,aguascalientes,Mexico,649,28,8,2
2024-10-03,zacatecas,Mexico,451,8,1,1
2024-10-03,baja california sur,Mexico,444,17,3,1
2024-10-03,durango,Mexico,317,10,4,0
2024-10-03,campeche,Mexico,411,18,7,1
2024-10-03,nayarit,Mexico,251,12,2,1
2024-10-03,colima,Mexico,326,11,2,0
2024-10-03,tlaxcala,Mexico,326,14,1,1
2024-10-04,mexico city,Mexico,15829,770,449,45
2024-10-04,méxico,Mexico,7482,327,206,27
2024-10-04,nuevo león,Mexico,6097,245,75,17
2024-10-04,jalisco,Mexico,6315,232,75,23
2024-10-04,veracruz,Mexico,2250,90,27,5
2024-10-04,guanajuato,Mexico,2110,74,25,8
2024-10-04,sinaloa,Mexico,1582,63,27,8
2024-10-04,puebla,Mexico,1933,74,19,7
2024-10-04,querétaro,Mexico,1692,50,22,6
2024-10-04,baja california,Mexico,1779,67,18,2
2024-10-04,chihuahua,Mexico,1613,72,23,3
2024-10-04,sonora,Mexico,1660,54,19,5
2024-10-04,coahuila,Mexico,1724,243,205,3
2024-10-04,tamaulipas,Mexico,1228,46,21,4
2024-10-04,yucatán,Mexico,1615,55,17,5
2024-10-04,quintana roo,Mexico,1794,67,13,1
2024-10-04,michoacán,Mexico,1237,47,28,6
2024-10-04,morelos,Mexico,1070,41,9,5
2024-10-04,tabasco,Mexico,1178,47,18,3
2024-10-04,guerrero,Mexico,602,27,6,2
2024-10-04,chiapas,Mexico,596,27,6,2
2024-10-04,san luis potosí,Mexico,759,31,11,3
2024-10-04,hidalgo,Mexico,586,16,11,2
2024-10-04,oaxaca,Mexico,352,12,4,1
2024-10-04,aguascalientes,Mexico,582,15,7,2
2024-10-04,zacatecas,Mexico,434,14,3,2
2024-10-04,baja california sur,Mexico,412,18,5,2
2024-10-04,durango,Mexico,306,13,5,0
2024-10-04,campeche,Mexico,442,20,3,1
2024-10-04,nayarit,Mexico,224,9,3,2
2024-10-04,colima,Mexico,305,18,11,2
2024-10-04,tlaxcala,Mexico,322,11,9,0
2024-10-05,mexico city,Mexico,14714,837,458,64
2024-10-05,méxico,Mexico,7042,345,195,22
2024-10-05,nuevo león,Mexico,6278,251,89,28
2024-10-05,jalisco,Mexico,5974,235,89,24
2024-10-05,veracruz,Mexico,2209,72,29,7
2024-10-05,guanajuato,Mexico,1942,84,25,7
2024-10-05,sinaloa,Mexico,1464,60,28,6
2024-10-05,puebla,Mexico,1734,59,21,4
2024-10-05,querétaro,Mexico,1455,48,20,12
2024-10-05,baja california,Mexico,1564,64,13,0
2024-10-05,chihuahua,Mexico,1541,67,19,1
2024-10-05,sonora,Mexico,1501,62,17,4
2024-10-05,coahuila,Mexico,1632,249,215,2
2024-10-05,tamaulipas,Mexico,1327,57,15,2
2024-10-05,yucatán,Mexico,1479,43,23,8
2024-10-05,quintana roo,Mexico,1596,62,23,6
2024-10-05,michoacán,Mexico,1259,52,22,5
2024-10-05,morelos,Mexico,1028,35,8,1
2024-10-05,tabasco,Mexico,1110,40,20,3
2024-10-05,guerrero,Mexico,575,14,2,0
2024-10-05,chiapas,Mexico,519,18,8,5
2024-10-05,san luis potosí,Mexico,689,34,11,0
2024-10-05,hidalgo,Mexico,625,28,15,4
2024-10-05,oaxaca,Mexico,306,11,3,1
2024-10-05,aguascalientes,Mexico,525,19,6,0
2024-10-05,zacatecas,Mexico,433,15,8,1
2024-10-05,baja california sur,Mexico,354,12,6,2
2024-10-05,durango,Mexico,290,7,2,1
2024-10-05,campeche,Mexico,444,22,7,1
2024-10-05,nayarit,Mexico,217,8,5,4
2024-10-05,colima,Mexico,280,8,1,0
2024-10-05,tlaxcala,Mexico,310,11,10,4
2024-10-06,mexico city,Mexico,15298,813,489,53
2024-10-06,méxico,Mexico,7378,355,193,19
2024-10-06,nuevo león,Mexico,6543,268,92,27
2024-10-06,jalisco,Mexico,6419,255,90,22
2024-10-06,veracruz,Mexico,2320,95,37,8
2024-10-06,guanajuato,Mexico,2245,91,29,4
2024-10-06,sinaloa,Mexico,1788,91,34,9
2024-10-06,puebla,Mexico,1770,77,28,4
2024-10-06,querétaro,Mexico,1733,89,29,8
2024-10-06,baja california,Mexico,1724,82,25,4
2024-10-06,chihuahua,Mexico,1738,82,13,2
2024-10-06,sonora,Mexico,1670,63,19,7
2024-10-06,coahuila,Mexico,1825,258,210,9
2024-10-06,tamaulipas,Mexico,1322,49,12,4
2024-10-06,yucatán,Mexico,1548,51,20,5
2024-10-06,quintana roo,Mexico,1684,59,16,2
2024-10-06,michoacán,Mexico,1338,49,19,3
2024-10-06,morelos,Mexico,1127,42,10,2
2024-10-06,tabasco,Mexico,1182,50,25,2
2024-10-06,guerrero,Mexico,554,18,6,4
2024-10-06,chiapas,Mexico,561,33,6,1
2024-10-06,san luis potosí,Mexico,754,27,10,5
2024-10-06,hidalgo,Mexico,637,25,10,2
2024-10-06,oaxaca,Mexico,373,21,9,4
2024-10-06,aguascalientes,Mexico,574,17,6,2
2024-10-06,zacatecas,Mexico,462,19,4,2
2024-10-06,baja california sur,Mexico,392,20,6,0
2024-10-06,durango,Mexico,362,10,0,0
2024-10-06,campeche,Mexico,491,24,9,3
2024-10-06,nayarit,Mexico,229,4,3,0
2024-10-06,colima,Mexico,327,13,7,4
2024-10-06,tlaxcala,Mexico,371,11,3,0
2024-10-07,mexico city,Mexico,18074,936,477,56
2024-10-07,méxico,Mexico,8284,385,199,28
2024-10-07,nuevo león,Mexico,7545,293,80,18
2024-10-07,jalisco,Mexico,7795,322,102,28
2024-10-07,veracruz,Mexico,2600,93,35,5
2024-10-07,guanajuato,Mexico,2633,86,39,9
2024-10-07,sinaloa,Mexico,2101,92,23,7
2024-10-07,puebla,Mexico,2075,81,26,1
2024-10-07,querétaro,Mexico,2050,80,22,6
2024-10-07,baja california,Mexico,2137,92,29,2
2024-10-07,chihuahua,Mexico,2110,82,19,2
2024-10-07,sonora,Mexico,2089,75,19,3
2024-10-07,coahuila,Mexico,2062,255,214,9
2024-10-07,tamaulipas,Mexico,1507,58,20,6
2024-10-07,yucatán,Mexico,1719,82,22,7
2024-10-07,quintana roo,Mexico,1918,76,13,0
2024-10-07,michoacán,Mexico,1636,53,21,5
2024-10-07,morelos,Mexico,1307,48,12,2
2024-10-07,tabasco,Mexico,1412,56,19,3
2024-10-07,guerrero,Mexico,655,19,6,0
2024-10-07,chiapas,Mexico,642,31,14,2
2024-10-07,san luis potosí,Mexico,888,26,10,2
2024-10-07,hidalgo,Mexico,735,31,8,3
2024-10-07,oaxaca,Mexico,438,19,9,3
2024-10-07,aguascalientes,Mexico,674,31,10,3
2024-10-07,zacatecas,Mexico,509,19,8,3
2024-10-07,baja california sur,Mexico,473,18,4,1
2024-10-07,durango,Mexico,390,12,5,1
2024-10-07,campeche,Mexico,561,19,3,1
2024-10-07,nayarit,Mexico,270,7,1,0
2024-10-07,colima,Mexico,358,14,3,1
2024-10-07,tlaxcala,Mexico,346,14,2,0
2024-10-08,mexico city,Mexico,14508,816,495,60
2024-10-08,méxico,Mexico,6413,318,177,25
2024-10-08,nuevo león,Mexico,6104,240,82,25
2024-10-08,jalisco,Mexico,6140,234,79,26
2024-10-08,veracruz,Mexico,2042,70,27,6
2024-10-08,guanajuato,Mexico,2043,68,19,9
2024-10-08,sinaloa,Mexico,1488,54,24,5
2024-10-08,puebla,Mexico,1769,53,29,9
2024-10-08,querétaro,Mexico,1589,56,20,6
2024-10-08,baja california,Mexico,1804,76,24,5
2024-10-08,chihuahua,Mexico,1666,63,20,5
2024-10-08,sonora,Mexico,1629,60,18,3
2024-10-08,coahuila,Mexico,1629,234,197,5
2024-10-08,tamaulipas,Mexico,1277,47,17,2
2024-10-08,yucatán,Mexico,1822,73,20,9
2024-10-08,quintana roo,Mexico,1755,66,24,3
2024-10-08,michoacán,Mexico,1250,41,20,6
2024-10-08,morelos,Mexico,1007,34,12,2
2024-10-08,tabasco,Mexico,1273,46,19,5
2024-10-08,guerrero,Mexico,547,26,14,1
2024-10-08,chiapas,Mexico,549,24,8,4
2024-10-08,san luis potosí,Mexico,665,25,7,1
2024-10-08,hidalgo,Mexico,539,28,12,2
2024-10-08,oaxaca,Mexico,313,20,6,1
2024-10-08,aguascalientes,Mexico,557,24,4,1
2024-10-08,zacatecas,Mexico,407,15,3,0
2024-10-08,baja california sur,Mexico,368,19,6,0
2024-10-08,durango,Mexico,329,8,5,2
2024-10-08,campeche,Mexico,445,12,5,1
2024-10-08,nayarit,Mexico,231,10,2,1
2024-10-08,colima,Mexico,293,17,11,4
2024-10-08,tlaxcala,Mexico,485,17,3,1
2024-10-09,mexico city,Mexico,14227,768,495,53
2024-10-09,méxico,Mexico,5953,244,130,19
2024-10-09,nuevo león,Mexico,6077,253,75,17
2024-10-09,jalisco,Mexico,6072,208,82,24
2024-10-09,veracruz,Mexico,2155,74,27,8
2024-10-09,guanajuato,Mexico,2184,76,25,6
2024-10-09,sinaloa,Mexico,1736,62,24,4
2024-10-09,puebla,Mexico,1689,39,26,4
2024-10-09,querétaro,Mexico,1454,48,16,3
2024-10-09,baja california,Mexico,1705,52,19,4
2024-10-09,chihuahua,Mexico,1471,41,13,0
2024-10-09,sonora,Mexico,1735,66,13,1
2024-10-09,coahuila,Mexico,1708,275,238,5
2024-10-09,tamaulipas,Mexico,1313,57,14,2
2024-10-09,yucatán,Mexico,1546,54,28,5
2024-10-09,quintana roo,Mexico,1724,62,21,5
2024-10-09,michoacán,Mexico,1357,46,12,2
2024-10-09,morelos,Mexico,985,26,4,0
2024-10-09,tabasco,Mexico,1259,47,14,4
2024-10-09,guerrero,Mexico,570,15,5,0
2024-10-09,chiapas,Mexico,585,28,12,4
2024-10-09,san luis potosí,Mexico,684,28,8,2
2024-10-09,hidalgo,Mexico,620,17,5,0
2024-10-09,oaxaca,Mexico,347,16,1,1
2024-10-09,aguascalientes,Mexico,578,25,6,1
2024-10-09,zacatecas,Mexico,365,14,3,1
2024-10-09,baja california sur,Mexico,366,16,7,1
2024-10-09,durango,Mexico,341,14,6,0
2024-10-09,campeche,Mexico,427,10,1,0
2024-10-09,nayarit,Mexico,202,5,3,1
2024-10-09,colima,Mexico,311,20,14,4
2024-10-09,tlaxcala,Mexico,435,13,8,3
2024-10-10,mexico city,Mexico,19574,916,556,79
2024-10-10,méxico,Mexico,8326,262,91,19
2024-10-10,nuevo león,Mexico,7903,265,77,20
2024-10-10,jalisco,Mexico,8280,256,99,20
2024-10-10,veracruz,Mexico,2768,89,25,7
2024-10-10,guanajuato,Mexico,2760,68,25,6
2024-10-10,sinaloa,Mexico,2196,75,21,3
2024-10-10,puebla,Mexico,2251,52,27,5
2024-10-10,querétaro,Mexico,2184,70,20,9
2024-10-10,baja california,Mexico,2217,83,22,1
2024-10-10,chihuahua,Mexico,1905,76,25,7
2024-10-10,sonora,Mexico,2147,83,14,4
2024-10-10,coahuila,Mexico,2149,327,292,4
2024-10-10,tamaulipas,Mexico,1554,48,10,4
2024-10-10,yucatán,Mexico,1979,65,33,6
2024-10-10,quintana roo,Mexico,2123,82,20,5
2024-10-10,michoacán,Mexico,1828,47,18,4
2024-10-10,morelos,Mexico,1278,43,5,0
2024-10-10,tabasco,Mexico,1396,33,18,4
2024-10-10,guerrero,Mexico,638,20,2,0
2024-10-10,chiapas,Mexico,722,20,10,4
2024-10-10,san luis potosí,Mexico,824,18,8,1
2024-10-10,hidalgo,Mexico,715,28,6,2
2024-10-10,oaxaca,Mexico,439,12,5,1
2024-10-10,aguascalientes,Mexico,688,30,6,1
2024-10-10,zacatecas,Mexico,563,14,6,3
2024-10-10,baja california sur,Mexico,535,20,5,0
2024-10-10,durango,Mexico,450,11,1,0
2024-10-10,campeche,Mexico,495,22,5,2
2024-10-10,nayarit,Mexico,290,12,1,0
2024-10-10,colima,Mexico,392,12,3,0
2024-10-10,tlaxcala,Mexico,494,9,2,0
2024-10-11,mexico city,Mexico,17927,783,469,48
2024-10-11,méxico,Mexico,7584,232,87,24
2024-10-11,nuevo león,Mexico,7352,202,64,11
2024-10-11,jalisco,Mexico,7636,224,72,21
2024-10-11,veracruz,Mexico,2741,79,31,8
2024-10-11,guanajuato,Mexico,2711,89,28,7
2024-10-11,sinaloa,Mexico,2081,63,22,2
2024-10-11,puebla,Mexico,2293,59,21,3
2024-10-11,querétaro,Mexico,2062,63,20,1
2024-10-11,baja california,Mexico,2113,70,21,6
2024-10-11,chihuahua,Mexico,1809,54,15,3
2024-10-11,sonora,Mexico,1903,67,16,1
2024-10-11,coahuila,Mexico,1986,306,277,1
2024-10-11,tamaulipas,Mexico,1569,51,15,3
2024-10-11,yucatán,Mexico,1853,59,18,4
2024-10-11,quintana roo,Mexico,2057,66,22,3
2024-10-11,michoacán,Mexico,1746,46,17,4
2024-10-11,morelos,Mexico,1225,34,14,3
2024-10-11,tabasco,Mexico,1503,43,15,2
2024-10-11,guerrero,Mexico,635,10,6,1
2024-10-11,chiapas,Mexico,699,29,17,3
2024-10-11,san luis potosí,Mexico,808,22,13,3
2024-10-11,hidalgo,Mexico,707,13,3,1
2024-10-11,oaxaca,Mexico,383,10,3,3
2024-10-11,aguascalientes,Mexico,666,25,4,0
2024-10-11,zacatecas,Mexico,522,13,4,0
2024-10-11,baja california sur,Mexico,527,15,3,0
2024-10-11,durango,Mexico,413,10,6,2
2024-10-11,campeche,Mexico,470,12,0,0
2024-10-11,nayarit,Mexico,293,7,1,0
2024-10-11,colima,Mexico,374,12,4,1
2024-10-11,tlaxcala,Mexico,443,12,2,1
2024-10-12,mexico city,Mexico,16448,730,456,52
2024-10-12,méxico,Mexico,7374,219,94,28
2024-10-12,nuevo león,Mexico,6461,199,51,10
2024-10-12,jalisco,Mexico,6879,229,73,27
2024-10-12,veracruz,Mexico,2461,54,35,6
2024-10-12,guanajuato,Mexico,2513,53,25,7
2024-10-12,sinaloa,Mexico,1904,72,27,10
2024-10-12,puebla,Mexico,2046,65,21,6
2024-10-12,querétaro,Mexico,1958,76,17,5
2024-10-12,baja california,Mexico,1869,55,17,1
2024-10-12,chihuahua,Mexico,1726,52,32,10
2024-10-12,sonora,Mexico,1951,50,13,2
2024-10-12,coahuila,Mexico,1850,324,281,5
2024-10-12,tamaulipas,Mexico,1325,30,10,5
2024-10-12,yucatán,Mexico,1744,55,14,4
2024-10-12,quintana roo,Mexico,1859,58,26,5
2024-10-12,michoacán,Mexico,1602,39,13,6
2024-10-12,morelos,Mexico,1193,25,12,0
2024-10-12,tabasco,Mexico,1273,40,23,6
2024-10-12,guerrero,Mexico,584,20,6,1
2024-10-12,chiapas,Mexico,618,17,7,1
2024-10-12,san luis potosí,Mexico,751,27,10,1
2024-10-12,hidalgo,Mexico,717,20,11,2
2024-10-12,oaxaca,Mexico,392,11,5,1
2024-10-12,aguascalientes,Mexico,600,23,1,1
2024-10-12,zacatecas,Mexico,481,11,2,1
2024-10-12,baja california sur,Mexico,401,13,4,0
2024-10-12,durango,Mexico,364,6,4,0
2024-10-12,campeche,Mexico,455,13,6,1
2024-10-12,nayarit,Mexico,249,10,5,2
2024-10-12,colima,Mexico,310,13,6,1
2024-10-12,tlaxcala,Mexico,430,11,4,2
2024-10-13,mexico city,Mexico,16442,747,478,56
2024-10-13,méxico,Mexico,7640,216,91,21
2024-10-13,nuevo león,Mexico,6699,226,69,11
2024-10-13,jalisco,Mexico,6741,236,78,20
2024-10-13,veracruz,Mexico,2454,56,30,4
2024-10-13,guanajuato,Mexico,2563,65,20,4
2024-10-13,sinaloa,Mexico,1898,59,12,3
2024-10-13,puebla,Mexico,1957,48,17,2
2024-10-13,querétaro,Mexico,1853,50,15,3
2024-10-13,baja california,Mexico,1778,57,14,2
2024-10-13,chihuahua,Mexico,1677,49,19,5
2024-10-13,sonora,Mexico,1802,53,17,4
2024-10-13,coahuila,Mexico,1932,323,281,1
2024-10-13,tamaulipas,Mexico,1386,39,10,2
2024-10-13,yucatán,Mexico,1656,47,21,7
2024-10-13,quintana roo,Mexico,1970,61,26,5
2024-10-13,michoacán,Mexico,1598,44,17,2
2024-10-13,morelos,Mexico,1176,30,13,4
2024-10-13,tabasco,Mexico,1356,38,9,3
2024-10-13,guerrero,Mexico,611,25,6,0
2024-10-13,chiapas,Mexico,635,21,9,2
2024-10-13,san luis potosí,Mexico,796,29,8,2
2024-10-13,hidalgo,Mexico,670,15,14,4
2024-10-13,oaxaca,Mexico,376,11,8,2
2024-10-13,aguascalientes,Mexico,624,21,13,4
2024-10-13,zacatecas,Mexico,498,10,3,0
2024-10-13,baja california sur,Mexico,383,5,1,1
2024-10-13,durango,Mexico,400,15,7,1
2024-10-13,campeche,Mexico,445,15,4,1
2024-10-13,nayarit,Mexico,267,11,3,1
2024-10-13,colima,Mexico,343,9,3,1
2024-10-13,tlaxcala,Mexico,403,14,5,1
2024-10-14,mexico city,Mexico,17637,752,439,65
2024-10-14,méxico,Mexico,7796,248,124,36
2024-10-14,nuevo león,Mexico,6902,224,69,17
2024-10-14,jalisco,Mexico,6843,236,70,21
2024-10-14,veracruz,Mexico,2583,72,27,6
2024-10-14,guanajuato,Mexico,2558,74,26,4
2024-10-14,sinaloa,Mexico,1854,64,21,5
2024-10-14,puebla,Mexico,2136,52,31,8
2024-10-14,querétaro,Mexico,2015,55,25,9
2024-10-14,baja california,Mexico,2120,74,28,4
2024-10-14,chihuahua,Mexico,1742,56,22,3
2024-10-14,sonora,Mexico,2155,65,15,3
2024-10-14,coahuila,Mexico,1970,285,247,2
2024-10-14,tamaulipas,Mexico,1357,37,12,0
2024-10-14,yucatán,Mexico,1900,71,19,4
2024-10-14,quintana roo,Mexico,1885,58,22,8
2024-10-14,michoacán,Mexico,1635,45,21,8
2024-10-14,morelos,Mexico,1139,33,17,5
2024-10-14,tabasco,Mexico,1354,51,14,2
2024-10-14,guerrero,Mexico,616,23,4,1
2024-10-14,chiapas,Mexico,664,14,2,0
2024-10-14,san luis potosí,Mexico,849,17,8,1
2024-10-14,hidalgo,Mexico,737,17,11,3
2024-10-14,oaxaca,Mexico,308,9,1,0
2024-10-14,aguascalientes,Mexico,636,17,6,1
2024-10-14,zacatecas,Mexico,499,11,4,0
2024-10-14,baja california sur,Mexico,387,13,4,2
2024-10-14,durango,Mexico,386,8,5,0
2024-10-14,campeche,Mexico,440,12,6,3
2024-10-14,nayarit,Mexico,264,6,1,0
2024-10-14,colima,Mexico,353,18,8,3
2024-10-14,tlaxcala,Mexico,373,9,2,0
2024-10-15,mexico city,Mexico,17268,721,411,65
2024-10-15,méxico,Mexico,7418,250,98,23
2024-10-15,nuevo león,Mexico,6687,238,70,17
2024-10-15,jalisco,Mexico,7202,254,91,28
2024-10-15,veracruz,Mexico,2382,74,32,8
2024-10-15,guanajuato,Mexico,2542,103,26,7
2024-10-15,sinaloa,Mexico,1918,69,32,6
2024-10-15,puebla,Mexico,2138,58,27,8
2024-10-15,querétaro,Mexico,2013,69,22,6
2024-10-15,baja california,Mexico,1899,64,12,1
2024-10-15,chihuahua,Mexico,1870,56,29,7
2024-10-15,sonora,Mexico,1920,70,16,3
2024-10-15,coahuila,Mexico,1896,246,215,3
2024-10-15,tamaulipas,Mexico,1384,41,8,2
2024-10-15,yucatán,Mexico,1893,56,20,3
2024-10-15,quintana roo,Mexico,1883,51,16,6
2024-10-15,michoacán,Mexico,1630,56,14,3
2024-10-15,morelos,Mexico,1188,24,10,4
2024-10-15,tabasco,Mexico,1341,42,12,2
2024-10-15,guerrero,Mexico,641,16,7,1
2024-10-15,chiapas,Mexico,675,12,6,0
2024-10-15,san luis potosí,Mexico,784,23,9,4
2024-10-15,hidalgo,Mexico,732,28,12,2
2024-10-15,oaxaca,Mexico,348,12,3,0
2024-10-15,aguascalientes,Mexico,678,21,9,1
2024-10-15,zacatecas,Mexico,529,14,3,1
2024-10-15,baja california sur,Mexico,382,21,8,1
2024-10-15,durango,Mexico,338,12,6,0
2024-10-15,campeche,Mexico,454,14,2,0
2024-10-15,nayarit,Mexico,296,19,6,1
2024-10-15,colima,Mexico,389,11,3,2
2024-10-15,tlaxcala,Mexico,391,10,4,1
2024-10-16,mexico city,Mexico,19309,774,434,54
2024-10-16,méxico,Mexico,8407,244,105,38
2024-10-16,nuevo león,Mexico,7437,256,61,20
2024-10-16,jalisco,Mexico,7932,272,94,30
2024-10-16,veracruz,Mexico,2638,61,21,3
2024-10-16,guanajuato,Mexico,2907,76,30,9
2024-10-16,sinaloa,Mexico,2109,67,26,5
2024-10-16,puebla,Mexico,2480,67,25,3
2024-10-16,querétaro,Mexico,2161,68,24,9
2024-10-16,baja california,Mexico,2062,74,15,1
2024-10-16,chihuahua,Mexico,2011,75,22,4
2024-10-16,sonora,Mexico,2108,62,17,4
2024-10-16,coahuila,Mexico,1985,292,247,4
2024-10-16,tamaulipas,Mexico,1499,45,14,3
2024-10-16,yucatán,Mexico,2085,60,23,3
2024-10-16,quintana roo,Mexico,2065,58,15,4
2024-10-16,michoacán,Mexico,1826,49,18,2
2024-10-16,morelos,Mexico,1390,49,15,5
2024-10-16,tabasco,Mexico,1478,46,18,2
2024-10-16,guerrero,Mexico,751,24,10,1
2024-10-16,chiapas,Mexico,622,13,6,2
2024-10-16,san luis potosí,Mexico,928,30,16,1
2024-10-16,hidalgo,Mexico,815,23,5,1
2024-10-16,oaxaca,Mexico,448,23,5,2
2024-10-16,aguascalientes,Mexico,692,16,7,1
2024-10-16,zacatecas,Mexico,571,13,4,2
2024-10-16,baja california sur,Mexico,429,21,7,0
2024-10-16,durango,Mexico,355,12,4,0
2024-10-16,campeche,Mexico,489,15,7,1
2024-10-16,nayarit,Mexico,283,11,2,0
2024-10-16,colima,Mexico,376,16,9,1
2024-10-16,tlaxcala,Mexico,378,5,4,0
2024-10-17,mexico city,Mexico,22854,859,491,61
2024-10-17,méxico,Mexico,9983,279,116,27
2024-10-17,nuevo león,Mexico,8188,256,85,18
2024-10-17,jalisco,Mexico,8618,253,76,19
2024-10-17,veracruz,Mexico,3299,79,26,4
2024-10-17,guanajuato,Mexico,3213,99,45,4
2024-10-17,sinaloa,Mexico,2335,65,28,6
2024-10-17,puebla,Mexico,2853,68,27,7
2024-10-17,querétaro,Mexico,2591,67,27,5
2024-10-17,baja california,Mexico,2439,64,22,4
2024-10-17,chihuahua,Mexico,2291,58,27,7
2024-10-17,sonora,Mexico,2373,59,15,5
2024-10-17,coahuila,Mexico,2215,300,264,2
2024-10-17,tamaulipas,Mexico,1593,29,11,1
2024-10-17,yucatán,Mexico,2507,70,23,6
2024-10-17,quintana roo,Mexico,2475,77,24,7
2024-10-17,michoacán,Mexico,1994,42,20,3
2024-10-17,morelos,Mexico,1530,40,12,7
2024-10-17,tabasco,Mexico,1635,33,15,5
2024-10-17,guerrero,Mexico,793,18,11,3
2024-10-17,chiapas,Mexico,795,33,9,3
2024-10-17,san luis potosí,Mexico,1124,29,7,1
2024-10-17,hidalgo,Mexico,876,22,8,1
2024-10-17,oaxaca,Mexico,453,9,3,1
2024-10-17,aguascalientes,Mexico,801,27,5,0
2024-10-17,zacatecas,Mexico,637,19,7,1
2024-10-17,baja california sur,Mexico,501,11,3,0
2024-10-17,durango,Mexico,426,11,1,1
2024-10-17,campeche,Mexico,590,20,14,3
2024-10-17,nayarit,Mexico,372,10,4,1
2024-10-17,colima,Mexico,402,19,9,2
2024-10-17,tlaxcala,Mexico,454,5,3,0
2024-10-18,mexico city,Mexico,14732,638,437,66
2024-10-18,méxico,Mexico,6284,185,92,22
2024-10-18,nuevo león,Mexico,5929,198,70,14
2024-10-18,jalisco,Mexico,6090,199,83,22
2024-10-18,veracruz,Mexico,2087,53,28,1
2024-10-18,guanajuato,Mexico,2066,63,20,1
2024-10-18,sinaloa,Mexico,1526,45,11,2
2024-10-18,puebla,Mexico,1876,50,34,7
2024-10-18,querétaro,Mexico,1682,36,18,6
2024-10-18,baja california,Mexico,1561,55,11,2
2024-10-18,chihuahua,Mexico,1543,57,8,3
2024-10-18,sonora,Mexico,1614,55,17,6
2024-10-18,coahuila,Mexico,1578,251,219,3
2024-10-18,tamaulipas,Mexico,1066,19,10,1
2024-10-18,yucatán,Mexico,1701,59,25,3
2024-10-18,quintana roo,Mexico,1752,61,17,5
2024-10-18,michoacán,Mexico,1292,33,17,0
2024-10-18,morelos,Mexico,1027,27,13,2
2024-10-18,tabasco,Mexico,1136,52,14,3
2024-10-18,guerrero,Mexico,494,14,4,2
2024-10-18,chiapas,Mexico,553,16,4,0
2024-10-18,san luis potosí,Mexico,656,15,7,1
2024-10-18,hidalgo,Mexico,615,19,10,3
2024-10-18,oaxaca,Mexico,284,8,8,3
2024-10-18,aguascalientes,Mexico,518,22,2,0
2024-10-18,zacatecas,Mexico,442,20,3,2
2024-10-18,baja california sur,Mexico,320,18,6,1
2024-10-18,durango,Mexico,306,6,0,0
2024-10-18,campeche,Mexico,361,9,2,1
2024-10-18,nayarit,Mexico,238,5,3,0
2024-10-18,colima,Mexico,306,13,4,0
2024-10-18,tlaxcala,Mexico,315,12,9,2
2024-10-19,mexico city,Mexico,14194,564,355,30
2024-10-19,méxico,Mexico,6444,196,99,13
2024-10-19,nuevo león,Mexico,6157,171,58,12
2024-10-19,jalisco,Mexico,6247,177,68,12
2024-10-19,veracruz,Mexico,2331,60,18,3
2024-10-19,guanajuato,Mexico,2382,55,19,3
2024-10-19,sinaloa,Mexico,1763,63,28,6
2024-10-19,puebla,Mexico,1983,42,18,4
2024-10-19,querétaro,Mexico,1791,58,12,3
2024-10-19,baja california,Mexico,1657,51,14,1
2024-10-19,chihuahua,Mexico,1688,61,17,3
2024-10-19,sonora,Mexico,1698,50,13,2
2024-10-19,coahuila,Mexico,1773,244,177,1
2024-10-19,tamaulipas,Mexico,1211,28,13,0
2024-10-19,yucatán,Mexico,1820,46,14,1
2024-10-19,quintana roo,Mexico,2146,55,9,4
2024-10-19,michoacán,Mexico,1440,31,6,1
2024-10-19,morelos,Mexico,1111,35,7,1
2024-10-19,tabasco,Mexico,1336,41,6,2
2024-10-19,guerrero,Mexico,570,15,7,2
2024-10-19,chiapas,Mexico,606,12,4,2
2024-10-19,san luis potosí,Mexico,715,10,11,2
2024-10-19,hidalgo,Mexico,660,18,10,2
2024-10-19,oaxaca,Mexico,342,9,6,4
2024-10-19,aguascalientes,Mexico,532,11,4,0
2024-10-19,zacatecas,Mexico,471,12,7,2
2024-10-19,baja california sur,Mexico,383,21,11,2
2024-10-19,durango,Mexico,338,9,3,1
2024-10-19,campeche,Mexico,486,13,5,0
2024-10-19,nayarit,Mexico,237,6,5,2
2024-10-19,colima,Mexico,322,10,5,0
2024-10-19,tlaxcala,Mexico,381,10,14,2
2024-10-20,mexico city,Mexico,16135,701,397,49
2024-10-20,méxico,Mexico,7947,244,102,30
2024-10-20,nuevo león,Mexico,6699,199,76,21
2024-10-20,jalisco,Mexico,6635,228,72,17
2024-10-20,veracruz,Mexico,2837,75,22,4
2024-10-20,guanajuato,Mexico,2649,65,25,7
2024-10-20,sinaloa,Mexico,1729,58,19,2
2024-10-20,puebla,Mexico,2228,41,21,4
2024-10-20,querétaro,Mexico,2030,63,18,5
2024-10-20,baja california,Mexico,1908,53,16,1
2024-10-20,chihuahua,Mexico,1937,56,17,5
2024-10-20,sonora,Mexico,1835,54,16,4
2024-10-20,coahuila,Mexico,2081,301,289,6
2024-10-20,tamaulipas,Mexico,1401,40,13,3
2024-10-20,yucatán,Mexico,1954,70,27,6
2024-10-20,quintana roo,Mexico,2159,72,15,6
2024-10-20,michoacán,Mexico,1671,40,15,2
2024-10-20,morelos,Mexico,1255,32,10,2
2024-10-20,tabasco,Mexico,1390,33,16,1
2024-10-20,guerrero,Mexico,642,14,5,1
2024-10-20,chiapas,Mexico,733,21,9,3
2024-10-20,san luis potosí,Mexico,831,27,11,3
2024-10-20,hidalgo,Mexico,792,18,14,4
2024-10-20,oaxaca,Mexico,396,14,2,0
2024-10-20,aguascalientes,Mexico,569,28,6,2
2024-10-20,zacatecas,Mexico,530,21,8,3
2024-10-20,baja california sur,Mexico,407,8,4,0
2024-10-20,durango,Mexico,437,18,2,0
2024-10-20,campeche,Mexico,483,10,8,3
2024-10-20,nayarit,Mexico,275,9,2,0
2024-10-20,colima,Mexico,357,14,6,0
2024-10-20,tlaxcala,Mexico,430,18,2,0
2024-10-21,mexico city,Mexico,18216,757,469,72
2024-10-21,méxico,Mexico,7914,256,131,29
2024-10-21,nuevo león,Mexico,7497,218,60,10
2024-10-21,jalisco,Mexico,7187,247,98,27
2024-10-21,veracruz,Mexico,2910,64,26,5
2024-10-21,guanajuato,Mexico,2628,83,30,6
2024-10-21,sinaloa,Mexico,2026,57,27,3
2024-10-21,puebla,Mexico,2169,61,23,5
2024-10-21,querétaro,Mexico,2156,81,28,5
2024-10-21,baja california,Mexico,1970,67,24,2
2024-10-21,chihuahua,Mexico,1940,57,25,9
2024-10-21,sonora,Mexico,1993,57,12,3
2024-10-21,coahuila,Mexico,1955,348,294,8
2024-10-21,tamaulipas,Mexico,1479,42,14,1
2024-10-21,yucatán,Mexico,1924,53,28,6
2024-10-21,quintana roo,Mexico,1999,44,19,5
2024-10-21,michoacán,Mexico,1564,53,24,2
2024-10-21,morelos,Mexico,1239,35,9,1
2024-10-21,tabasco,Mexico,1397,50,16,5
2024-10-21,guerrero,Mexico,638,16,8,2
2024-10-21,chiapas,Mexico,680,18,9,2
2024-10-21,san luis potosí,Mexico,849,32,9,3
2024-10-21,hidalgo,Mexico,772,20,16,5
2024-10-21,oaxaca,Mexico,361,9,3,1
2024-10-21,aguascalientes,Mexico,599,25,5,1
2024-10-21,zacatecas,Mexico,523,21,8,2
2024-10-21,baja california sur,Mexico,465,19,6,2
2024-10-21,durango,Mexico,352,11,5,2
2024-10-21,campeche,Mexico,429,15,6,1
2024-10-21,nayarit,Mexico,288,10,3,1
2024-10-21,colima,Mexico,341,13,2,0
2024-10-21,tlaxcala,Mexico,378,10,1,0
2024-10-22,mexico city,Mexico,15709,713,429,57
2024-10-22,méxico,Mexico,6646,225,106,23
2024-10-22,nuevo león,Mexico,6718,225,83,22
2024-10-22,jalisco,Mexico,6445,223,89,26
2024-10-22,veracruz,Mexico,2225,61,17,5
2024-10-22,guanajuato,Mexico,2373,68,32,7
2024-10-22,sinaloa,Mexico,1802,76,33,7
2024-10-22,puebla,Mexico,1880,53,23,3
2024-10-22,querétaro,Mexico,1840,80,21,6
2024-10-22,baja california,Mexico,1835,58,12,0
2024-10-22,chihuahua,Mexico,1845,59,28,10
2024-10-22,sonora,Mexico,1816,62,21,1
2024-10-22,coahuila,Mexico,1836,322,290,4
2024-10-22,tamaulipas,Mexico,1312,32,8,3
2024-10-22,yucatán,Mexico,1774,85,29,6
2024-10-22,quintana roo,Mexico,1685,51,19,4
2024-10-22,michoacán,Mexico,1353,36,8,5
2024-10-22,morelos,Mexico,1092,36,13,4
2024-10-22,tabasco,Mexico,1259,37,16,0
2024-10-22,guerrero,Mexico,549,15,7,0
2024-10-22,chiapas,Mexico,620,23,4,1
2024-10-22,san luis potosí,Mexico,710,26,10,2
2024-10-22,hidalgo,Mexico,605,22,11,3
2024-10-22,oaxaca,Mexico,344,7,3,0
2024-10-22,aguascalientes,Mexico,629,16,14,2
2024-10-22,zacatecas,Mexico,472,15,7,1
2024-10-22,baja california sur,Mexico,437,15,3,0
2024-10-22,durango,Mexico,374,16,2,0
2024-10-22,campeche,Mexico,395,14,1,0
2024-10-22,nayarit,Mexico,270,17,4,0
2024-10-22,colima,Mexico,317,8,1,0
2024-10-22,tlaxcala,Mexico,304,10,4,1
2024-10-23,mexico city,Mexico,16636,703,433,58
2024-10-23,méxico,Mexico,7362,214,86,21
2024-10-23,nuevo león,Mexico,6412,208,62,10
2024-10-23,jalisco,Mexico,5895,191,74,16
2024-10-23,veracruz,Mexico,2158,62,37,9
2024-10-23,guanajuato,Mexico,2230,62,21,4
2024-10-23,sinaloa,Mexico,1712,58,20,2
2024-10-23,puebla,Mexico,1776,54,26,6
2024-10-23,querétaro,Mexico,1735,45,22,3
2024-10-23,baja california,Mexico,1796,51,13,3
2024-10-23,chihuahua,Mexico,1812,69,17,3
2024-10-23,sonora,Mexico,1883,58,17,6
2024-10-23,coahuila,Mexico,1775,324,299,5
2024-10-23,tamaulipas,Mexico,1258,32,9,2
2024-10-23,yucatán,Mexico,1756,53,20,9
2024-10-23,quintana roo,Mexico,1664,48,12,4
2024-10-23,michoacán,Mexico,1295,38,15,3
2024-10-23,morelos,Mexico,950,25,11,3
2024-10-23,tabasco,Mexico,1203,38,17,1
2024-10-23,guerrero,Mexico,544,22,5,2
2024-10-23,chiapas,Mexico,613,23,10,3
2024-10-23,san luis potosí,Mexico,733,32,16,3
2024-10-23,hidalgo,Mexico,613,11,10,3
2024-10-23,oaxaca,Mexico,332,8,1,0
2024-10-23,aguascalientes,Mexico,660,24,6,2
2024-10-23,zacatecas,Mexico,468,7,4,0
2024-10-23,baja california sur,Mexico,359,12,2,2
2024-10-23,durango,Mexico,342,3,2,0
2024-10-23,campeche,Mexico,352,8,3,0
2024-10-23,nayarit,Mexico,269,12,4,2
2024-10-23,colima,Mexico,321,16,7,4
2024-10-23,tlaxcala,Mexico,310,13,1,0
2024-10-24,mexico city,Mexico,17193,728,421,74
2024-10-24,méxico,Mexico,7748,220,116,24
2024-10-24,nuevo león,Mexico,6944,205,70,14
2024-10-24,jalisco,Mexico,6716,215,67,9
2024-10-24,veracruz,Mexico,2145,69,23,0
2024-10-24,guanajuato,Mexico,2310,70,34,11
2024-10-24,sinaloa,Mexico,1836,61,24,1
2024-10-24,puebla,Mexico,2041,50,15,3
2024-10-24,querétaro,Mexico,1791,44,15,3
2024-10-24,baja california,Mexico,1954,63,19,2
2024-10-24,chihuahua,Mexico,1874,72,23,5
2024-10-24,sonora,Mexico,1821,66,33,7
2024-10-24,coahuila,Mexico,1875,332,301,3
2024-10-24,tamaulipas,Mexico,1235,47,13,4
2024-10-24,yucatán,Mexico,1835,55,16,2
2024-10-24,quintana roo,Mexico,1815,58,17,4
2024-10-24,michoacán,Mexico,1483,44,21,5
2024-10-24,morelos,Mexico,1000,29,8,2
2024-10-24,tabasco,Mexico,1251,41,18,5
2024-10-24,guerrero,Mexico,598,23,10,1
2024-10-24,chiapas,Mexico,542,21,5,1
2024-10-24,san luis potosí,Mexico,763,20,12,4
2024-10-24,hidalgo,Mexico,580,15,9,1
2024-10-24,oaxaca,Mexico,347,8,5,0
2024-10-24,aguascalientes,Mexico,644,18,12,1
2024-10-24,zacatecas,Mexico,524,15,8,2
2024-10-24,baja california sur,Mexico,387,10,2,0
2024-10-24,durango,Mexico,439,11,5,2
2024-10-24,campeche,Mexico,393,13,6,1
2024-10-24,nayarit,Mexico,275,6,6,2
2024-10-24,colima,Mexico,290,7,4,0
2024-10-24,tlaxcala,Mexico,320,5,2,0
2024-10-25,mexico city,Mexico,17660,718,408,39
2024-10-25,méxico,Mexico,7785,230,95,19
2024-10-25,nuevo león,Mexico,7085,194,72,15
2024-10-25,jalisco,Mexico,6734,220,62,17
2024-10-25,veracruz,Mexico,2269,69,15,5
2024-10-25,guanajuato,Mexico,2504,59,21,6
2024-10-25,sinaloa,Mexico,1883,60,20,5
2024-10-25,puebla,Mexico,2042,52,19,2
2024-10-25,querétaro,Mexico,2004,51,21,3
2024-10-25,baja california,Mexico,1964,59,21,10
2024-10-25,chihuahua,Mexico,2002,60,25,9
2024-10-25,sonora,Mexico,1968,62,16,0
2024-10-25,coahuila,Mexico,2014,366,349,4
2024-10-25,tamaulipas,Mexico,1289,33,10,1
2024-10-25,yucatán,Mexico,1725,46,15,5
2024-10-25,quintana roo,Mexico,1881,66,15,0
2024-10-25,michoacán,Mexico,1620,36,25,8
2024-10-25,morelos,Mexico,1040,25,11,1
2024-10-25,tabasco,Mexico,1310,41,14,2
2024-10-25,guerrero,Mexico,488,7,5,1
2024-10-25,chiapas,Mexico,631,21,8,2
2024-10-25,san luis potosí,Mexico,857,25,4,0
2024-10-25,hidalgo,Mexico,682,5,5,1
2024-10-25,oaxaca,Mexico,312,6,2,0
2024-10-25,aguascalientes,Mexico,626,22,8,1
2024-10-25,zacatecas,Mexico,527,15,3,2
2024-10-25,baja california sur,Mexico,377,8,4,2
2024-10-25,durango,Mexico,387,5,3,1
2024-10-25,campeche,Mexico,415,10,4,1
2024-10-25,nayarit,Mexico,260,8,3,1
2024-10-25,colima,Mexico,294,9,7,1
2024-10-25,tlaxcala,Mexico,365,10,4,0
2024-10-26,mexico city,Mexico,15608,658,348,45
2024-10-26,méxico,Mexico,7194,206,78,14
2024-10-26,nuevo león,Mexico,6232,183,64,18
2024-10-26,jalisco,Mexico,6275,250,87,29
2024-10-26,veracruz,Mexico,2172,60,25,4
2024-10-26,guanajuato,Mexico,2201,60,24,4
2024-10-26,sinaloa,Mexico,1823,55,12,1
2024-10-26,puebla,Mexico,1777,38,14,3
2024-10-26,querétaro,Mexico,1792,40,20,4
2024-10-26,baja california,Mexico,1841,63,18,6
2024-10-26,chihuahua,Mexico,1824,71,25,4
2024-10-26,sonora,Mexico,1771,57,16,2
2024-10-26,coahuila,Mexico,1813,379,345,3
2024-10-26,tamaulipas,Mexico,1214,37,17,2
2024-10-26,yucatán,Mexico,1607,40,24,5
2024-10-26,quintana roo,Mexico,1842,56,31,4
2024-10-26,michoacán,Mexico,1314,38,8,3
2024-10-26,morelos,Mexico,936,33,11,3
2024-10-26,tabasco,Mexico,1283,43,6,0
2024-10-26,guerrero,Mexico,480,14,8,4
2024-10-26,chiapas,Mexico,579,16,8,2
2024-10-26,san luis potosí,Mexico,698,12,6,3
2024-10-26,hidalgo,Mexico,664,20,8,6
2024-10-26,oaxaca,Mexico,321,18,3,1
2024-10-26,aguascalientes,Mexico,619,15,4,2
2024-10-26,zacatecas,Mexico,463,11,0,0
2024-10-26,baja california sur,Mexico,375,19,7,0
2024-10-26,durango,Mexico,357,10,4,0
2024-10-26,campeche,Mexico,418,18,3,0
2024-10-26,nayarit,Mexico,254,8,3,1
2024-10-26,colima,Mexico,333,12,5,2
2024-10-26,tlaxcala,Mexico,312,9,1,0
2024-10-27,mexico city,Mexico,16468,737,371,53
2024-10-27,méxico,Mexico,7823,279,111,32
2024-10-27,nuevo león,Mexico,6513,184,63,12
2024-10-27,jalisco,Mexico,6706,231,71,18
2024-10-27,veracruz,Mexico,2411,66,26,7
2024-10-27,guanajuato,Mexico,2346,79,27,4
2024-10-27,sinaloa,Mexico,1820,71,20,4
2024-10-27,puebla,Mexico,1691,50,25,5
2024-10-27,querétaro,Mexico,1816,52,23,3
2024-10-27,baja california,Mexico,1809,54,24,4
2024-10-27,chihuahua,Mexico,1928,83,26,5
2024-10-27,sonora,Mexico,1768,60,17,4
2024-10-27,coahuila,Mexico,1961,381,347,2
2024-10-27,tamaulipas,Mexico,1328,44,7,1
2024-10-27,yucatán,Mexico,1639,51,18,5
2024-10-27,quintana roo,Mexico,2108,82,22,4
2024-10-27,michoacán,Mexico,1436,39,13,1
2024-10-27,morelos,Mexico,1017,45,19,4
2024-10-27,tabasco,Mexico,1249,38,12,4
2024-10-27,guerrero,Mexico,478,16,8,1
2024-10-27,chiapas,Mexico,679,31,9,5
2024-10-27,san luis potosí,Mexico,709,24,4,2
2024-10-27,hidalgo,Mexico,685,22,11,3
2024-10-27,oaxaca,Mexico,331,15,3,1
2024-10-27,aguascalientes,Mexico,614,31,7,1
2024-10-27,zacatecas,Mexico,571,13,9,3
2024-10-27,baja california sur,Mexico,395,17,8,2
2024-10-27,durango,Mexico,379,21,4,2
2024-10-27,campeche,Mexico,412,14,6,2
2024-10-27,nayarit,Mexico,226,6,2,0
2024-10-27,colima,Mexico,324,19,0,0
2024-10-27,tlaxcala,Mexico,348,10,4,1
2024-10-28,mexico city,Mexico,21068,896,482,72
2024-10-28,méxico,Mexico,6839,226,85,17
2024-10-28,nuevo león,Mexico,9186,404,235,17
2024-10-28,jalisco,Mexico,6638,258,103,28
2024-10-28,veracruz,Mexico,3218,103,35,10
2024-10-28,guanajuato,Mexico,2354,82,23,1
2024-10-28,sinaloa,Mexico,2554,101,36,6
2024-10-28,puebla,Mexico,2119,55,20,4
2024-10-28,querétaro,Mexico,2658,83,28,8
2024-10-28,baja california,Mexico,2409,89,23,5
2024-10-28,chihuahua,Mexico,2234,67,21,4
2024-10-28,sonora,Mexico,1848,68,12,1
2024-10-28,coahuila,Mexico,1835,228,206,2
2024-10-28,tamaulipas,Mexico,1439,41,17,2
2024-10-28,yucatán,Mexico,2036,59,27,9
2024-10-28,quintana roo,Mexico,2032,81,19,3
2024-10-28,michoacán,Mexico,1726,62,24,4
2024-10-28,morelos,Mexico,980,33,10,5
2024-10-28,tabasco,Mexico,1380,42,13,4
2024-10-28,guerrero,Mexico,815,25,7,2
2024-10-28,chiapas,Mexico,944,38,9,1
2024-10-28,san luis potosí,Mexico,740,17,5,0
2024-10-28,hidalgo,Mexico,743,28,11,1
2024-10-28,oaxaca,Mexico,544,20,10,3
2024-10-28,aguascalientes,Mexico,743,18,10,3
2024-10-28,zacatecas,Mexico,529,15,10,0
2024-10-28,baja california sur,Mexico,508,21,10,1
2024-10-28,durango,Mexico,475,15,3,0
2024-10-28,campeche,Mexico,409,19,7,0
2024-10-28,nayarit,Mexico,320,9,1,1
2024-10-28,colima,Mexico,378,18,4,2
2024-10-28,tlaxcala,Mexico,318,12,3,1
2024-10-29,mexico city,Mexico,18855,843,486,75
2024-10-29,méxico,Mexico,4870,161,83,19
2024-10-29,nuevo león,Mexico,8642,555,414,17
2024-10-29,jalisco,Mexico,5703,230,84,21
2024-10-29,veracruz,Mexico,2645,91,32,7
2024-10-29,guanajuato,Mexico,1746,44,26,4
2024-10-29,sinaloa,Mexico,2291,77,27,9
2024-10-29,puebla,Mexico,1808,64,19,4
2024-10-29,querétaro,Mexico,2297,54,30,10
2024-10-29,baja california,Mexico,1976,60,25,7
2024-10-29,chihuahua,Mexico,1933,54,27,3
2024-10-29,sonora,Mexico,1490,57,19,4
2024-10-29,coahuila,Mexico,1437,37,21,3
2024-10-29,tamaulipas,Mexico,1228,34,18,5
2024-10-29,yucatán,Mexico,1701,65,29,6
2024-10-29,quintana roo,Mexico,1892,50,22,2
2024-10-29,michoacán,Mexico,1442,52,20,6
2024-10-29,morelos,Mexico,836,21,8,1
2024-10-29,tabasco,Mexico,971,42,9,2
2024-10-29,guerrero,Mexico,707,16,11,2
2024-10-29,chiapas,Mexico,801,32,16,2
2024-10-29,san luis potosí,Mexico,625,24,5,2
2024-10-29,hidalgo,Mexico,590,20,9,4
2024-10-29,oaxaca,Mexico,457,12,5,0
2024-10-29,aguascalientes,Mexico,588,15,9,4
2024-10-29,zacatecas,Mexico,502,18,10,3
2024-10-29,baja california sur,Mexico,411,13,3,0
2024-10-29,durango,Mexico,447,9,1,1
2024-10-29,campeche,Mexico,355,16,6,2
2024-10-29,nayarit,Mexico,261,9,3,0
2024-10-29,colima,Mexico,315,11,6,0
2024-10-29,tlaxcala,Mexico,270,8,4,2
2024-10-30,mexico city,Mexico,19096,796,470,60
2024-10-30,méxico,Mexico,5070,152,69,18
2024-10-30,nuevo león,Mexico,9439,567,429,25
2024-10-30,jalisco,Mexico,6031,204,88,20
2024-10-30,veracruz,Mexico,2695,89,31,6
2024-10-30,guanajuato,Mexico,1840,50,23,7
2024-10-30,sinaloa,Mexico,2322,58,26,5
2024-10-30,puebla,Mexico,1809,42,18,5
2024-10-30,querétaro,Mexico,2434,59,25,3
2024-10-30,baja california,Mexico,2262,58,16,2
2024-10-30,chihuahua,Mexico,2056,52,26,3
2024-10-30,sonora,Mexico,1500,42,26,6
2024-10-30,coahuila,Mexico,1510,43,18,2
2024-10-30,tamaulipas,Mexico,1361,33,9,4
2024-10-30,yucatán,Mexico,1783,48,18,4
2024-10-30,quintana roo,Mexico,1920,44,15,2
2024-10-30,michoacán,Mexico,1455,39,23,5
2024-10-30,morelos,Mexico,981,24,10,1
2024-10-30,tabasco,Mexico,951,35,15,6
2024-10-30,guerrero,Mexico,811,21,16,2
2024-10-30,chiapas,Mexico,844,24,9,3
2024-10-30,san luis potosí,Mexico,754,20,8,4
2024-10-30,hidalgo,Mexico,618,26,7,1
2024-10-30,oaxaca,Mexico,448,21,3,1
2024-10-30,aguascalientes,Mexico,639,16,6,1
2024-10-30,zacatecas,Mexico,433,16,4,0
2024-10-30,baja california sur,Mexico,477,16,3,0
2024-10-30,durango,Mexico,479,11,4,0
2024-10-30,campeche,Mexico,335,10,6,1
2024-10-30,nayarit,Mexico,291,13,2,0
2024-10-30,colima,Mexico,303,13,6,1
2024-10-30,tlaxcala,Mexico,267,7,0,0
2024-10-31,mexico city,Mexico,17660,733,399,38
2024-10-31,méxico,Mexico,4768,117,57,10
2024-10-31,nuevo león,Mexico,7738,528,431,20
2024-10-31,jalisco,Mexico,5099,167,77,23
2024-10-31,veracruz,Mexico,2654,64,23,6
2024-10-31,guanajuato,Mexico,1717,42,18,3
2024-10-31,sinaloa,Mexico,1918,49,20,3
2024-10-31,puebla,Mexico,1751,29,4,1
2024-10-31,querétaro,Mexico,2171,50,18,5
2024-10-31,baja california,Mexico,1867,54,23,3
2024-10-31,chihuahua,Mexico,1770,61,18,3
2024-10-31,sonora,Mexico,1332,33,24,5
2024-10-31,coahuila,Mexico,1274,34,17,4
2024-10-31,tamaulipas,Mexico,981,14,18,2
2024-10-31,yucatán,Mexico,1559,41,14,5
2024-10-31,quintana roo,Mexico,1585,53,17,4
2024-10-31,michoacán,Mexico,1279,28,18,6
2024-10-31,morelos,Mexico,726,20,6,0
2024-10-31,tabasco,Mexico,919,27,9,2
2024-10-31,guerrero,Mexico,803,24,10,2
2024-10-31,chiapas,Mexico,840,22,9,2
2024-10-31,san luis potosí,Mexico,665,17,4,1
2024-10-31,hidalgo,Mexico,544,15,12,1
2024-10-31,oaxaca,Mexico,372,19,3,1
2024-10-31,aguascalientes,Mexico,559,10,10,2
2024-10-31,zacatecas,Mexico,359,9,5,1
2024-10-31,baja california sur,Mexico,427,9,2,1
2024-10-31,durango,Mexico,423,7,4,1
2024-10-31,campeche,Mexico,317,14,5,1
2024-10-31,nayarit,Mexico,263,3,4,0
2024-10-31,colima,Mexico,269,12,5,1
2024-10-31,tlaxcala,Mexico,253,9,6,0
2024-11-01,mexico city,Mexico,16536,687,414,55
2024-11-01,méxico,Mexico,4427,116,37,10
2024-11-01,nuevo león,Mexico,8021,563,420,21
2024-11-01,jalisco,Mexico,5179,188,61,19
2024-11-01,veracruz,Mexico,2685,69,42,8
2024-11-01,guanajuato,Mexico,1549,50,14,1
2024-11-01,sinaloa,Mexico,2074,50,10,3
2024-11-01,puebla,Mexico,1821,50,9,3
2024-11-01,querétaro,Mexico,2135,52,19,4
2024-11-01,baja california,Mexico,1928,58,19,3
2024-11-01,chihuahua,Mexico,1871,50,20,4
2024-11-01,sonora,Mexico,1160,28,9,1
2024-11-01,coahuila,Mexico,1295,34,15,3
2024-11-01,tamaulipas,Mexico,1107,26,11,2
2024-11-01,yucatán,Mexico,1646,55,20,3
2024-11-01,quintana roo,Mexico,1698,52,17,3
2024-11-01,michoacán,Mexico,1305,35,17,6
2024-11-01,morelos,Mexico,768,21,10,2
2024-11-01,tabasco,Mexico,947,26,10,1
2024-11-01,guerrero,Mexico,770,23,8,1
2024-11-01,chiapas,Mexico,744,21,5,0
2024-11-01,san luis potosí,Mexico,675,22,10,1
2024-11-01,hidalgo,Mexico,608,22,13,1
2024-11-01,oaxaca,Mexico,440,16,5,2
2024-11-01,aguascalientes,Mexico,507,13,9,1
2024-11-01,zacatecas,Mexico,332,9,8,3
2024-11-01,baja california sur,Mexico,394,6,2,0
2024-11-01,durango,Mexico,415,6,2,1
2024-11-01,campeche,Mexico,339,13,6,1
2024-11-01,nayarit,Mexico,320,13,2,1
2024-11-01,colima,Mexico,292,13,4,1
2024-11-01,tlaxcala,Mexico,275,7,7,1
2024-11-02,mexico city,Mexico,16862,681,404,49
2024-11-02,méxico,Mexico,4847,130,58,14
2024-11-02,nuevo león,Mexico,8435,531,392,21
2024-11-02,jalisco,Mexico,5584,195,59,14
2024-11-02,veracruz,Mexico,2995,75,28,3
2024-11-02,guanajuato,Mexico,1713,44,22,6
2024-11-02,sinaloa,Mexico,2305,86,26,8
2024-11-02,puebla,Mexico,2053,59,18,0
2024-11-02,querétaro,Mexico,2274,51,16,5
2024-11-02,baja california,Mexico,2017,64,14,3
2024-11-02,chihuahua,Mexico,1953,56,14,4
2024-11-02,sonora,Mexico,1299,48,16,3
2024-11-02,coahuila,Mexico,1383,45,11,2
2024-11-02,tamaulipas,Mexico,1253,45,17,2
2024-11-02,yucatán,Mexico,1722,52,21,4
2024-11-02,quintana roo,Mexico,1783,54,7,1
2024-11-02,michoacán,Mexico,1468,44,5,0
2024-11-02,morelos,Mexico,936,19,10,1
2024-11-02,tabasco,Mexico,1029,26,9,2
2024-11-02,guerrero,Mexico,916,28,9,2
2024-11-02,chiapas,Mexico,831,28,3,0
2024-11-02,san luis potosí,Mexico,730,10,7,1
2024-11-02,hidalgo,Mexico,668,22,4,0
2024-11-02,oaxaca,Mexico,549,14,6,0
2024-11-02,aguascalientes,Mexico,565,22,2,0
2024-11-02,zacatecas,Mexico,377,15,5,0
2024-11-02,baja california sur,Mexico,387,17,4,0
2024-11-02,durango,Mexico,434,11,3,0
2024-11-02,campeche,Mexico,382,5,5,2
2024-11-02,nayarit,Mexico,323,12,1,0
2024-11-02,colima,Mexico,322,10,9,0
2024-11-02,tlaxcala,Mexico,339,8,2,0
2024-11-03,mexico city,Mexico,21547,839,428,70
2024-11-03,méxico,Mexico,6149,194,55,14
2024-11-03,nuevo león,Mexico,10238,606,426,28
2024-11-03,jalisco,Mexico,7205,270,75,15
2024-11-03,veracruz,Mexico,3403,86,39,13
2024-11-03,guanajuato,Mexico,2291,61,15,7
2024-11-03,sinaloa,Mexico,3322,118,36,8
2024-11-03,puebla,Mexico,2245,59,18,4
2024-11-03,querétaro,Mexico,2868,81,19,3
2024-11-03,baja california,Mexico,2680,83,25,5
2024-11-03,chihuahua,Mexico,2405,80,32,4
2024-11-03,sonora,Mexico,1706,66,21,7
2024-11-03,coahuila,Mexico,1775,55,15,6
2024-11-03,tamaulipas,Mexico,1457,43,9,3
2024-11-03,yucatán,Mexico,2020,46,22,9
2024-11-03,quintana roo,Mexico,2048,60,19,5
2024-11-03,michoacán,Mexico,1890,61,24,7
2024-11-03,morelos,Mexico,1117,28,7,1
2024-11-03,tabasco,Mexico,1128,41,7,1
2024-11-03,guerrero,Mexico,1064,31,16,4
2024-11-03,chiapas,Mexico,1026,45,10,2
2024-11-03,san luis potosí,Mexico,942,29,6,1
2024-11-03,hidalgo,Mexico,785,21,3,0
2024-11-03,oaxaca,Mexico,607,16,4,1
2024-11-03,aguascalientes,Mexico,745,34,7,2
2024-11-03,zacatecas,Mexico,538,14,4,1
2024-11-03,baja california sur,Mexico,491,20,6,1
2024-11-03,durango,Mexico,581,19,7,2
2024-11-03,campeche,Mexico,483,12,6,1
2024-11-03,nayarit,Mexico,470,18,7,2
2024-11-03,colima,Mexico,365,21,2,0
2024-11-03,tlaxcala,Mexico,372,6,2,0
2024-11-04,mexico city,Mexico,23417,828,432,61
2024-11-04,méxico,Mexico,6754,176,74,18
2024-11-04,nuevo león,Mexico,11812,700,434,31
2024-11-04,jalisco,Mexico,7449,292,90,29
2024-11-04,veracruz,Mexico,3652,103,29,4
2024-11-04,guanajuato,Mexico,2506,73,22,6
2024-11-04,sinaloa,Mexico,3414,132,35,11
2024-11-04,puebla,Mexico,2575,61,23,8
2024-11-04,querétaro,Mexico,3143,77,40,7
2024-11-04,baja california,Mexico,2917,95,21,3
2024-11-04,chihuahua,Mexico,2465,77,19,3
2024-11-04,sonora,Mexico,2084,71,17,1
2024-11-04,coahuila,Mexico,1936,44,20,3
2024-11-04,tamaulipas,Mexico,1659,50,17,4
2024-11-04,yucatán,Mexico,2255,61,24,5
2024-11-04,quintana roo,Mexico,2132,80,24,4
2024-11-04,michoacán,Mexico,2108,69,23,5
2024-11-04,morelos,Mexico,1173,24,15,5
2024-11-04,tabasco,Mexico,1245,43,14,3
2024-11-04,guerrero,Mexico,1107,36,16,0
2024-11-04,chiapas,Mexico,1120,38,14,1
2024-11-04,san luis potosí,Mexico,1004,21,4,2
2024-11-04,hidalgo,Mexico,835,24,13,2
2024-11-04,oaxaca,Mexico,629,15,4,1
2024-11-04,aguascalientes,Mexico,828,20,6,2
2024-11-04,zacatecas,Mexico,525,12,5,2
2024-11-04,baja california sur,Mexico,524,23,7,1
2024-11-04,durango,Mexico,598,11,3,1
2024-11-04,campeche,Mexico,466,17,3,1
2024-11-04,nayarit,Mexico,483,22,1,1
2024-11-04,colima,Mexico,311,7,1,0
2024-11-04,tlaxcala,Mexico,356,11,3,0
2024-11-05,mexico city,Mexico,27092,1025,502,86
2024-11-05,méxico,Mexico,7767,217,86,18
2024-11-05,nuevo león,Mexico,12859,671,387,27
2024-11-05,jalisco,Mexico,8974,335,110,32
2024-11-05,veracruz,Mexico,4168,124,45,5
2024-11-05,guanajuato,Mexico,2772,94,31,10
2024-11-05,sinaloa,Mexico,3944,125,35,9
2024-11-05,puebla,Mexico,2731,77,29,7
2024-11-05,querétaro,Mexico,3427,109,46,11
2024-11-05,baja california,Mexico,3188,105,29,5
2024-11-05,chihuahua,Mexico,2897,95,44,8
2024-11-05,sonora,Mexico,2264,86,18,3
2024-11-05,coahuila,Mexico,2114,63,25,4
2024-11-05,tamaulipas,Mexico,1920,67,22,7
2024-11-05,yucatán,Mexico,2478,64,21,5
2024-11-05,quintana roo,Mexico,2610,92,31,6
2024-11-05,michoacán,Mexico,2428,63,40,10
2024-11-05,morelos,Mexico,1426,50,12,1
2024-11-05,tabasco,Mexico,1365,31,12,3
2024-11-05,guerrero,Mexico,1246,37,7,2
2024-11-05,chiapas,Mexico,1213,43,13,1
2024-11-05,san luis potosí,Mexico,1102,30,11,2
2024-11-05,hidalgo,Mexico,1018,31,17,1
2024-11-05,oaxaca,Mexico,768,24,12,1
2024-11-05,aguascalientes,Mexico,987,44,16,2
2024-11-05,zacatecas,Mexico,679,14,6,1
2024-11-05,baja california sur,Mexico,664,21,9,2
2024-11-05,durango,Mexico,719,18,8,1
2024-11-05,campeche,Mexico,576,16,7,2
2024-11-05,nayarit,Mexico,526,19,6,3
2024-11-05,colima,Mexico,441,15,6,3
2024-11-05,tlaxcala,Mexico,425,11,5,1
2024-11-06,mexico city,Mexico,27345,1076,565,92
2024-11-06,méxico,Mexico,7738,239,105,17
2024-11-06,nuevo león,Mexico,11907,565,322,30
2024-11-06,jalisco,Mexico,9011,330,133,29
2024-11-06,veracruz,Mexico,4047,111,46,12
2024-11-06,guanajuato,Mexico,2808,101,40,6
2024-11-06,sinaloa,Mexico,3884,139,41,7
2024-11-06,puebla,Mexico,2783,85,40,10
2024-11-06,querétaro,Mexico,3410,96,50,15
2024-11-06,baja california,Mexico,3181,100,24,8
2024-11-06,chihuahua,Mexico,2780,87,41,5
2024-11-06,sonora,Mexico,2177,73,24,4
2024-11-06,coahuila,Mexico,2053,61,18,3
2024-11-06,tamaulipas,Mexico,1838,58,16,2
2024-11-06,yucatán,Mexico,2513,67,34,3
2024-11-06,quintana roo,Mexico,2602,92,33,5
2024-11-06,michoacán,Mexico,2266,59,22,4
2024-11-06,morelos,Mexico,1299,38,14,1
2024-11-06,tabasco,Mexico,1366,48,28,4
2024-11-06,guerrero,Mexico,1232,38,7,1
2024-11-06,chiapas,Mexico,1143,42,8,1
2024-11-06,san luis potosí,Mexico,1056,28,12,3
2024-11-06,hidalgo,Mexico,941,39,25,3
2024-11-06,oaxaca,Mexico,804,25,10,2
2024-11-06,aguascalientes,Mexico,931,33,16,2
2024-11-06,zacatecas,Mexico,694,18,4,0
2024-11-06,baja california sur,Mexico,626,26,4,2
2024-11-06,durango,Mexico,678,32,7,1
2024-11-06,campeche,Mexico,569,16,3,0
2024-11-06,nayarit,Mexico,532,13,3,1
2024-11-06,colima,Mexico,498,22,4,1
2024-11-06,tlaxcala,Mexico,430,11,2,1
2024-11-07,mexico city,Mexico,25291,1031,616,83
2024-11-07,méxico,Mexico,7069,214,97,20
2024-11-07,nuevo león,Mexico,11170,529,302,24
2024-11-07,jalisco,Mexico,8471,319,123,31
2024-11-07,veracruz,Mexico,3999,105,47,5
2024-11-07,guanajuato,Mexico,2481,77,25,2
2024-11-07,sinaloa,Mexico,3754,132,42,10
2024-11-07,puebla,Mexico,2548,61,29,5
2024-11-07,querétaro,Mexico,3366,104,49,7
2024-11-07,baja california,Mexico,3171,114,38,6
2024-11-07,chihuahua,Mexico,2808,89,28,6
2024-11-07,sonora,Mexico,2135,71,25,6
2024-11-07,coahuila,Mexico,1990,55,29,4
2024-11-07,tamaulipas,Mexico,1775,45,14,3
2024-11-07,yucatán,Mexico,2239,74,30,6
2024-11-07,quintana roo,Mexico,2594,94,28,8
2024-11-07,michoacán,Mexico,2235,75,16,1
2024-11-07,morelos,Mexico,1297,48,17,0
2024-11-07,tabasco,Mexico,1282,51,15,2
2024-11-07,guerrero,Mexico,1187,36,17,8
2024-11-07,chiapas,Mexico,1066,28,13,2
2024-11-07,san luis potosí,Mexico,966,19,9,2
2024-11-07,hidalgo,Mexico,943,27,17,3
2024-11-07,oaxaca,Mexico,820,26,4,2
2024-11-07,aguascalientes,Mexico,830,30,12,2
2024-11-07,zacatecas,Mexico,630,27,9,2
2024-11-07,baja california sur,Mexico,601,16,4,3
2024-11-07,durango,Mexico,666,19,7,1
2024-11-07,campeche,Mexico,561,18,4,2
2024-11-07,nayarit,Mexico,463,12,3,1
2024-11-07,colima,Mexico,434,14,9,1
2024-11-07,tlaxcala,Mexico,420,14,4,2
2024-11-08,mexico city,Mexico,24287,943,610,86
2024-11-08,méxico,Mexico,7242,213,126,25
2024-11-08,nuevo león,Mexico,11227,392,204,25
2024-11-08,jalisco,Mexico,7286,219,110,23
2024-11-08,veracruz,Mexico,4074,98,53,9
2024-11-08,guanajuato,Mexico,2702,87,44,13
2024-11-08,sinaloa,Mexico,3862,105,38,8
2024-11-08,puebla,Mexico,2688,48,24,5
2024-11-08,querétaro,Mexico,3452,73,44,13
2024-11-08,baja california,Mexico,2741,80,29,2
2024-11-08,chihuahua,Mexico,2734,74,31,6
2024-11-08,sonora,Mexico,1994,49,16,6
2024-11-08,coahuila,Mexico,2071,59,29,6
2024-11-08,tamaulipas,Mexico,1864,50,30,6
2024-11-08,yucatán,Mexico,2251,59,24,2
2024-11-08,quintana roo,Mexico,2293,64,23,7
2024-11-08,michoacán,Mexico,2314,47,14,1
2024-11-08,morelos,Mexico,1229,35,14,6
2024-11-08,tabasco,Mexico,1471,42,18,3
2024-11-08,guerrero,Mexico,1268,41,16,2
2024-11-08,chiapas,Mexico,1151,32,15,2
2024-11-08,san luis potosí,Mexico,1050,25,13,3
2024-11-08,hidalgo,Mexico,958,27,22,3
2024-11-08,oaxaca,Mexico,654,22,10,1
2024-11-08,aguascalientes,Mexico,969,44,26,4
2024-11-08,zacatecas,Mexico,682,24,7,1
2024-11-08,baja california sur,Mexico,538,14,9,1
2024-11-08,durango,Mexico,732,17,7,3
2024-11-08,campeche,Mexico,472,20,3,1
2024-11-08,nayarit,Mexico,480,16,4,1
2024-11-08,colima,Mexico,367,10,4,0
2024-11-08,tlaxcala,Mexico,472,6,9,1
2024-11-09,mexico city,Mexico,21276,1022,760,70
2024-11-09,méxico,Mexico,6527,170,80,21
2024-11-09,nuevo león,Mexico,9772,360,238,31
2024-11-09,jalisco,Mexico,6945,231,109,27
2024-11-09,veracruz,Mexico,3597,95,44,11
2024-11-09,guanajuato,Mexico,2402,54,25,8
2024-11-09,sinaloa,Mexico,3474,108,39,6
2024-11-09,puebla,Mexico,2416,62,33,5
2024-11-09,querétaro,Mexico,2990,66,34,7
2024-11-09,baja california,Mexico,2350,76,28,4
2024-11-09,chihuahua,Mexico,2590,67,26,9
2024-11-09,sonora,Mexico,1787,36,18,1
2024-11-09,coahuila,Mexico,1929,45,20,3
2024-11-09,tamaulipas,Mexico,1677,40,18,4
2024-11-09,yucatán,Mexico,1904,40,29,4
2024-11-09,quintana roo,Mexico,2171,59,29,2
2024-11-09,michoacán,Mexico,1937,40,18,6
2024-11-09,morelos,Mexico,1253,24,13,2
2024-11-09,tabasco,Mexico,1292,32,15,2
2024-11-09,guerrero,Mexico,1161,27,22,2
2024-11-09,chiapas,Mexico,986,29,18,4
2024-11-09,san luis potosí,Mexico,924,24,11,1
2024-11-09,hidalgo,Mexico,862,21,16,2
2024-11-09,oaxaca,Mexico,641,17,4,1
2024-11-09,aguascalientes,Mexico,818,21,13,2
2024-11-09,zacatecas,Mexico,575,17,12,5
2024-11-09,baja california sur,Mexico,486,16,5,2
2024-11-09,durango,Mexico,679,13,3,0
2024-11-09,campeche,Mexico,458,16,9,2
2024-11-09,nayarit,Mexico,429,16,10,1
2024-11-09,colima,Mexico,361,13,2,1
2024-11-09,tlaxcala,Mexico,422,15,8,2
2024-11-10,mexico city,Mexico,24904,1142,768,79
2024-11-10,méxico,Mexico,7601,200,97,19
2024-11-10,nuevo león,Mexico,11014,443,255,34
2024-11-10,jalisco,Mexico,7779,270,106,18
2024-11-10,veracruz,Mexico,4177,121,57,11
2024-11-10,guanajuato,Mexico,2784,64,25,4
2024-11-10,sinaloa,Mexico,3615,108,42,11
2024-11-10,puebla,Mexico,2622,66,38,10
2024-11-10,querétaro,Mexico,3170,77,44,8
2024-11-10,baja california,Mexico,2553,76,19,6
2024-11-10,chihuahua,Mexico,2808,88,31,7
2024-11-10,sonora,Mexico,2130,54,21,5
2024-11-10,coahuila,Mexico,2207,56,23,7
2024-11-10,tamaulipas,Mexico,1764,39,25,3
2024-11-10,yucatán,Mexico,2074,62,36,5
2024-11-10,quintana roo,Mexico,2192,53,22,6
2024-11-10,michoacán,Mexico,2238,44,13,2
2024-11-10,morelos,Mexico,1288,34,19,5
2024-11-10,tabasco,Mexico,1372,41,16,3
2024-11-10,guerrero,Mexico,1199,22,9,3
2024-11-10,chiapas,Mexico,1112,36,13,6
2024-11-10,san luis potosí,Mexico,1126,21,3,0
2024-11-10,hidalgo,Mexico,971,21,17,4
2024-11-10,oaxaca,Mexico,744,24,6,1
2024-11-10,aguascalientes,Mexico,916,26,15,2
2024-11-10,zacatecas,Mexico,676,25,9,1
2024-11-10,baja california sur,Mexico,539,23,10,1
2024-11-10,durango,Mexico,702,18,3,0
2024-11-10,campeche,Mexico,507,19,5,1
2024-11-10,nayarit,Mexico,471,16,3,1
2024-11-10,colima,Mexico,408,14,7,3
2024-11-10,tlaxcala,Mexico,438,9,4,1
2024-11-11,mexico city,Mexico,23827,1129,811,90
2024-11-11,méxico,Mexico,7183,209,126,29
2024-11-11,nuevo león,Mexico,11322,518,303,35
2024-11-11,jalisco,Mexico,8069,280,156,47
2024-11-11,veracruz,Mexico,3857,113,46,12
2024-11-11,guanajuato,Mexico,2581,64,37,11
2024-11-11,sinaloa,Mexico,3719,119,51,17
2024-11-11,puebla,Mexico,2453,81,38,9
2024-11-11,querétaro,Mexico,3220,96,53,12
2024-11-11,baja california,Mexico,2969,85,34,7
2024-11-11,chihuahua,Mexico,2845,78,27,3
2024-11-11,sonora,Mexico,2163,63,30,4
2024-11-11,coahuila,Mexico,2139,41,32,5
2024-11-11,tamaulipas,Mexico,1808,38,25,6
2024-11-11,yucatán,Mexico,2177,63,18,3
2024-11-11,quintana roo,Mexico,2144,45,16,4
2024-11-11,michoacán,Mexico,2208,66,34,10
2024-11-11,morelos,Mexico,1263,29,11,2
2024-11-11,tabasco,Mexico,1309,39,26,5
2024-11-11,guerrero,Mexico,1103,36,21,4
2024-11-11,chiapas,Mexico,1080,40,14,3
2024-11-11,san luis potosí,Mexico,1055,21,12,4
2024-11-11,hidalgo,Mexico,927,27,17,4
2024-11-11,oaxaca,Mexico,646,18,6,0
2024-11-11,aguascalientes,Mexico,945,29,20,3
2024-11-11,zacatecas,Mexico,707,15,11,4
2024-11-11,baja california sur,Mexico,577,23,5,0
2024-11-11,durango,Mexico,691,14,9,2
2024-11-11,campeche,Mexico,495,19,7,1
2024-11-11,nayarit,Mexico,472,12,3,1
2024-11-11,colima,Mexico,415,8,5,1
2024-11-11,tlaxcala,Mexico,415,6,7,2
2024-11-12,mexico city,Mexico,29562,1471,935,108
2024-11-12,méxico,Mexico,8610,257,121,24
2024-11-12,nuevo león,Mexico,13853,596,347,44
2024-11-12,jalisco,Mexico,9782,336,153,29
2024-11-12,veracruz,Mexico,4529,147,60,18
2024-11-12,guanajuato,Mexico,3240,91,29,5
2024-11-12,sinaloa,Mexico,4432,135,61,11
2024-11-12,puebla,Mexico,2883,88,34,7
2024-11-12,querétaro,Mexico,3913,102,57,14
2024-11-12,baja california,Mexico,3384,105,32,3
2024-11-12,chihuahua,Mexico,3506,107,44,8
2024-11-12,sonora,Mexico,2683,84,41,4
2024-11-12,coahuila,Mexico,2550,74,47,10
2024-11-12,tamaulipas,Mexico,2334,54,35,5
2024-11-12,yucatán,Mexico,2587,78,26,5
2024-11-12,quintana roo,Mexico,2789,75,33,10
2024-11-12,michoacán,Mexico,2663,73,27,4
2024-11-12,morelos,Mexico,1573,44,19,3
2024-11-12,tabasco,Mexico,1506,39,19,3
2024-11-12,guerrero,Mexico,1360,39,15,1
2024-11-12,chiapas,Mexico,1247,47,18,4
2024-11-12,san luis potosí,Mexico,1204,38,10,1
2024-11-12,hidalgo,Mexico,1116,30,15,1
2024-11-12,oaxaca,Mexico,816,32,11,1
2024-11-12,aguascalientes,Mexico,1151,35,16,4
2024-11-12,zacatecas,Mexico,817,18,4,2
2024-11-12,baja california sur,Mexico,658,22,6,2
2024-11-12,durango,Mexico,840,23,10,0
2024-11-12,campeche,Mexico,556,22,10,2
2024-11-12,nayarit,Mexico,630,24,10,2
2024-11-12,colima,Mexico,512,21,8,3
2024-11-12,tlaxcala,Mexico,510,12,7,1
2024-11-13,mexico city,Mexico,31829,1344,789,88
2024-11-13,méxico,Mexico,9056,270,131,24
2024-11-13,nuevo león,Mexico,14210,439,244,42
2024-11-13,jalisco,Mexico,10296,342,144,28
2024-11-13,veracruz,Mexico,4831,151,68,8
2024-11-13,guanajuato,Mexico,3408,97,39,8
2024-11-13,sinaloa,Mexico,4468,118,59,10
2024-11-13,puebla,Mexico,3398,86,38,7
2024-11-13,querétaro,Mexico,4003,97,43,10
2024-11-13,baja california,Mexico,3512,107,35,7
2024-11-13,chihuahua,Mexico,3482,96,49,9
2024-11-13,sonora,Mexico,2653,82,33,8
2024-11-13,coahuila,Mexico,2572,72,28,5
2024-11-13,tamaulipas,Mexico,2416,62,28,8
2024-11-13,yucatán,Mexico,2929,80,34,11
2024-11-13,quintana roo,Mexico,2992,100,29,5
2024-11-13,michoacán,Mexico,2617,61,28,6
2024-11-13,morelos,Mexico,1645,49,30,8
2024-11-13,tabasco,Mexico,1618,39,23,3
2024-11-13,guerrero,Mexico,1394,35,20,1
2024-11-13,chiapas,Mexico,1325,37,10,2
2024-11-13,san luis potosí,Mexico,1210,41,13,2
2024-11-13,hidalgo,Mexico,1140,36,21,7
2024-11-13,oaxaca,Mexico,924,21,12,2
2024-11-13,aguascalientes,Mexico,1199,35,14,4
2024-11-13,zacatecas,Mexico,820,23,14,2
2024-11-13,baja california sur,Mexico,689,18,8,3
2024-11-13,durango,Mexico,842,29,9,1
2024-11-13,campeche,Mexico,617,9,5,1
2024-11-13,nayarit,Mexico,618,18,7,2
2024-11-13,colima,Mexico,496,19,9,2
2024-11-13,tlaxcala,Mexico,524,19,7,3
2024-11-14,mexico city,Mexico,35633,925,414,110
2024-11-14,méxico,Mexico,10746,254,144,35
2024-11-14,nuevo león,Mexico,16398,415,181,50
2024-11-14,jalisco,Mexico,10995,345,157,41
2024-11-14,veracruz,Mexico,5227,133,55,8
2024-11-14,guanajuato,Mexico,3720,72,40,9
2024-11-14,sinaloa,Mexico,4727,126,59,17
2024-11-14,puebla,Mexico,3597,95,43,15
2024-11-14,querétaro,Mexico,4355,108,67,10
2024-11-14,baja california,Mexico,3737,105,34,9
2024-11-14,chihuahua,Mexico,4006,92,45,12
2024-11-14,sonora,Mexico,2880,75,29,6
2024-11-14,coahuila,Mexico,2937,67,24,2
2024-11-14,tamaulipas,Mexico,2841,53,25,7
2024-11-14,yucatán,Mexico,3167,82,43,15
2024-11-14,quintana roo,Mexico,3369,94,36,6
2024-11-14,michoacán,Mexico,2906,71,35,7
2024-11-14,morelos,Mexico,1858,50,26,8
2024-11-14,tabasco,Mexico,1827,36,19,6
2024-11-14,guerrero,Mexico,1630,39,25,6
2024-11-14,chiapas,Mexico,1502,48,11,0
2024-11-14,san luis potosí,Mexico,1468,39,15,2
2024-11-14,hidalgo,Mexico,1237,27,18,7
2024-11-14,oaxaca,Mexico,1081,28,9,2
2024-11-14,aguascalientes,Mexico,1191,31,13,5
2024-11-14,zacatecas,Mexico,906,19,7,1
2024-11-14,baja california sur,Mexico,754,23,7,1
2024-11-14,durango,Mexico,978,19,9,2
2024-11-14,campeche,Mexico,815,27,11,1
2024-11-14,nayarit,Mexico,611,16,2,0
2024-11-14,colima,Mexico,589,13,3,0
2024-11-14,tlaxcala,Mexico,576,11,4,0
2024-11-15,mexico city,Mexico,43165,1711,1056,316
2024-11-15,méxico,Mexico,13461,489,333,76
2024-11-15,nuevo león,Mexico,21947,817,467,116
2024-11-15,jalisco,Mexico,14146,615,385,121
2024-11-15,veracruz,Mexico,7249,256,152,34
2024-11-15,guanajuato,Mexico,4985,191,133,43
2024-11-15,sinaloa,Mexico,6286,246,144,42
2024-11-15,puebla,Mexico,5017,188,109,33
2024-11-15,querétaro,Mexico,5822,207,128,43
2024-11-15,baja california,Mexico,5077,196,87,17
2024-11-15,chihuahua,Mexico,4875,170,106,27
2024-11-15,sonora,Mexico,3815,126,68,17
2024-11-15,coahuila,Mexico,4067,159,76,22
2024-11-15,tamaulipas,Mexico,3731,128,67,17
2024-11-15,yucatán,Mexico,4687,202,117,34
2024-11-15,quintana roo,Mexico,4789,187,103,28
2024-11-15,michoacán,Mexico,4029,168,114,30
2024-11-15,morelos,Mexico,2666,100,73,27
2024-11-15,tabasco,Mexico,2408,96,59,17
2024-11-15,guerrero,Mexico,2400,86,46,15
2024-11-15,chiapas,Mexico,1764,85,41,14
2024-11-15,san luis potosí,Mexico,1973,76,37,11
2024-11-15,hidalgo,Mexico,1746,61,30,7
2024-11-15,oaxaca,Mexico,1593,70,36,12
2024-11-15,aguascalientes,Mexico,1666,76,49,11
2024-11-15,zacatecas,Mexico,1226,41,23,2
2024-11-15,baja california sur,Mexico,892,45,15,3
2024-11-15,durango,Mexico,1267,46,29,8
2024-11-15,campeche,Mexico,1041,49,18,8
2024-11-15,nayarit,Mexico,840,30,21,6
2024-11-15,colima,Mexico,773,35,28,4
2024-11-15,tlaxcala,Mexico,742,33,15,5
2024-11-16,mexico city,Mexico,41857,1421,789,220
2024-11-16,méxico,Mexico,13013,428,277,70
2024-11-16,nuevo león,Mexico,21148,736,382,103
2024-11-16,jalisco,Mexico,14248,560,306,93
2024-11-16,veracruz,Mexico,6938,211,118,29
2024-11-16,guanajuato,Mexico,4694,142,76,20
2024-11-16,sinaloa,Mexico,6355,237,100,30
2024-11-16,puebla,Mexico,4609,166,107,23
2024-11-16,querétaro,Mexico,5667,174,109,31
2024-11-16,baja california,Mexico,5262,176,73,21
2024-11-16,chihuahua,Mexico,5571,179,95,30
2024-11-16,sonora,Mexico,4171,171,62,15
2024-11-16,coahuila,Mexico,3934,120,68,18
2024-11-16,tamaulipas,Mexico,3439,119,62,14
2024-11-16,yucatán,Mexico,4082,136,67,17
2024-11-16,quintana roo,Mexico,4414,139,88,28
2024-11-16,michoacán,Mexico,3922,149,95,30
2024-11-16,morelos,Mexico,2628,90,32,11
2024-11-16,tabasco,Mexico,2194,71,41,10
2024-11-16,guerrero,Mexico,2194,66,27,5
2024-11-16,chiapas,Mexico,1781,82,49,11
2024-11-16,san luis potosí,Mexico,1921,58,29,6
2024-11-16,hidalgo,Mexico,1769,59,31,7
2024-11-16,oaxaca,Mexico,1433,59,40,13
2024-11-16,aguascalientes,Mexico,1569,53,31,14
2024-11-16,zacatecas,Mexico,1107,27,15,3
2024-11-16,baja california sur,Mexico,987,46,20,5
2024-11-16,durango,Mexico,1250,39,13,3
2024-11-16,campeche,Mexico,967,33,16,5
2024-11-16,nayarit,Mexico,887,45,19,5
2024-11-16,colima,Mexico,794,47,21,5
2024-11-16,tlaxcala,Mexico,729,26,12,3
2024-11-17,mexico city,Mexico,41228,1376,856,258
2024-11-17,méxico,Mexico,12783,408,294,84
2024-11-17,nuevo león,Mexico,18988,704,416,115
2024-11-17,jalisco,Mexico,14337,566,355,104
2024-11-17,veracruz,Mexico,6769,253,151,46
2024-11-17,guanajuato,Mexico,4719,168,108,27
2024-11-17,sinaloa,Mexico,6190,230,121,32
2024-11-17,puebla,Mexico,4625,162,100,21
2024-11-17,querétaro,Mexico,5380,180,126,46
2024-11-17,baja california,Mexico,4654,178,92,23
2024-11-17,chihuahua,Mexico,5224,164,101,38
2024-11-17,sonora,Mexico,3866,158,62,18
2024-11-17,coahuila,Mexico,3584,152,86,27
2024-11-17,tamaulipas,Mexico,3343,123,77,26
2024-11-17,yucatán,Mexico,4153,157,89,30
2024-11-17,quintana roo,Mexico,4477,191,74,25
2024-11-17,michoacán,Mexico,3941,144,113,34
2024-11-17,morelos,Mexico,2655,80,54,14
2024-11-17,tabasco,Mexico,2179,83,48,11
2024-11-17,guerrero,Mexico,2142,95,61,24
2024-11-17,chiapas,Mexico,1849,71,43,11
2024-11-17,san luis potosí,Mexico,1744,49,35,7
2024-11-17,hidalgo,Mexico,1718,64,34,8
2024-11-17,oaxaca,Mexico,1381,71,18,3
2024-11-17,aguascalientes,Mexico,1509,61,40,12
2024-11-17,zacatecas,Mexico,1047,27,20,8
2024-11-17,baja california sur,Mexico,960,47,36,11
2024-11-17,durango,Mexico,1219,49,23,6
2024-11-17,campeche,Mexico,978,43,19,6
2024-11-17,nayarit,Mexico,897,44,27,5
2024-11-17,colima,Mexico,736,22,13,2
2024-11-17,tlaxcala,Mexico,773,28,24,6
2024-11-18,mexico city,Mexico,47165,1749,1331,442
2024-11-18,méxico,Mexico,14530,513,410,125
2024-11-18,nuevo león,Mexico,22019,840,537,172
2024-11-18,jalisco,Mexico,17031,647,458,148
2024-11-18,veracruz,Mexico,7516,245,203,50
2024-11-18,guanajuato,Mexico,5579,161,154,45
2024-11-18,sinaloa,Mexico,7017,289,181,50
2024-11-18,puebla,Mexico,5270,204,125,36
2024-11-18,querétaro,Mexico,6268,228,147,48
2024-11-18,baja california,Mexico,5361,209,108,35
2024-11-18,chihuahua,Mexico,6042,202,136,38
2024-11-18,sonora,Mexico,4182,151,79,22
2024-11-18,coahuila,Mexico,4266,183,117,35
2024-11-18,tamaulipas,Mexico,3833,150,84,27
2024-11-18,yucatán,Mexico,4595,190,146,36
2024-11-18,quintana roo,Mexico,4617,202,117,45
2024-11-18,michoacán,Mexico,4412,153,112,28
2024-11-18,morelos,Mexico,2813,87,64,16
2024-11-18,tabasco,Mexico,2289,92,64,18
2024-11-18,guerrero,Mexico,2344,83,58,14
2024-11-18,chiapas,Mexico,2106,91,78,27
2024-11-18,san luis potosí,Mexico,2146,74,55,10
2024-11-18,hidalgo,Mexico,2002,81,58,25
2024-11-18,oaxaca,Mexico,1659,61,42,7
2024-11-18,aguascalientes,Mexico,1886,64,43,15
2024-11-18,zacatecas,Mexico,1276,58,27,6
2024-11-18,baja california sur,Mexico,1040,49,32,2
2024-11-18,durango,Mexico,1375,51,37,11
2024-11-18,campeche,Mexico,955,40,21,7
2024-11-18,nayarit,Mexico,939,33,18,5
2024-11-18,colima,Mexico,827,39,29,7
2024-11-18,tlaxcala,Mexico,903,30,28,7
2024-11-19,mexico city,Mexico,32895,909,555,135
2024-11-19,méxico,Mexico,9389,247,156,23
2024-11-19,nuevo león,Mexico,14460,393,190,53
2024-11-19,jalisco,Mexico,10662,326,196,53
2024-11-19,veracruz,Mexico,4936,115,71,14
2024-11-19,guanajuato,Mexico,3432,84,52,14
2024-11-19,sinaloa,Mexico,4746,168,76,18
2024-11-19,puebla,Mexico,3500,98,57,15
2024-11-19,querétaro,Mexico,4152,104,73,20
2024-11-19,baja california,Mexico,3500,103,63,10
2024-11-19,chihuahua,Mexico,3469,91,46,9
2024-11-19,sonora,Mexico,2882,103,39,5
2024-11-19,coahuila,Mexico,2684,73,48,14
2024-11-19,tamaulipas,Mexico,2446,67,30,6
2024-11-19,yucatán,Mexico,3204,110,59,16
2024-11-19,quintana roo,Mexico,3023,96,42,8
2024-11-19,michoacán,Mexico,2692,74,53,11
2024-11-19,morelos,Mexico,1784,37,21,11
2024-11-19,tabasco,Mexico,1528,46,23,3
2024-11-19,guerrero,Mexico,1459,42,24,4
2024-11-19,chiapas,Mexico,1370,41,30,5
2024-11-19,san luis potosí,Mexico,1397,40,22,5
2024-11-19,hidalgo,Mexico,1188,33,18,2
2024-11-19,oaxaca,Mexico,996,22,10,3
2024-11-19,aguascalientes,Mexico,1176,35,19,7
2024-11-19,zacatecas,Mexico,751,21,16,2
2024-11-19,baja california sur,Mexico,698,26,7,3
2024-11-19,durango,Mexico,810,24,9,2
2024-11-19,campeche,Mexico,697,22,8,3
2024-11-19,nayarit,Mexico,634,20,9,5
2024-11-19,colima,Mexico,549,22,15,7
2024-11-19,tlaxcala,Mexico,550,15,5,1
2024-11-20,mexico city,Mexico,35094,941,477,110
2024-11-20,méxico,Mexico,10461,250,135,37
2024-11-20,nuevo león,Mexico,15479,442,186,47
2024-11-20,jalisco,Mexico,11194,325,147,37
2024-11-20,veracruz,Mexico,5478,145,74,17
2024-11-20,guanajuato,Mexico,3403,80,33,10
2024-11-20,sinaloa,Mexico,4621,114,49,11
2024-11-20,puebla,Mexico,3752,86,45,13
2024-11-20,querétaro,Mexico,4695,117,67,18
2024-11-20,baja california,Mexico,3564,117,48,10
2024-11-20,chihuahua,Mexico,3645,75,31,9
2024-11-20,sonora,Mexico,2933,72,23,4
2024-11-20,coahuila,Mexico,2804,85,37,10
2024-11-20,tamaulipas,Mexico,2587,65,27,4
2024-11-20,yucatán,Mexico,3489,100,38,12
2024-11-20,quintana roo,Mexico,3357,85,29,8
2024-11-20,michoacán,Mexico,2755,66,51,8
2024-11-20,morelos,Mexico,1839,48,17,4
2024-11-20,tabasco,Mexico,1630,48,24,6
2024-11-20,guerrero,Mexico,1488,35,16,1
2024-11-20,chiapas,Mexico,1409,45,19,5
2024-11-20,san luis potosí,Mexico,1472,40,19,2
2024-11-20,hidalgo,Mexico,1242,29,15,3
2024-11-20,oaxaca,Mexico,1115,22,13,1
2024-11-20,aguascalientes,Mexico,1169,30,14,5
2024-11-20,zacatecas,Mexico,780,22,8,1
2024-11-20,baja california sur,Mexico,734,19,9,2
2024-11-20,durango,Mexico,846,20,10,3
2024-11-20,campeche,Mexico,712,22,3,1
2024-11-20,nayarit,Mexico,632,16,8,2
2024-11-20,colima,Mexico,571,21,12,2
2024-11-20,tlaxcala,Mexico,567,7,2,0
2024-11-21,mexico city,Mexico,32774,994,440,116
2024-11-21,méxico,Mexico,9888,273,147,35
2024-11-21,nuevo león,Mexico,15673,431,169,32
2024-11-21,jalisco,Mexico,11034,352,153,36
2024-11-21,veracruz,Mexico,5491,136,56,17
2024-11-21,guanajuato,Mexico,3555,94,37,12
2024-11-21,sinaloa,Mexico,5076,156,71,13
2024-11-21,puebla,Mexico,3781,96,46,13
2024-11-21,querétaro,Mexico,4696,126,45,10
2024-11-21,baja california,Mexico,4221,144,39,8
2024-11-21,chihuahua,Mexico,3846,107,45,9
2024-11-21,sonora,Mexico,2999,90,28,9
2024-11-21,coahuila,Mexico,2803,81,27,6
2024-11-21,tamaulipas,Mexico,2785,62,24,4
2024-11-21,yucatán,Mexico,3335,85,30,7
2024-11-21,quintana roo,Mexico,3331,93,58,11
2024-11-21,michoacán,Mexico,2729,57,28,9
2024-11-21,morelos,Mexico,1978,57,34,5
2024-11-21,tabasco,Mexico,1726,51,21,3
2024-11-21,guerrero,Mexico,1638,36,22,5
2024-11-21,chiapas,Mexico,1449,50,19,4
2024-11-21,san luis potosí,Mexico,1428,40,11,0
2024-11-21,hidalgo,Mexico,1126,21,9,2
2024-11-21,oaxaca,Mexico,1179,34,9,3
2024-11-21,aguascalientes,Mexico,1188,38,19,4
2024-11-21,zacatecas,Mexico,804,26,10,3
2024-11-21,baja california sur,Mexico,785,26,12,0
2024-11-21,durango,Mexico,930,28,7,2
2024-11-21,campeche,Mexico,693,20,7,0
2024-11-21,nayarit,Mexico,699,19,7,1
2024-11-21,colima,Mexico,637,20,15,0
2024-11-21,tlaxcala,Mexico,576,19,6,2
2024-11-22,mexico city,Mexico,39675,1099,522,142
2024-11-22,méxico,Mexico,11584,288,128,25
2024-11-22,nuevo león,Mexico,19912,493,179,33
2024-11-22,jalisco,Mexico,13952,402,167,47
2024-11-22,veracruz,Mexico,7047,161,69,16
2024-11-22,guanajuato,Mexico,4412,125,40,9
2024-11-22,sinaloa,Mexico,6350,191,92,28
2024-11-22,puebla,Mexico,4427,135,51,11
2024-11-22,querétaro,Mexico,5413,157,60,15
2024-11-22,baja california,Mexico,5025,125,49,8
2024-11-22,chihuahua,Mexico,4837,129,48,12
2024-11-22,sonora,Mexico,3821,103,40,6
2024-11-22,coahuila,Mexico,3629,80,36,4
2024-11-22,tamaulipas,Mexico,3522,76,32,3
2024-11-22,yucatán,Mexico,4132,111,47,9
2024-11-22,quintana roo,Mexico,4071,123,48,7
2024-11-22,michoacán,Mexico,3670,86,40,3
2024-11-22,morelos,Mexico,2541,61,32,2
2024-11-22,tabasco,Mexico,2094,56,23,6
2024-11-22,guerrero,Mexico,2277,42,21,4
2024-11-22,chiapas,Mexico,1930,52,17,4
2024-11-22,san luis potosí,Mexico,1919,47,26,3
2024-11-22,hidalgo,Mexico,1513,39,16,3
2024-11-22,oaxaca,Mexico,1609,38,19,8
2024-11-22,aguascalientes,Mexico,1537,45,16,3
2024-11-22,zacatecas,Mexico,1041,24,7,1
2024-11-22,baja california sur,Mexico,957,30,10,2
2024-11-22,durango,Mexico,1201,36,13,1
2024-11-22,campeche,Mexico,992,26,6,1
2024-11-22,nayarit,Mexico,974,34,14,2
2024-11-22,colima,Mexico,787,20,8,0
2024-11-22,tlaxcala,Mexico,747,16,6,2
2024-11-23,mexico city,Mexico,41274,1131,467,100
2024-11-23,méxico,Mexico,12571,314,134,26
2024-11-23,nuevo león,Mexico,20992,461,172,41
2024-11-23,jalisco,Mexico,14596,422,181,42
2024-11-23,veracruz,Mexico,7433,169,79,18
2024-11-23,guanajuato,Mexico,5093,89,43,8
2024-11-23,sinaloa,Mexico,6386,161,53,13
2024-11-23,puebla,Mexico,5304,127,60,9
2024-11-23,querétaro,Mexico,6587,150,53,15
2024-11-23,baja california,Mexico,5319,156,60,12
2024-11-23,chihuahua,Mexico,5201,123,60,15
2024-11-23,sonora,Mexico,3908,109,44,11
2024-11-23,coahuila,Mexico,3793,92,25,4
2024-11-23,tamaulipas,Mexico,3622,85,37,8
2024-11-23,yucatán,Mexico,4426,113,38,5
2024-11-23,quintana roo,Mexico,4367,112,45,9
2024-11-23,michoacán,Mexico,4342,118,53,7
2024-11-23,morelos,Mexico,2969,59,18,3
2024-11-23,tabasco,Mexico,2310,66,20,6
2024-11-23,guerrero,Mexico,2562,60,23,2
2024-11-23,chiapas,Mexico,2288,61,23,4
2024-11-23,san luis potosí,Mexico,2055,42,9,2
2024-11-23,hidalgo,Mexico,1845,42,26,2
2024-11-23,oaxaca,Mexico,2057,54,13,4
2024-11-23,aguascalientes,Mexico,1717,46,17,3
2024-11-23,zacatecas,Mexico,1167,33,13,4
2024-11-23,baja california sur,Mexico,967,25,8,1
2024-11-23,durango,Mexico,1291,34,7,0
2024-11-23,campeche,Mexico,1008,23,11,2
2024-11-23,nayarit,Mexico,1056,27,9,4
2024-11-23,colima,Mexico,975,22,9,2
2024-11-23,tlaxcala,Mexico,823,17,5,0
2024-11-24,mexico city,Mexico,43144,1161,532,137
2024-11-24,méxico,Mexico,13403,329,161,28
2024-11-24,nuevo león,Mexico,22310,486,250,63
2024-11-24,jalisco,Mexico,15296,389,180,36
2024-11-24,veracruz,Mexico,7835,125,64,12
2024-11-24,guanajuato,Mexico,5493,118,57,11
2024-11-24,sinaloa,Mexico,6714,136,58,17
2024-11-24,puebla,Mexico,5729,114,41,8
2024-11-24,querétaro,Mexico,6714,137,67,16
2024-11-24,baja california,Mexico,5717,112,49,10
2024-11-24,chihuahua,Mexico,5847,151,50,12
2024-11-24,sonora,Mexico,4257,91,25,4
2024-11-24,coahuila,Mexico,4352,91,38,7
2024-11-24,tamaulipas,Mexico,3998,96,32,4
2024-11-24,yucatán,Mexico,4457,107,41,12
2024-11-24,quintana roo,Mexico,4327,95,47,16
2024-11-24,michoacán,Mexico,4675,82,41,8
2024-11-24,morelos,Mexico,3045,73,24,3
2024-11-24,tabasco,Mexico,2364,61,27,3
2024-11-24,guerrero,Mexico,3006,61,28,3
2024-11-24,chiapas,Mexico,2623,67,27,3
2024-11-24,san luis potosí,Mexico,2141,47,22,6
2024-11-24,hidalgo,Mexico,1967,57,23,9
2024-11-24,oaxaca,Mexico,2190,50,15,1
2024-11-24,aguascalientes,Mexico,1748,43,16,4
2024-11-24,zacatecas,Mexico,1278,34,10,1
2024-11-24,baja california sur,Mexico,1111,25,10,1
2024-11-24,durango,Mexico,1377,33,13,8
2024-11-24,campeche,Mexico,1070,25,10,2
2024-11-24,nayarit,Mexico,1103,21,18,6
2024-11-24,colima,Mexico,1032,23,13,1
2024-11-24,tlaxcala,Mexico,867,18,8,1
2024-11-25,mexico city,Mexico,32278,845,446,126
2024-11-25,méxico,Mexico,9101,222,137,29
2024-11-25,nuevo león,Mexico,17974,490,192,42
2024-11-25,jalisco,Mexico,11847,369,180,55
2024-11-25,veracruz,Mexico,5720,155,66,17
2024-11-25,guanajuato,Mexico,3613,77,39,5
2024-11-25,sinaloa,Mexico,5786,150,47,8
2024-11-25,puebla,Mexico,3316,74,39,9
2024-11-25,querétaro,Mexico,4717,106,41,14
2024-11-25,baja california,Mexico,4645,127,57,13
2024-11-25,chihuahua,Mexico,4531,123,31,5
2024-11-25,sonora,Mexico,3276,99,39,8
2024-11-25,coahuila,Mexico,3168,87,36,6
2024-11-25,tamaulipas,Mexico,3101,76,34,6
2024-11-25,yucatán,Mexico,3812,98,56,13
2024-11-25,quintana roo,Mexico,3746,114,54,11
2024-11-25,michoacán,Mexico,2878,81,39,12
2024-11-25,morelos,Mexico,1851,34,18,6
2024-11-25,tabasco,Mexico,1664,40,22,6
2024-11-25,guerrero,Mexico,1745,55,28,3
2024-11-25,chiapas,Mexico,1633,44,26,2
2024-11-25,san luis potosí,Mexico,1556,37,8,3
2024-11-25,hidalgo,Mexico,1116,24,8,0
2024-11-25,oaxaca,Mexico,1136,23,10,0
2024-11-25,aguascalientes,Mexico,1257,41,17,4
2024-11-25,zacatecas,Mexico,843,24,10,4
2024-11-25,baja california sur,Mexico,845,29,11,2
2024-11-25,durango,Mexico,949,25,7,2
2024-11-25,campeche,Mexico,782,22,11,4
2024-11-25,nayarit,Mexico,850,23,10,3
2024-11-25,colima,Mexico,728,23,12,2
2024-11-25,tlaxcala,Mexico,501,19,7,3
2024-11-26,mexico city,Mexico,33525,836,354,110
2024-11-26,méxico,Mexico,9399,238,107,23
2024-11-26,nuevo león,Mexico,16373,425,163,40
2024-11-26,jalisco,Mexico,11805,336,152,48
2024-11-26,veracruz,Mexico,5540,112,42,8
2024-11-26,guanajuato,Mexico,3381,87,40,12
2024-11-26,sinaloa,Mexico,5063,141,54,16
2024-11-26,puebla,Mexico,3458,66,33,8
2024-11-26,querétaro,Mexico,4639,115,41,12
2024-11-26,baja california,Mexico,4475,127,45,9
2024-11-26,chihuahua,Mexico,4169,118,40,10
2024-11-26,sonora,Mexico,3037,82,21,3
2024-11-26,coahuila,Mexico,2900,76,26,6
2024-11-26,tamaulipas,Mexico,2972,69,23,1
2024-11-26,yucatán,Mexico,3758,95,35,5
2024-11-26,quintana roo,Mexico,3806,71,31,9
2024-11-26,michoacán,Mexico,2755,82,31,10
2024-11-26,morelos,Mexico,1938,50,21,6
2024-11-26,tabasco,Mexico,1721,38,15,3
2024-11-26,guerrero,Mexico,1613,38,11,3
2024-11-26,chiapas,Mexico,1640,41,24,2
2024-11-26,san luis potosí,Mexico,1534,35,16,4
2024-11-26,hidalgo,Mexico,1118,23,5,0
2024-11-26,oaxaca,Mexico,1154,27,10,3
2024-11-26,aguascalientes,Mexico,1271,36,18,3
2024-11-26,zacatecas,Mexico,888,25,15,6
2024-11-26,baja california sur,Mexico,813,36,12,3
2024-11-26,durango,Mexico,1000,24,8,2
2024-11-26,campeche,Mexico,737,22,6,2
2024-11-26,nayarit,Mexico,794,20,8,2
2024-11-26,colima,Mexico,702,28,16,2
2024-11-26,tlaxcala,Mexico,493,17,10,3
2024-11-27,mexico city,Mexico,29691,846,348,93
2024-11-27,méxico,Mexico,8139,230,89,29
2024-11-27,nuevo león,Mexico,14067,320,148,36
2024-11-27,jalisco,Mexico,10027,303,127,35
2024-11-27,veracruz,Mexico,4555,116,47,8
2024-11-27,guanajuato,Mexico,2806,61,25,7
2024-11-27,sinaloa,Mexico,4485,111,36,13
2024-11-27,puebla,Mexico,2802,70,23,5
2024-11-27,querétaro,Mexico,3980,103,47,14
2024-11-27,baja california,Mexico,3622,112,40,8
2024-11-27,chihuahua,Mexico,3684,107,48,8
2024-11-27,sonora,Mexico,2669,67,22,5
2024-11-27,coahuila,Mexico,2314,71,26,5
2024-11-27,tamaulipas,Mexico,2372,72,31,8
2024-11-27,yucatán,Mexico,3323,91,38,10
2024-11-27,quintana roo,Mexico,3342,94,34,9
2024-11-27,michoacán,Mexico,2413,56,27,6
2024-11-27,morelos,Mexico,1556,35,22,0
2024-11-27,tabasco,Mexico,1431,30,23,3
2024-11-27,guerrero,Mexico,1373,46,17,5
2024-11-27,chiapas,Mexico,1344,40,15,1
2024-11-27,san luis potosí,Mexico,1246,29,14,1
2024-11-27,hidalgo,Mexico,944,21,6,2
2024-11-27,oaxaca,Mexico,1061,21,17,6
2024-11-27,aguascalientes,Mexico,1050,35,15,2
2024-11-27,zacatecas,Mexico,719,23,15,4
2024-11-27,baja california sur,Mexico,688,23,9,3
2024-11-27,durango,Mexico,979,21,13,2
2024-11-27,campeche,Mexico,647,10,4,0
2024-11-27,nayarit,Mexico,690,17,3,1
2024-11-27,colima,Mexico,598,11,7,2
2024-11-27,tlaxcala,Mexico,425,8,4,1
2024-11-28,mexico city,Mexico,34781,870,387,109
2024-11-28,méxico,Mexico,9827,267,128,31
2024-11-28,nuevo león,Mexico,15484,411,160,39
2024-11-28,jalisco,Mexico,11097,293,154,52
2024-11-28,veracruz,Mexico,5383,114,52,11
2024-11-28,guanajuato,Mexico,3206,77,34,6
2024-11-28,sinaloa,Mexico,5033,133,48,11
2024-11-28,puebla,Mexico,3369,84,33,13
2024-11-28,querétaro,Mexico,4436,90,48,10
2024-11-28,baja california,Mexico,4153,108,44,13
2024-11-28,chihuahua,Mexico,3982,114,38,7
2024-11-28,sonora,Mexico,2828,67,26,8
2024-11-28,coahuila,Mexico,2660,56,30,6
2024-11-28,tamaulipas,Mexico,2574,57,19,4
2024-11-28,yucatán,Mexico,3805,103,46,11
2024-11-28,quintana roo,Mexico,3761,101,40,6
2024-11-28,michoacán,Mexico,2760,61,33,4
2024-11-28,morelos,Mexico,1926,37,22,5
2024-11-28,tabasco,Mexico,1652,40,24,7
2024-11-28,guerrero,Mexico,1645,39,20,3
2024-11-28,chiapas,Mexico,1542,43,14,3
2024-11-28,san luis potosí,Mexico,1409,48,14,4
2024-11-28,hidalgo,Mexico,1112,33,6,4
2024-11-28,oaxaca,Mexico,1169,29,17,7
2024-11-28,aguascalientes,Mexico,1260,34,14,3
2024-11-28,zacatecas,Mexico,784,17,5,1
2024-11-28,baja california sur,Mexico,708,23,13,3
2024-11-28,durango,Mexico,1096,19,10,3
2024-11-28,campeche,Mexico,770,23,8,1
2024-11-28,nayarit,Mexico,698,14,3,2
2024-11-28,colima,Mexico,641,18,11,4
2024-11-28,tlaxcala,Mexico,471,11,4,1
2024-11-29,mexico city,Mexico,28288,844,558,172
2024-11-29,méxico,Mexico,8202,248,179,50
2024-11-29,nuevo león,Mexico,13390,403,238,63
2024-11-29,jalisco,Mexico,9216,291,238,66
2024-11-29,veracruz,Mexico,4730,125,82,28
2024-11-29,guanajuato,Mexico,2802,92,64,19
2024-11-29,sinaloa,Mexico,4149,120,75,13
2024-11-29,puebla,Mexico,2886,105,54,15
2024-11-29,querétaro,Mexico,3798,134,80,22
2024-11-29,baja california,Mexico,3664,106,28,3
2024-11-29,chihuahua,Mexico,3324,82,40,13
2024-11-29,sonora,Mexico,2479,63,26,2
2024-11-29,coahuila,Mexico,2443,87,48,11
2024-11-29,tamaulipas,Mexico,2400,67,40,10
2024-11-29,yucatán,Mexico,2889,80,50,11
2024-11-29,quintana roo,Mexico,3025,81,55,13
2024-11-29,michoacán,Mexico,2450,67,50,13
2024-11-29,morelos,Mexico,1576,51,30,7
2024-11-29,tabasco,Mexico,1436,53,18,1
2024-11-29,guerrero,Mexico,1350,38,28,10
2024-11-29,chiapas,Mexico,1309,47,30,7
2024-11-29,san luis potosí,Mexico,1217,45,25,6
2024-11-29,hidalgo,Mexico,977,24,24,2
2024-11-29,oaxaca,Mexico,1027,32,27,5
2024-11-29,aguascalientes,Mexico,1013,32,22,4
2024-11-29,zacatecas,Mexico,699,23,13,2
2024-11-29,baja california sur,Mexico,695,33,18,5
2024-11-29,durango,Mexico,903,21,15,2
2024-11-29,campeche,Mexico,608,14,9,3
2024-11-29,nayarit,Mexico,609,26,17,3
2024-11-29,colima,Mexico,567,17,10,2
2024-11-29,tlaxcala,Mexico,481,15,8,0
2024-11-30,mexico city,Mexico,24212,757,381,107
2024-11-30,méxico,Mexico,6892,191,130,29
2024-11-30,nuevo león,Mexico,11544,320,169,42
2024-11-30,jalisco,Mexico,8489,283,145,41
2024-11-30,veracruz,Mexico,4015,128,66,16
2024-11-30,guanajuato,Mexico,2566,82,46,13
2024-11-30,sinaloa,Mexico,4069,119,53,16
2024-11-30,puebla,Mexico,2523,90,43,8
2024-11-30,querétaro,Mexico,3256,76,51,7
2024-11-30,baja california,Mexico,3119,115,29,5
2024-11-30,chihuahua,Mexico,3140,92,50,5
2024-11-30,sonora,Mexico,2427,54,26,6
2024-11-30,coahuila,Mexico,2100,66,33,8
2024-11-30,tamaulipas,Mexico,2031,60,31,7
2024-11-30,yucatán,Mexico,2461,72,32,10
2024-11-30,quintana roo,Mexico,2651,74,45,8
2024-11-30,michoacán,Mexico,2026,67,33,8
2024-11-30,morelos,Mexico,1350,40,16,4
2024-11-30,tabasco,Mexico,1210,46,21,4
2024-11-30,guerrero,Mexico,1154,27,14,4
2024-11-30,chiapas,Mexico,1121,44,21,8
2024-11-30,san luis potosí,Mexico,1137,24,7,2
2024-11-30,hidalgo,Mexico,860,26,18,6
2024-11-30,oaxaca,Mexico,833,23,21,9
2024-11-30,aguascalientes,Mexico,900,31,18,3
2024-11-30,zacatecas,Mexico,592,14,9,3
2024-11-30,baja california sur,Mexico,592,18,8,3
2024-11-30,durango,Mexico,768,17,9,3
2024-11-30,campeche,Mexico,497,20,7,1
2024-11-30,nayarit,Mexico,591,21,15,6
2024-11-30,colima,Mexico,470,12,6,2
2024-11-30,tlaxcala,Mexico,432,15,9,2
2024-12-01,mexico city,Mexico,30423,927,519,159
2024-12-01,méxico,Mexico,8972,272,161,49
2024-12-01,nuevo león,Mexico,13865,429,180,43
2024-12-01,jalisco,Mexico,10279,357,196,64
2024-12-01,veracruz,Mexico,5026,133,63,14
2024-12-01,guanajuato,Mexico,3083,74,44,19
2024-12-01,sinaloa,Mexico,4711,131,59,16
2024-12-01,puebla,Mexico,3107,91,51,14
2024-12-01,querétaro,Mexico,3895,140,50,27
2024-12-01,baja california,Mexico,3609,116,45,10
2024-12-01,chihuahua,Mexico,3918,136,56,13
2024-12-01,sonora,Mexico,2877,83,28,7
2024-12-01,coahuila,Mexico,2733,87,43,16
2024-12-01,tamaulipas,Mexico,2443,64,31,9
2024-12-01,yucatán,Mexico,3018,105,41,10
2024-12-01,quintana roo,Mexico,3194,107,56,15
2024-12-01,michoacán,Mexico,2498,67,41,14
2024-12-01,morelos,Mexico,1741,42,31,6
2024-12-01,tabasco,Mexico,1523,50,34,6
2024-12-01,guerrero,Mexico,1329,34,21,12
2024-12-01,chiapas,Mexico,1346,46,26,6
2024-12-01,san luis potosí,Mexico,1299,35,15,5
2024-12-01,hidalgo,Mexico,1157,32,30,5
2024-12-01,oaxaca,Mexico,960,26,13,3
2024-12-01,aguascalientes,Mexico,1199,33,26,6
2024-12-01,zacatecas,Mexico,692,19,20,8
2024-12-01,baja california sur,Mexico,725,42,9,1
2024-12-01,durango,Mexico,953,25,9,2
2024-12-01,campeche,Mexico,637,26,16,5
2024-12-01,nayarit,Mexico,652,22,7,3
2024-12-01,colima,Mexico,579,20,10,2
2024-12-01,tlaxcala,Mexico,512,17,8,3
2024-12-02,mexico city,Mexico,33795,1144,673,185
2024-12-02,méxico,Mexico,9403,336,202,56
2024-12-02,nuevo león,Mexico,14974,514,253,72
2024-12-02,jalisco,Mexico,10772,401,283,72
2024-12-02,veracruz,Mexico,4851,125,72,24
2024-12-02,guanajuato,Mexico,3291,103,67,13
2024-12-02,sinaloa,Mexico,4552,163,111,28
2024-12-02,puebla,Mexico,3359,107,77,19
2024-12-02,querétaro,Mexico,4195,132,71,26
2024-12-02,baja california,Mexico,3650,120,61,13
2024-12-02,chihuahua,Mexico,3663,110,47,9
2024-12-02,sonora,Mexico,2821,83,48,10
2024-12-02,coahuila,Mexico,2712,88,66,15
2024-12-02,tamaulipas,Mexico,2511,74,44,9
2024-12-02,yucatán,Mexico,3150,95,44,9
2024-12-02,quintana roo,Mexico,3094,94,41,10
2024-12-02,michoacán,Mexico,2602,82,59,15
2024-12-02,morelos,Mexico,1621,50,27,5
2024-12-02,tabasco,Mexico,1512,40,41,14
2024-12-02,guerrero,Mexico,1322,34,24,1
2024-12-02,chiapas,Mexico,1431,41,24,4
2024-12-02,san luis potosí,Mexico,1450,40,29,5
2024-12-02,hidalgo,Mexico,1109,51,24,7
2024-12-02,oaxaca,Mexico,1009,35,20,4
2024-12-02,aguascalientes,Mexico,1167,40,29,9
2024-12-02,zacatecas,Mexico,784,33,19,3
2024-12-02,baja california sur,Mexico,707,17,9,3
2024-12-02,durango,Mexico,909,25,16,4
2024-12-02,campeche,Mexico,624,20,10,3
2024-12-02,nayarit,Mexico,658,24,17,1
2024-12-02,colima,Mexico,579,24,9,1
2024-12-02,tlaxcala,Mexico,511,15,10,4
2024-12-03,mexico city,Mexico,32929,1099,545,145
2024-12-03,méxico,Mexico,8847,305,164,43
2024-12-03,nuevo león,Mexico,12770,443,208,53
2024-12-03,jalisco,Mexico,10726,400,231,56
2024-12-03,veracruz,Mexico,4398,147,51,12
2024-12-03,guanajuato,Mexico,2875,88,35,10
2024-12-03,sinaloa,Mexico,5364,160,76,20
2024-12-03,puebla,Mexico,2292,61,41,8
2024-12-03,querétaro,Mexico,5112,157,70,26
2024-12-03,baja california,Mexico,3788,149,65,17
2024-12-03,chihuahua,Mexico,3558,121,60,17
2024-12-03,sonora,Mexico,2497,92,38,10
2024-12-03,coahuila,Mexico,2463,85,37,6
2024-12-03,tamaulipas,Mexico,2391,78,30,7
2024-12-03,yucatán,Mexico,2999,112,49,10
2024-12-03,quintana roo,Mexico,3077,124,61,18
2024-12-03,michoacán,Mexico,2238,86,44,7
2024-12-03,morelos,Mexico,1529,33,17,4
2024-12-03,tabasco,Mexico,1444,62,24,2
2024-12-03,guerrero,Mexico,1135,37,32,6
2024-12-03,chiapas,Mexico,2251,68,40,8
2024-12-03,san luis potosí,Mexico,1250,36,17,3
2024-12-03,hidalgo,Mexico,985,31,24,6
2024-12-03,oaxaca,Mexico,974,29,13,3
2024-12-03,aguascalientes,Mexico,974,41,19,8
2024-12-03,zacatecas,Mexico,826,29,16,6
2024-12-03,baja california sur,Mexico,630,24,5,1
2024-12-03,durango,Mexico,729,23,12,0
2024-12-03,campeche,Mexico,581,26,9,2
2024-12-03,nayarit,Mexico,558,24,15,4
2024-12-03,colima,Mexico,437,15,7,1
2024-12-03,tlaxcala,Mexico,424,20,8,1
