date,state,conversions
2024-07-01,Aguascalientes,2
2024-07-02,Aguascalientes,1
2024-07-03,Aguascalientes,1
2024-07-04,Aguascalientes,0
2024-07-05,Aguascalientes,1
2024-07-06,Aguascalientes,0
2024-07-07,Aguascalientes,0
2024-07-08,Aguascalientes,0
2024-07-09,Aguascalientes,0
2024-07-10,Aguascalientes,1
2024-07-11,Aguascalientes,1
2024-07-12,Aguascalientes,1
2024-07-13,Aguascalientes,1
2024-07-14,Aguascalientes,0
2024-07-15,Aguascalientes,2
2024-07-16,Aguascalientes,0
2024-07-17,Aguascalientes,1
2024-07-18,Aguascalientes,1
2024-07-19,Aguascalientes,2
2024-07-20,Aguascalientes,0
2024-07-21,Aguascalientes,0
2024-07-22,Aguascalientes,1
2024-07-23,Aguascalientes,0
2024-07-24,Aguascalientes,2
2024-07-25,Aguascalientes,1
2024-07-26,Aguascalientes,0
2024-07-27,Aguascalientes,1
2024-07-28,Aguascalientes,0
2024-07-29,Aguascalientes,0
2024-07-30,Aguascalientes,0
2024-07-31,Aguascalientes,3
2024-08-01,Aguascalientes,1
2024-08-02,Aguascalientes,1
2024-08-03,Aguascalientes,0
2024-08-04,Aguascalientes,0
2024-08-05,Aguascalientes,0
2024-08-06,Aguascalientes,0
2024-08-07,Aguascalientes,1
2024-08-08,Aguascalientes,1
2024-08-09,Aguascalientes,0
2024-08-10,Aguascalientes,1
2024-08-11,Aguascalientes,0
2024-08-12,Aguascalientes,1
2024-08-13,Aguascalientes,0
2024-08-14,Aguascalientes,3
2024-08-15,Aguascalientes,3
2024-08-16,Aguascalientes,0
2024-08-17,Aguascalientes,1
2024-08-18,Aguascalientes,1
2024-08-19,Aguascalientes,2
2024-08-20,Aguascalientes,1
2024-08-21,Aguascalientes,1
2024-08-22,Aguascalientes,0
2024-08-23,Aguascalientes,2
2024-08-24,Aguascalientes,0
2024-08-25,Aguascalientes,1
2024-08-26,Aguascalientes,0
2024-08-27,Aguascalientes,2
2024-08-28,Aguascalientes,0
2024-08-29,Aguascalientes,2
2024-08-30,Aguascalientes,2
2024-08-31,Aguascalientes,0
2024-09-01,Aguascalientes,0
2024-09-02,Aguascalientes,2
2024-09-03,Aguascalientes,1
2024-09-04,Aguascalientes,0
2024-09-05,Aguascalientes,0
2024-09-06,Aguascalientes,2
2024-09-07,Aguascalientes,0
2024-09-08,Aguascalientes,0
2024-09-09,Aguascalientes,0
2024-09-10,Aguascalientes,1
2024-09-11,Aguascalientes,1
2024-09-12,Aguascalientes,1
2024-09-13,Aguascalientes,0
2024-09-14,Aguascalientes,0
2024-09-15,Aguascalientes,0
2024-09-16,Aguascalientes,0
2024-09-17,Aguascalientes,4
2024-09-18,Aguascalientes,1
2024-09-19,Aguascalientes,1
2024-09-20,Aguascalientes,2
2024-09-21,Aguascalientes,1
2024-09-22,Aguascalientes,1
2024-09-23,Aguascalientes,2
2024-09-24,Aguascalientes,0
2024-09-25,Aguascalientes,1
2024-09-26,Aguascalientes,1
2024-09-27,Aguascalientes,0
2024-09-28,Aguascalientes,0
2024-09-29,Aguascalientes,0
2024-09-30,Aguascalientes,4
2024-10-01,Aguascalientes,12
2024-10-02,Aguascalientes,0
2024-10-03,Aguascalientes,0
2024-10-04,Aguascalientes,0
2024-10-05,Aguascalientes,0
2024-10-06,Aguascalientes,0
2024-10-07,Aguascalientes,1
2024-10-08,Aguascalientes,1
2024-10-09,Aguascalientes,0
2024-10-10,Aguascalientes,1
2024-10-11,Aguascalientes,2
2024-10-12,Aguascalientes,0
2024-10-13,Aguascalientes,0
2024-10-14,Aguascalientes,1
2024-10-15,Aguascalientes,0
2024-10-16,Aguascalientes,0
2024-10-17,Aguascalientes,1
2024-10-18,Aguascalientes,0
2024-10-19,Aguascalientes,0
2024-10-20,Aguascalientes,0
2024-10-21,Aguascalientes,1
2024-10-22,Aguascalientes,2
2024-10-23,Aguascalientes,0
2024-10-24,Aguascalientes,1
2024-10-25,Aguascalientes,0
2024-10-26,Aguascalientes,0
2024-10-27,Aguascalientes,0
2024-10-28,Aguascalientes,0
2024-10-29,Aguascalientes,0
2024-10-30,Aguascalientes,2
2024-10-31,Aguascalientes,0
2024-11-01,Aguascalientes,1
2024-11-02,Aguascalientes,0
2024-11-03,Aguascalientes,0
2024-11-04,Aguascalientes,2
2024-11-05,Aguascalientes,1
2024-11-06,Aguascalientes,2
2024-11-07,Aguascalientes,0
2024-11-08,Aguascalientes,0
2024-11-09,Aguascalientes,0
2024-11-10,Aguascalientes,1
2024-11-11,Aguascalientes,0
2024-11-12,Aguascalientes,2
2024-11-13,Aguascalientes,1
2024-11-14,Aguascalientes,1
2024-11-15,Aguascalientes,1
2024-11-16,Aguascalientes,0
2024-11-17,Aguascalientes,0
2024-11-18,Aguascalientes,0
2024-11-19,Aguascalientes,1
2024-11-20,Aguascalientes,1
2024-11-21,Aguascalientes,0
2024-11-22,Aguascalientes,0
2024-11-23,Aguascalientes,1
2024-11-24,Aguascalientes,0
2024-11-25,Aguascalientes,2
2024-11-26,Aguascalientes,2
2024-11-27,Aguascalientes,0
2024-11-28,Aguascalientes,1
2024-11-29,Aguascalientes,1
2024-11-30,Aguascalientes,0
2024-12-01,Aguascalientes,0
2024-12-02,Aguascalientes,2
2024-12-03,Aguascalientes,1
2024-12-04,Aguascalientes,0
2024-12-05,Aguascalientes,0
2024-12-06,Aguascalientes,3
2024-12-07,Aguascalientes,2
2024-12-08,Aguascalientes,0
2024-12-09,Aguascalientes,0
2024-12-10,Aguascalientes,0
2024-12-11,Aguascalientes,0
2024-12-12,Aguascalientes,0
2024-12-13,Aguascalientes,1
2024-12-14,Aguascalientes,0
2024-12-15,Aguascalientes,1
2024-12-16,Aguascalientes,0
2024-12-17,Aguascalientes,0
2024-12-18,Aguascalientes,0
2024-12-19,Aguascalientes,1
2024-12-20,Aguascalientes,1
2024-12-21,Aguascalientes,0
2024-12-22,Aguascalientes,0
2024-12-23,Aguascalientes,1
2024-12-24,Aguascalientes,0
2024-12-25,Aguascalientes,0
2024-12-26,Aguascalientes,1
2024-12-27,Aguascalientes,0
2024-12-28,Aguascalientes,0
2024-12-29,Aguascalientes,0
2024-12-30,Aguascalientes,0
2024-12-31,Aguascalientes,1
2025-01-01,Aguascalientes,1
2025-01-02,Aguascalientes,1
2025-01-03,Aguascalientes,0
2025-01-04,Aguascalientes,0
2025-01-05,Aguascalientes,0
2025-01-06,Aguascalientes,2
2025-01-07,Aguascalientes,0
2025-01-08,Aguascalientes,0
2025-01-09,Aguascalientes,0
2025-01-10,Aguascalientes,0
2025-01-11,Aguascalientes,1
2025-01-12,Aguascalientes,0
2025-01-13,Aguascalientes,0
2025-01-14,Aguascalientes,0
2025-01-15,Aguascalientes,2
2025-01-16,Aguascalientes,0
2025-01-17,Aguascalientes,0
2025-01-18,Aguascalientes,0
2025-01-19,Aguascalientes,0
2025-01-20,Aguascalientes,1
2025-01-21,Aguascalientes,0
2025-01-22,Aguascalientes,0
2025-01-23,Aguascalientes,0
2024-07-01,Baja California,5
2024-07-02,Baja California,9
2024-07-03,Baja California,3
2024-07-04,Baja California,3
2024-07-05,Baja California,3
2024-07-06,Baja California,2
2024-07-07,Baja California,2
2024-07-08,Baja California,7
2024-07-09,Baja California,5
2024-07-10,Baja California,3
2024-07-11,Baja California,0
2024-07-12,Baja California,7
2024-07-13,Baja California,0
2024-07-14,Baja California,0
2024-07-15,Baja California,6
2024-07-16,Baja California,8
2024-07-17,Baja California,5
2024-07-18,Baja California,4
2024-07-19,Baja California,7
2024-07-20,Baja California,3
2024-07-21,Baja California,2
2024-07-22,Baja California,5
2024-07-23,Baja California,5
2024-07-24,Baja California,9
2024-07-25,Baja California,2
2024-07-26,Baja California,8
2024-07-27,Baja California,2
2024-07-28,Baja California,2
2024-07-29,Baja California,6
2024-07-30,Baja California,4
2024-07-31,Baja California,8
2024-08-01,Baja California,2
2024-08-02,Baja California,4
2024-08-03,Baja California,1
2024-08-04,Baja California,0
2024-08-05,Baja California,8
2024-08-06,Baja California,3
2024-08-07,Baja California,6
2024-08-08,Baja California,6
2024-08-09,Baja California,6
2024-08-10,Baja California,3
2024-08-11,Baja California,1
2024-08-12,Baja California,8
2024-08-13,Baja California,2
2024-08-14,Baja California,8
2024-08-15,Baja California,4
2024-08-16,Baja California,7
2024-08-17,Baja California,1
2024-08-18,Baja California,3
2024-08-19,Baja California,8
2024-08-20,Baja California,9
2024-08-21,Baja California,5
2024-08-22,Baja California,1
2024-08-23,Baja California,9
2024-08-24,Baja California,4
2024-08-25,Baja California,0
2024-08-26,Baja California,3
2024-08-27,Baja California,5
2024-08-28,Baja California,4
2024-08-29,Baja California,8
2024-08-30,Baja California,6
2024-08-31,Baja California,2
2024-09-01,Baja California,3
2024-09-02,Baja California,8
2024-09-03,Baja California,5
2024-09-04,Baja California,2
2024-09-05,Baja California,8
2024-09-06,Baja California,3
2024-09-07,Baja California,1
2024-09-08,Baja California,2
2024-09-09,Baja California,9
2024-09-10,Baja California,5
2024-09-11,Baja California,4
2024-09-12,Baja California,6
2024-09-13,Baja California,1
2024-09-14,Baja California,1
2024-09-15,Baja California,1
2024-09-16,Baja California,2
2024-09-17,Baja California,7
2024-09-18,Baja California,2
2024-09-19,Baja California,4
2024-09-20,Baja California,6
2024-09-21,Baja California,3
2024-09-22,Baja California,3
2024-09-23,Baja California,10
2024-09-24,Baja California,5
2024-09-25,Baja California,4
2024-09-26,Baja California,4
2024-09-27,Baja California,7
2024-09-28,Baja California,5
2024-09-29,Baja California,0
2024-09-30,Baja California,17
2024-10-01,Baja California,40
2024-10-02,Baja California,0
2024-10-03,Baja California,0
2024-10-04,Baja California,1
2024-10-05,Baja California,0
2024-10-06,Baja California,0
2024-10-07,Baja California,2
2024-10-08,Baja California,0
2024-10-09,Baja California,1
2024-10-10,Baja California,0
2024-10-11,Baja California,1
2024-10-12,Baja California,0
2024-10-13,Baja California,0
2024-10-14,Baja California,3
2024-10-15,Baja California,1
2024-10-16,Baja California,0
2024-10-17,Baja California,2
2024-10-18,Baja California,3
2024-10-19,Baja California,2
2024-10-20,Baja California,0
2024-10-21,Baja California,2
2024-10-22,Baja California,4
2024-10-23,Baja California,2
2024-10-24,Baja California,2
2024-10-25,Baja California,5
2024-10-26,Baja California,1
2024-10-27,Baja California,1
2024-10-28,Baja California,7
2024-10-29,Baja California,2
2024-10-30,Baja California,9
2024-10-31,Baja California,4
2024-11-01,Baja California,3
2024-11-02,Baja California,1
2024-11-03,Baja California,1
2024-11-04,Baja California,3
2024-11-05,Baja California,1
2024-11-06,Baja California,4
2024-11-07,Baja California,3
2024-11-08,Baja California,11
2024-11-09,Baja California,1
2024-11-10,Baja California,1
2024-11-11,Baja California,2
2024-11-12,Baja California,1
2024-11-13,Baja California,0
2024-11-14,Baja California,2
2024-11-15,Baja California,5
2024-11-16,Baja California,2
2024-11-17,Baja California,4
2024-11-18,Baja California,2
2024-11-19,Baja California,3
2024-11-20,Baja California,1
2024-11-21,Baja California,6
2024-11-22,Baja California,4
2024-11-23,Baja California,1
2024-11-24,Baja California,0
2024-11-25,Baja California,2
2024-11-26,Baja California,1
2024-11-27,Baja California,2
2024-11-28,Baja California,3
2024-11-29,Baja California,10
2024-11-30,Baja California,1
2024-12-01,Baja California,1
2024-12-02,Baja California,9
2024-12-03,Baja California,5
2024-12-04,Baja California,3
2024-12-05,Baja California,5
2024-12-06,Baja California,4
2024-12-07,Baja California,1
2024-12-08,Baja California,1
2024-12-09,Baja California,1
2024-12-10,Baja California,0
2024-12-11,Baja California,2
2024-12-12,Baja California,2
2024-12-13,Baja California,6
2024-12-14,Baja California,2
2024-12-15,Baja California,0
2024-12-16,Baja California,8
2024-12-17,Baja California,6
2024-12-18,Baja California,1
2024-12-19,Baja California,3
2024-12-20,Baja California,4
2024-12-21,Baja California,3
2024-12-22,Baja California,1
2024-12-23,Baja California,5
2024-12-24,Baja California,1
2024-12-25,Baja California,1
2024-12-26,Baja California,4
2024-12-27,Baja California,5
2024-12-28,Baja California,0
2024-12-29,Baja California,2
2024-12-30,Baja California,2
2024-12-31,Baja California,4
2025-01-01,Baja California,0
2025-01-02,Baja California,3
2025-01-03,Baja California,5
2025-01-04,Baja California,1
2025-01-05,Baja California,1
2025-01-06,Baja California,2
2025-01-07,Baja California,5
2025-01-08,Baja California,3
2025-01-09,Baja California,8
2025-01-10,Baja California,2
2025-01-11,Baja California,2
2025-01-12,Baja California,0
2025-01-13,Baja California,4
2025-01-14,Baja California,1
2025-01-15,Baja California,2
2025-01-16,Baja California,3
2025-01-17,Baja California,2
2025-01-18,Baja California,1
2025-01-19,Baja California,1
2025-01-20,Baja California,0
2025-01-21,Baja California,1
2025-01-22,Baja California,1
2025-01-23,Baja California,1
2024-07-01,Baja California Sur,5
2024-07-02,Baja California Sur,2
2024-07-03,Baja California Sur,2
2024-07-04,Baja California Sur,1
2024-07-05,Baja California Sur,0
2024-07-06,Baja California Sur,4
2024-07-07,Baja California Sur,0
2024-07-08,Baja California Sur,0
2024-07-09,Baja California Sur,1
2024-07-10,Baja California Sur,3
2024-07-11,Baja California Sur,4
2024-07-12,Baja California Sur,1
2024-07-13,Baja California Sur,1
2024-07-14,Baja California Sur,0
2024-07-15,Baja California Sur,4
2024-07-16,Baja California Sur,5
2024-07-17,Baja California Sur,3
2024-07-18,Baja California Sur,0
2024-07-19,Baja California Sur,1
2024-07-20,Baja California Sur,0
2024-07-21,Baja California Sur,1
2024-07-22,Baja California Sur,1
2024-07-23,Baja California Sur,2
2024-07-24,Baja California Sur,0
2024-07-25,Baja California Sur,3
2024-07-26,Baja California Sur,0
2024-07-27,Baja California Sur,0
2024-07-28,Baja California Sur,4
2024-07-29,Baja California Sur,3
2024-07-30,Baja California Sur,0
2024-07-31,Baja California Sur,5
2024-08-01,Baja California Sur,0
2024-08-02,Baja California Sur,3
2024-08-03,Baja California Sur,1
2024-08-04,Baja California Sur,0
2024-08-05,Baja California Sur,3
2024-08-06,Baja California Sur,4
2024-08-07,Baja California Sur,3
2024-08-08,Baja California Sur,1
2024-08-09,Baja California Sur,2
2024-08-10,Baja California Sur,1
2024-08-11,Baja California Sur,0
2024-08-12,Baja California Sur,2
2024-08-13,Baja California Sur,8
2024-08-14,Baja California Sur,3
2024-08-15,Baja California Sur,4
2024-08-16,Baja California Sur,1
2024-08-17,Baja California Sur,2
2024-08-18,Baja California Sur,2
2024-08-19,Baja California Sur,1
2024-08-20,Baja California Sur,4
2024-08-21,Baja California Sur,1
2024-08-22,Baja California Sur,4
2024-08-23,Baja California Sur,4
2024-08-24,Baja California Sur,0
2024-08-25,Baja California Sur,0
2024-08-26,Baja California Sur,2
2024-08-27,Baja California Sur,2
2024-08-28,Baja California Sur,3
2024-08-29,Baja California Sur,1
2024-08-30,Baja California Sur,3
2024-08-31,Baja California Sur,2
2024-09-01,Baja California Sur,0
2024-09-02,Baja California Sur,4
2024-09-03,Baja California Sur,1
2024-09-04,Baja California Sur,5
2024-09-05,Baja California Sur,2
2024-09-06,Baja California Sur,1
2024-09-07,Baja California Sur,1
2024-09-08,Baja California Sur,1
2024-09-09,Baja California Sur,6
2024-09-10,Baja California Sur,5
2024-09-11,Baja California Sur,3
2024-09-12,Baja California Sur,1
2024-09-13,Baja California Sur,1
2024-09-14,Baja California Sur,1
2024-09-15,Baja California Sur,0
2024-09-16,Baja California Sur,2
2024-09-17,Baja California Sur,3
2024-09-18,Baja California Sur,3
2024-09-19,Baja California Sur,1
2024-09-20,Baja California Sur,1
2024-09-21,Baja California Sur,1
2024-09-22,Baja California Sur,1
2024-09-23,Baja California Sur,2
2024-09-24,Baja California Sur,4
2024-09-25,Baja California Sur,1
2024-09-26,Baja California Sur,3
2024-09-27,Baja California Sur,2
2024-09-28,Baja California Sur,0
2024-09-29,Baja California Sur,2
2024-09-30,Baja California Sur,5
2024-10-01,Baja California Sur,12
2024-10-02,Baja California Sur,1
2024-10-03,Baja California Sur,0
2024-10-04,Baja California Sur,0
2024-10-05,Baja California Sur,0
2024-10-06,Baja California Sur,0
2024-10-07,Baja California Sur,0
2024-10-08,Baja California Sur,0
2024-10-09,Baja California Sur,0
2024-10-10,Baja California Sur,0
2024-10-11,Baja California Sur,0
2024-10-12,Baja California Sur,1
2024-10-13,Baja California Sur,0
2024-10-14,Baja California Sur,0
2024-10-15,Baja California Sur,3
2024-10-16,Baja California Sur,1
2024-10-17,Baja California Sur,1
2024-10-18,Baja California Sur,0
2024-10-19,Baja California Sur,0
2024-10-20,Baja California Sur,0
2024-10-21,Baja California Sur,1
2024-10-22,Baja California Sur,2
2024-10-23,Baja California Sur,2
2024-10-24,Baja California Sur,0
2024-10-25,Baja California Sur,3
2024-10-26,Baja California Sur,0
2024-10-27,Baja California Sur,2
2024-10-28,Baja California Sur,3
2024-10-29,Baja California Sur,0
2024-10-30,Baja California Sur,1
2024-10-31,Baja California Sur,3
2024-11-01,Baja California Sur,1
2024-11-02,Baja California Sur,0
2024-11-03,Baja California Sur,0
2024-11-04,Baja California Sur,3
2024-11-05,Baja California Sur,0
2024-11-06,Baja California Sur,1
2024-11-07,Baja California Sur,2
2024-11-08,Baja California Sur,0
2024-11-09,Baja California Sur,0
2024-11-10,Baja California Sur,2
2024-11-11,Baja California Sur,0
2024-11-12,Baja California Sur,0
2024-11-13,Baja California Sur,1
2024-11-14,Baja California Sur,1
2024-11-15,Baja California Sur,1
2024-11-16,Baja California Sur,1
2024-11-17,Baja California Sur,2
2024-11-18,Baja California Sur,0
2024-11-19,Baja California Sur,4
2024-11-20,Baja California Sur,0
2024-11-21,Baja California Sur,0
2024-11-22,Baja California Sur,2
2024-11-23,Baja California Sur,0
2024-11-24,Baja California Sur,1
2024-11-25,Baja California Sur,0
2024-11-26,Baja California Sur,0
2024-11-27,Baja California Sur,3
2024-11-28,Baja California Sur,1
2024-11-29,Baja California Sur,1
2024-11-30,Baja California Sur,1
2024-12-01,Baja California Sur,2
2024-12-02,Baja California Sur,1
2024-12-03,Baja California Sur,4
2024-12-04,Baja California Sur,1
2024-12-05,Baja California Sur,0
2024-12-06,Baja California Sur,0
2024-12-07,Baja California Sur,1
2024-12-08,Baja California Sur,0
2024-12-09,Baja California Sur,2
2024-12-10,Baja California Sur,0
2024-12-11,Baja California Sur,1
2024-12-12,Baja California Sur,0
2024-12-13,Baja California Sur,4
2024-12-14,Baja California Sur,0
2024-12-15,Baja California Sur,0
2024-12-16,Baja California Sur,0
2024-12-17,Baja California Sur,0
2024-12-18,Baja California Sur,0
2024-12-19,Baja California Sur,0
2024-12-20,Baja California Sur,2
2024-12-21,Baja California Sur,1
2024-12-22,Baja California Sur,1
2024-12-23,Baja California Sur,1
2024-12-24,Baja California Sur,2
2024-12-25,Baja California Sur,0
2024-12-26,Baja California Sur,1
2024-12-27,Baja California Sur,0
2024-12-28,Baja California Sur,0
2024-12-29,Baja California Sur,1
2024-12-30,Baja California Sur,6
2024-12-31,Baja California Sur,1
2025-01-01,Baja California Sur,0
2025-01-02,Baja California Sur,0
2025-01-03,Baja California Sur,2
2025-01-04,Baja California Sur,0
2025-01-05,Baja California Sur,0
2025-01-06,Baja California Sur,4
2025-01-07,Baja California Sur,2
2025-01-08,Baja California Sur,1
2025-01-09,Baja California Sur,2
2025-01-10,Baja California Sur,2
2025-01-11,Baja California Sur,0
2025-01-12,Baja California Sur,0
2025-01-13,Baja California Sur,2
2025-01-14,Baja California Sur,3
2025-01-15,Baja California Sur,5
2025-01-16,Baja California Sur,1
2025-01-17,Baja California Sur,0
2025-01-18,Baja California Sur,0
2025-01-19,Baja California Sur,0
2025-01-20,Baja California Sur,0
2025-01-21,Baja California Sur,0
2025-01-22,Baja California Sur,0
2025-01-23,Baja California Sur,1
2024-07-01,Campeche,0
2024-07-02,Campeche,1
2024-07-03,Campeche,0
2024-07-04,Campeche,1
2024-07-05,Campeche,1
2024-07-06,Campeche,3
2024-07-07,Campeche,0
2024-07-08,Campeche,0
2024-07-09,Campeche,1
2024-07-10,Campeche,0
2024-07-11,Campeche,3
2024-07-12,Campeche,1
2024-07-13,Campeche,0
2024-07-14,Campeche,0
2024-07-15,Campeche,0
2024-07-16,Campeche,0
2024-07-17,Campeche,1
2024-07-18,Campeche,1
2024-07-19,Campeche,0
2024-07-20,Campeche,1
2024-07-21,Campeche,1
2024-07-22,Campeche,1
2024-07-23,Campeche,1
2024-07-24,Campeche,0
2024-07-25,Campeche,1
2024-07-26,Campeche,2
2024-07-27,Campeche,0
2024-07-28,Campeche,0
2024-07-29,Campeche,1
2024-07-30,Campeche,2
2024-07-31,Campeche,1
2024-08-01,Campeche,2
2024-08-02,Campeche,0
2024-08-03,Campeche,0
2024-08-04,Campeche,1
2024-08-05,Campeche,0
2024-08-06,Campeche,5
2024-08-07,Campeche,1
2024-08-08,Campeche,0
2024-08-09,Campeche,1
2024-08-10,Campeche,1
2024-08-11,Campeche,0
2024-08-12,Campeche,2
2024-08-13,Campeche,1
2024-08-14,Campeche,0
2024-08-15,Campeche,2
2024-08-16,Campeche,0
2024-08-17,Campeche,0
2024-08-18,Campeche,1
2024-08-19,Campeche,1
2024-08-20,Campeche,3
2024-08-21,Campeche,2
2024-08-22,Campeche,5
2024-08-23,Campeche,2
2024-08-24,Campeche,0
2024-08-25,Campeche,0
2024-08-26,Campeche,5
2024-08-27,Campeche,2
2024-08-28,Campeche,1
2024-08-29,Campeche,2
2024-08-30,Campeche,4
2024-08-31,Campeche,1
2024-09-01,Campeche,0
2024-09-02,Campeche,5
2024-09-03,Campeche,0
2024-09-04,Campeche,1
2024-09-05,Campeche,1
2024-09-06,Campeche,0
2024-09-07,Campeche,0
2024-09-08,Campeche,1
2024-09-09,Campeche,2
2024-09-10,Campeche,3
2024-09-11,Campeche,1
2024-09-12,Campeche,1
2024-09-13,Campeche,1
2024-09-14,Campeche,2
2024-09-15,Campeche,1
2024-09-16,Campeche,0
2024-09-17,Campeche,4
2024-09-18,Campeche,2
2024-09-19,Campeche,0
2024-09-20,Campeche,1
2024-09-21,Campeche,0
2024-09-22,Campeche,0
2024-09-23,Campeche,2
2024-09-24,Campeche,0
2024-09-25,Campeche,2
2024-09-26,Campeche,0
2024-09-27,Campeche,2
2024-09-28,Campeche,0
2024-09-29,Campeche,0
2024-09-30,Campeche,5
2024-10-01,Campeche,15
2024-10-02,Campeche,0
2024-10-03,Campeche,0
2024-10-04,Campeche,0
2024-10-05,Campeche,0
2024-10-06,Campeche,0
2024-10-07,Campeche,0
2024-10-08,Campeche,0
2024-10-09,Campeche,0
2024-10-10,Campeche,0
2024-10-11,Campeche,0
2024-10-12,Campeche,0
2024-10-13,Campeche,0
2024-10-14,Campeche,0
2024-10-15,Campeche,0
2024-10-16,Campeche,0
2024-10-17,Campeche,0
2024-10-18,Campeche,1
2024-10-19,Campeche,0
2024-10-20,Campeche,0
2024-10-21,Campeche,0
2024-10-22,Campeche,3
2024-10-23,Campeche,0
2024-10-24,Campeche,0
2024-10-25,Campeche,2
2024-10-26,Campeche,0
2024-10-27,Campeche,0
2024-10-28,Campeche,0
2024-10-29,Campeche,1
2024-10-30,Campeche,2
2024-10-31,Campeche,2
2024-11-01,Campeche,2
2024-11-02,Campeche,0
2024-11-03,Campeche,0
2024-11-04,Campeche,3
2024-11-05,Campeche,2
2024-11-06,Campeche,2
2024-11-07,Campeche,1
2024-11-08,Campeche,0
2024-11-09,Campeche,0
2024-11-10,Campeche,0
2024-11-11,Campeche,0
2024-11-12,Campeche,1
2024-11-13,Campeche,2
2024-11-14,Campeche,2
2024-11-15,Campeche,1
2024-11-16,Campeche,0
2024-11-17,Campeche,1
2024-11-18,Campeche,1
2024-11-19,Campeche,2
2024-11-20,Campeche,0
2024-11-21,Campeche,0
2024-11-22,Campeche,1
2024-11-23,Campeche,1
2024-11-24,Campeche,0
2024-11-25,Campeche,2
2024-11-26,Campeche,1
2024-11-27,Campeche,0
2024-11-28,Campeche,0
2024-11-29,Campeche,0
2024-11-30,Campeche,0
2024-12-01,Campeche,0
2024-12-02,Campeche,0
2024-12-03,Campeche,0
2024-12-04,Campeche,0
2024-12-05,Campeche,1
2024-12-06,Campeche,0
2024-12-07,Campeche,0
2024-12-08,Campeche,0
2024-12-09,Campeche,3
2024-12-10,Campeche,0
2024-12-11,Campeche,1
2024-12-12,Campeche,0
2024-12-13,Campeche,0
2024-12-14,Campeche,0
2024-12-15,Campeche,0
2024-12-16,Campeche,2
2024-12-17,Campeche,2
2024-12-18,Campeche,0
2024-12-19,Campeche,0
2024-12-20,Campeche,0
2024-12-21,Campeche,1
2024-12-22,Campeche,0
2024-12-23,Campeche,1
2024-12-24,Campeche,0
2024-12-25,Campeche,0
2024-12-26,Campeche,0
2024-12-27,Campeche,0
2024-12-28,Campeche,0
2024-12-29,Campeche,0
2024-12-30,Campeche,0
2024-12-31,Campeche,2
2025-01-01,Campeche,0
2025-01-02,Campeche,1
2025-01-03,Campeche,1
2025-01-04,Campeche,0
2025-01-05,Campeche,0
2025-01-06,Campeche,2
2025-01-07,Campeche,1
2025-01-08,Campeche,1
2025-01-09,Campeche,0
2025-01-10,Campeche,0
2025-01-11,Campeche,1
2025-01-12,Campeche,0
2025-01-13,Campeche,3
2025-01-14,Campeche,2
2025-01-15,Campeche,1
2025-01-16,Campeche,0
2025-01-17,Campeche,0
2025-01-18,Campeche,1
2025-01-19,Campeche,0
2025-01-20,Campeche,1
2025-01-21,Campeche,0
2025-01-22,Campeche,0
2025-01-23,Campeche,0
2024-07-01,Chiapas,6
2024-07-02,Chiapas,4
2024-07-03,Chiapas,1
2024-07-04,Chiapas,2
2024-07-05,Chiapas,2
2024-07-06,Chiapas,0
2024-07-07,Chiapas,1
2024-07-08,Chiapas,4
2024-07-09,Chiapas,4
2024-07-10,Chiapas,3
2024-07-11,Chiapas,6
2024-07-12,Chiapas,1
2024-07-13,Chiapas,0
2024-07-14,Chiapas,0
2024-07-15,Chiapas,2
2024-07-16,Chiapas,2
2024-07-17,Chiapas,1
2024-07-18,Chiapas,3
2024-07-19,Chiapas,2
2024-07-20,Chiapas,0
2024-07-21,Chiapas,0
2024-07-22,Chiapas,2
2024-07-23,Chiapas,3
2024-07-24,Chiapas,3
2024-07-25,Chiapas,1
2024-07-26,Chiapas,1
2024-07-27,Chiapas,0
2024-07-28,Chiapas,0
2024-07-29,Chiapas,1
2024-07-30,Chiapas,2
2024-07-31,Chiapas,4
2024-08-01,Chiapas,3
2024-08-02,Chiapas,2
2024-08-03,Chiapas,2
2024-08-04,Chiapas,1
2024-08-05,Chiapas,4
2024-08-06,Chiapas,3
2024-08-07,Chiapas,3
2024-08-08,Chiapas,2
2024-08-09,Chiapas,4
2024-08-10,Chiapas,0
2024-08-11,Chiapas,0
2024-08-12,Chiapas,4
2024-08-13,Chiapas,1
2024-08-14,Chiapas,1
2024-08-15,Chiapas,2
2024-08-16,Chiapas,3
2024-08-17,Chiapas,0
2024-08-18,Chiapas,0
2024-08-19,Chiapas,4
2024-08-20,Chiapas,3
2024-08-21,Chiapas,3
2024-08-22,Chiapas,4
2024-08-23,Chiapas,3
2024-08-24,Chiapas,1
2024-08-25,Chiapas,2
2024-08-26,Chiapas,4
2024-08-27,Chiapas,2
2024-08-28,Chiapas,4
2024-08-29,Chiapas,3
2024-08-30,Chiapas,4
2024-08-31,Chiapas,2
2024-09-01,Chiapas,1
2024-09-02,Chiapas,6
2024-09-03,Chiapas,1
2024-09-04,Chiapas,0
2024-09-05,Chiapas,2
2024-09-06,Chiapas,2
2024-09-07,Chiapas,1
2024-09-08,Chiapas,0
2024-09-09,Chiapas,1
2024-09-10,Chiapas,0
2024-09-11,Chiapas,0
2024-09-12,Chiapas,2
2024-09-13,Chiapas,2
2024-09-14,Chiapas,2
2024-09-15,Chiapas,0
2024-09-16,Chiapas,2
2024-09-17,Chiapas,1
2024-09-18,Chiapas,1
2024-09-19,Chiapas,2
2024-09-20,Chiapas,2
2024-09-21,Chiapas,1
2024-09-22,Chiapas,0
2024-09-23,Chiapas,2
2024-09-24,Chiapas,2
2024-09-25,Chiapas,0
2024-09-26,Chiapas,1
2024-09-27,Chiapas,2
2024-09-28,Chiapas,0
2024-09-29,Chiapas,0
2024-09-30,Chiapas,4
2024-10-01,Chiapas,12
2024-10-02,Chiapas,0
2024-10-03,Chiapas,0
2024-10-04,Chiapas,0
2024-10-05,Chiapas,0
2024-10-06,Chiapas,0
2024-10-07,Chiapas,0
2024-10-08,Chiapas,0
2024-10-09,Chiapas,0
2024-10-10,Chiapas,0
2024-10-11,Chiapas,0
2024-10-12,Chiapas,0
2024-10-13,Chiapas,0
2024-10-14,Chiapas,0
2024-10-15,Chiapas,1
2024-10-16,Chiapas,0
2024-10-17,Chiapas,0
2024-10-18,Chiapas,0
2024-10-19,Chiapas,1
2024-10-20,Chiapas,1
2024-10-21,Chiapas,1
2024-10-22,Chiapas,0
2024-10-23,Chiapas,0
2024-10-24,Chiapas,2
2024-10-25,Chiapas,3
2024-10-26,Chiapas,1
2024-10-27,Chiapas,0
2024-10-28,Chiapas,0
2024-10-29,Chiapas,0
2024-10-30,Chiapas,1
2024-10-31,Chiapas,2
2024-11-01,Chiapas,1
2024-11-02,Chiapas,0
2024-11-03,Chiapas,1
2024-11-04,Chiapas,5
2024-11-05,Chiapas,3
2024-11-06,Chiapas,1
2024-11-07,Chiapas,2
2024-11-08,Chiapas,1
2024-11-09,Chiapas,0
2024-11-10,Chiapas,0
2024-11-11,Chiapas,1
2024-11-12,Chiapas,1
2024-11-13,Chiapas,2
2024-11-14,Chiapas,1
2024-11-15,Chiapas,3
2024-11-16,Chiapas,2
2024-11-17,Chiapas,0
2024-11-18,Chiapas,0
2024-11-19,Chiapas,1
2024-11-20,Chiapas,0
2024-11-21,Chiapas,1
2024-11-22,Chiapas,3
2024-11-23,Chiapas,0
2024-11-24,Chiapas,0
2024-11-25,Chiapas,1
2024-11-26,Chiapas,1
2024-11-27,Chiapas,0
2024-11-28,Chiapas,1
2024-11-29,Chiapas,2
2024-11-30,Chiapas,0
2024-12-01,Chiapas,0
2024-12-02,Chiapas,1
2024-12-03,Chiapas,2
2024-12-04,Chiapas,0
2024-12-05,Chiapas,1
2024-12-06,Chiapas,1
2024-12-07,Chiapas,0
2024-12-08,Chiapas,0
2024-12-09,Chiapas,2
2024-12-10,Chiapas,1
2024-12-11,Chiapas,2
2024-12-12,Chiapas,0
2024-12-13,Chiapas,4
2024-12-14,Chiapas,1
2024-12-15,Chiapas,1
2024-12-16,Chiapas,4
2024-12-17,Chiapas,0
2024-12-18,Chiapas,1
2024-12-19,Chiapas,1
2024-12-20,Chiapas,1
2024-12-21,Chiapas,1
2024-12-22,Chiapas,0
2024-12-23,Chiapas,3
2024-12-24,Chiapas,2
2024-12-25,Chiapas,0
2024-12-26,Chiapas,2
2024-12-27,Chiapas,1
2024-12-28,Chiapas,0
2024-12-29,Chiapas,1
2024-12-30,Chiapas,3
2024-12-31,Chiapas,0
2025-01-01,Chiapas,0
2025-01-02,Chiapas,0
2025-01-03,Chiapas,0
2025-01-04,Chiapas,1
2025-01-05,Chiapas,0
2025-01-06,Chiapas,1
2025-01-07,Chiapas,1
2025-01-08,Chiapas,2
2025-01-09,Chiapas,3
2025-01-10,Chiapas,3
2025-01-11,Chiapas,1
2025-01-12,Chiapas,0
2025-01-13,Chiapas,0
2025-01-14,Chiapas,0
2025-01-15,Chiapas,2
2025-01-16,Chiapas,2
2025-01-17,Chiapas,1
2025-01-18,Chiapas,1
2025-01-19,Chiapas,0
2025-01-20,Chiapas,0
2025-01-21,Chiapas,0
2025-01-22,Chiapas,1
2025-01-23,Chiapas,0
2024-07-01,Chihuahua,2
2024-07-02,Chihuahua,3
2024-07-03,Chihuahua,3
2024-07-04,Chihuahua,2
2024-07-05,Chihuahua,4
2024-07-06,Chihuahua,2
2024-07-07,Chihuahua,1
2024-07-08,Chihuahua,6
2024-07-09,Chihuahua,3
2024-07-10,Chihuahua,2
2024-07-11,Chihuahua,4
2024-07-12,Chihuahua,4
2024-07-13,Chihuahua,1
2024-07-14,Chihuahua,1
2024-07-15,Chihuahua,14
2024-07-16,Chihuahua,4
2024-07-17,Chihuahua,6
2024-07-18,Chihuahua,4
2024-07-19,Chihuahua,6
2024-07-20,Chihuahua,1
2024-07-21,Chihuahua,1
2024-07-22,Chihuahua,4
2024-07-23,Chihuahua,8
2024-07-24,Chihuahua,2
2024-07-25,Chihuahua,5
2024-07-26,Chihuahua,7
2024-07-27,Chihuahua,3
2024-07-28,Chihuahua,5
2024-07-29,Chihuahua,1
2024-07-30,Chihuahua,2
2024-07-31,Chihuahua,7
2024-08-01,Chihuahua,5
2024-08-02,Chihuahua,5
2024-08-03,Chihuahua,0
2024-08-04,Chihuahua,0
2024-08-05,Chihuahua,2
2024-08-06,Chihuahua,4
2024-08-07,Chihuahua,5
2024-08-08,Chihuahua,6
2024-08-09,Chihuahua,7
2024-08-10,Chihuahua,1
2024-08-11,Chihuahua,0
2024-08-12,Chihuahua,5
2024-08-13,Chihuahua,9
2024-08-14,Chihuahua,6
2024-08-15,Chihuahua,5
2024-08-16,Chihuahua,10
2024-08-17,Chihuahua,0
2024-08-18,Chihuahua,1
2024-08-19,Chihuahua,10
2024-08-20,Chihuahua,6
2024-08-21,Chihuahua,7
2024-08-22,Chihuahua,8
2024-08-23,Chihuahua,4
2024-08-24,Chihuahua,4
2024-08-25,Chihuahua,1
2024-08-26,Chihuahua,6
2024-08-27,Chihuahua,3
2024-08-28,Chihuahua,9
2024-08-29,Chihuahua,5
2024-08-30,Chihuahua,11
2024-08-31,Chihuahua,3
2024-09-01,Chihuahua,2
2024-09-02,Chihuahua,8
2024-09-03,Chihuahua,4
2024-09-04,Chihuahua,7
2024-09-05,Chihuahua,7
2024-09-06,Chihuahua,4
2024-09-07,Chihuahua,0
2024-09-08,Chihuahua,1
2024-09-09,Chihuahua,8
2024-09-10,Chihuahua,6
2024-09-11,Chihuahua,6
2024-09-12,Chihuahua,6
2024-09-13,Chihuahua,9
2024-09-14,Chihuahua,1
2024-09-15,Chihuahua,0
2024-09-16,Chihuahua,0
2024-09-17,Chihuahua,9
2024-09-18,Chihuahua,6
2024-09-19,Chihuahua,3
2024-09-20,Chihuahua,2
2024-09-21,Chihuahua,2
2024-09-22,Chihuahua,1
2024-09-23,Chihuahua,11
2024-09-24,Chihuahua,2
2024-09-25,Chihuahua,3
2024-09-26,Chihuahua,4
2024-09-27,Chihuahua,6
2024-09-28,Chihuahua,2
2024-09-29,Chihuahua,3
2024-09-30,Chihuahua,10
2024-10-01,Chihuahua,40
2024-10-02,Chihuahua,0
2024-10-03,Chihuahua,1
2024-10-04,Chihuahua,0
2024-10-05,Chihuahua,0
2024-10-06,Chihuahua,0
2024-10-07,Chihuahua,1
2024-10-08,Chihuahua,1
2024-10-09,Chihuahua,1
2024-10-10,Chihuahua,0
2024-10-11,Chihuahua,0
2024-10-12,Chihuahua,0
2024-10-13,Chihuahua,0
2024-10-14,Chihuahua,1
2024-10-15,Chihuahua,2
2024-10-16,Chihuahua,0
2024-10-17,Chihuahua,1
2024-10-18,Chihuahua,0
2024-10-19,Chihuahua,0
2024-10-20,Chihuahua,0
2024-10-21,Chihuahua,3
2024-10-22,Chihuahua,5
2024-10-23,Chihuahua,8
2024-10-24,Chihuahua,1
2024-10-25,Chihuahua,0
2024-10-26,Chihuahua,2
2024-10-27,Chihuahua,0
2024-10-28,Chihuahua,4
2024-10-29,Chihuahua,2
2024-10-30,Chihuahua,4
2024-10-31,Chihuahua,7
2024-11-01,Chihuahua,4
2024-11-02,Chihuahua,0
2024-11-03,Chihuahua,0
2024-11-04,Chihuahua,2
2024-11-05,Chihuahua,0
2024-11-06,Chihuahua,3
2024-11-07,Chihuahua,0
2024-11-08,Chihuahua,3
2024-11-09,Chihuahua,3
2024-11-10,Chihuahua,0
2024-11-11,Chihuahua,4
2024-11-12,Chihuahua,2
2024-11-13,Chihuahua,1
2024-11-14,Chihuahua,0
2024-11-15,Chihuahua,6
2024-11-16,Chihuahua,1
2024-11-17,Chihuahua,2
2024-11-18,Chihuahua,2
2024-11-19,Chihuahua,5
2024-11-20,Chihuahua,5
2024-11-21,Chihuahua,2
2024-11-22,Chihuahua,2
2024-11-23,Chihuahua,2
2024-11-24,Chihuahua,1
2024-11-25,Chihuahua,3
2024-11-26,Chihuahua,4
2024-11-27,Chihuahua,1
2024-11-28,Chihuahua,1
2024-11-29,Chihuahua,4
2024-11-30,Chihuahua,0
2024-12-01,Chihuahua,2
2024-12-02,Chihuahua,5
2024-12-03,Chihuahua,4
2024-12-04,Chihuahua,1
2024-12-05,Chihuahua,3
2024-12-06,Chihuahua,0
2024-12-07,Chihuahua,0
2024-12-08,Chihuahua,2
2024-12-09,Chihuahua,4
2024-12-10,Chihuahua,8
2024-12-11,Chihuahua,1
2024-12-12,Chihuahua,1
2024-12-13,Chihuahua,2
2024-12-14,Chihuahua,1
2024-12-15,Chihuahua,1
2024-12-16,Chihuahua,5
2024-12-17,Chihuahua,3
2024-12-18,Chihuahua,2
2024-12-19,Chihuahua,1
2024-12-20,Chihuahua,2
2024-12-21,Chihuahua,1
2024-12-22,Chihuahua,0
2024-12-23,Chihuahua,3
2024-12-24,Chihuahua,1
2024-12-25,Chihuahua,2
2024-12-26,Chihuahua,3
2024-12-27,Chihuahua,2
2024-12-28,Chihuahua,0
2024-12-29,Chihuahua,0
2024-12-30,Chihuahua,6
2024-12-31,Chihuahua,0
2025-01-01,Chihuahua,0
2025-01-02,Chihuahua,8
2025-01-03,Chihuahua,0
2025-01-04,Chihuahua,2
2025-01-05,Chihuahua,0
2025-01-06,Chihuahua,8
2025-01-07,Chihuahua,1
2025-01-08,Chihuahua,3
2025-01-09,Chihuahua,6
2025-01-10,Chihuahua,4
2025-01-11,Chihuahua,1
2025-01-12,Chihuahua,4
2025-01-13,Chihuahua,5
2025-01-14,Chihuahua,2
2025-01-15,Chihuahua,1
2025-01-16,Chihuahua,5
2025-01-17,Chihuahua,3
2025-01-18,Chihuahua,0
2025-01-19,Chihuahua,0
2025-01-20,Chihuahua,1
2025-01-21,Chihuahua,2
2025-01-22,Chihuahua,0
2025-01-23,Chihuahua,1
2024-07-01,Ciudad de Mexico,31
2024-07-02,Ciudad de Mexico,22
2024-07-03,Ciudad de Mexico,13
2024-07-04,Ciudad de Mexico,17
2024-07-05,Ciudad de Mexico,17
2024-07-06,Ciudad de Mexico,5
2024-07-07,Ciudad de Mexico,4
2024-07-08,Ciudad de Mexico,18
2024-07-09,Ciudad de Mexico,11
2024-07-10,Ciudad de Mexico,19
2024-07-11,Ciudad de Mexico,7
2024-07-12,Ciudad de Mexico,16
2024-07-13,Ciudad de Mexico,5
2024-07-14,Ciudad de Mexico,3
2024-07-15,Ciudad de Mexico,33
2024-07-16,Ciudad de Mexico,21
2024-07-17,Ciudad de Mexico,17
2024-07-18,Ciudad de Mexico,21
2024-07-19,Ciudad de Mexico,25
2024-07-20,Ciudad de Mexico,3
2024-07-21,Ciudad de Mexico,1
2024-07-22,Ciudad de Mexico,24
2024-07-23,Ciudad de Mexico,17
2024-07-24,Ciudad de Mexico,18
2024-07-25,Ciudad de Mexico,16
2024-07-26,Ciudad de Mexico,28
2024-07-27,Ciudad de Mexico,7
2024-07-28,Ciudad de Mexico,3
2024-07-29,Ciudad de Mexico,22
2024-07-30,Ciudad de Mexico,23
2024-07-31,Ciudad de Mexico,24
2024-08-01,Ciudad de Mexico,20
2024-08-02,Ciudad de Mexico,27
2024-08-03,Ciudad de Mexico,5
2024-08-04,Ciudad de Mexico,3
2024-08-05,Ciudad de Mexico,16
2024-08-06,Ciudad de Mexico,8
2024-08-07,Ciudad de Mexico,23
2024-08-08,Ciudad de Mexico,25
2024-08-09,Ciudad de Mexico,18
2024-08-10,Ciudad de Mexico,12
2024-08-11,Ciudad de Mexico,3
2024-08-12,Ciudad de Mexico,32
2024-08-13,Ciudad de Mexico,16
2024-08-14,Ciudad de Mexico,20
2024-08-15,Ciudad de Mexico,20
2024-08-16,Ciudad de Mexico,15
2024-08-17,Ciudad de Mexico,6
2024-08-18,Ciudad de Mexico,3
2024-08-19,Ciudad de Mexico,27
2024-08-20,Ciudad de Mexico,18
2024-08-21,Ciudad de Mexico,11
2024-08-22,Ciudad de Mexico,19
2024-08-23,Ciudad de Mexico,24
2024-08-24,Ciudad de Mexico,6
2024-08-25,Ciudad de Mexico,5
2024-08-26,Ciudad de Mexico,33
2024-08-27,Ciudad de Mexico,23
2024-08-28,Ciudad de Mexico,20
2024-08-29,Ciudad de Mexico,20
2024-08-30,Ciudad de Mexico,33
2024-08-31,Ciudad de Mexico,17
2024-09-01,Ciudad de Mexico,4
2024-09-02,Ciudad de Mexico,39
2024-09-03,Ciudad de Mexico,15
2024-09-04,Ciudad de Mexico,12
2024-09-05,Ciudad de Mexico,25
2024-09-06,Ciudad de Mexico,26
2024-09-07,Ciudad de Mexico,7
2024-09-08,Ciudad de Mexico,2
2024-09-09,Ciudad de Mexico,25
2024-09-10,Ciudad de Mexico,17
2024-09-11,Ciudad de Mexico,24
2024-09-12,Ciudad de Mexico,35
2024-09-13,Ciudad de Mexico,26
2024-09-14,Ciudad de Mexico,12
2024-09-15,Ciudad de Mexico,7
2024-09-16,Ciudad de Mexico,12
2024-09-17,Ciudad de Mexico,32
2024-09-18,Ciudad de Mexico,16
2024-09-19,Ciudad de Mexico,14
2024-09-20,Ciudad de Mexico,19
2024-09-21,Ciudad de Mexico,7
2024-09-22,Ciudad de Mexico,4
2024-09-23,Ciudad de Mexico,25
2024-09-24,Ciudad de Mexico,19
2024-09-25,Ciudad de Mexico,29
2024-09-26,Ciudad de Mexico,18
2024-09-27,Ciudad de Mexico,26
2024-09-28,Ciudad de Mexico,12
2024-09-29,Ciudad de Mexico,3
2024-09-30,Ciudad de Mexico,53
2024-10-01,Ciudad de Mexico,133
2024-10-02,Ciudad de Mexico,5
2024-10-03,Ciudad de Mexico,2
2024-10-04,Ciudad de Mexico,1
2024-10-05,Ciudad de Mexico,1
2024-10-06,Ciudad de Mexico,0
2024-10-07,Ciudad de Mexico,1
2024-10-08,Ciudad de Mexico,5
2024-10-09,Ciudad de Mexico,4
2024-10-10,Ciudad de Mexico,4
2024-10-11,Ciudad de Mexico,8
2024-10-12,Ciudad de Mexico,2
2024-10-13,Ciudad de Mexico,2
2024-10-14,Ciudad de Mexico,9
2024-10-15,Ciudad de Mexico,10
2024-10-16,Ciudad de Mexico,12
2024-10-17,Ciudad de Mexico,5
2024-10-18,Ciudad de Mexico,5
2024-10-19,Ciudad de Mexico,2
2024-10-20,Ciudad de Mexico,0
2024-10-21,Ciudad de Mexico,7
2024-10-22,Ciudad de Mexico,16
2024-10-23,Ciudad de Mexico,17
2024-10-24,Ciudad de Mexico,15
2024-10-25,Ciudad de Mexico,15
2024-10-26,Ciudad de Mexico,1
2024-10-27,Ciudad de Mexico,1
2024-10-28,Ciudad de Mexico,21
2024-10-29,Ciudad de Mexico,15
2024-10-30,Ciudad de Mexico,11
2024-10-31,Ciudad de Mexico,17
2024-11-01,Ciudad de Mexico,14
2024-11-02,Ciudad de Mexico,2
2024-11-03,Ciudad de Mexico,2
2024-11-04,Ciudad de Mexico,23
2024-11-05,Ciudad de Mexico,18
2024-11-06,Ciudad de Mexico,9
2024-11-07,Ciudad de Mexico,5
2024-11-08,Ciudad de Mexico,13
2024-11-09,Ciudad de Mexico,1
2024-11-10,Ciudad de Mexico,6
2024-11-11,Ciudad de Mexico,16
2024-11-12,Ciudad de Mexico,9
2024-11-13,Ciudad de Mexico,11
2024-11-14,Ciudad de Mexico,24
2024-11-15,Ciudad de Mexico,18
2024-11-16,Ciudad de Mexico,6
2024-11-17,Ciudad de Mexico,4
2024-11-18,Ciudad de Mexico,10
2024-11-19,Ciudad de Mexico,19
2024-11-20,Ciudad de Mexico,15
2024-11-21,Ciudad de Mexico,12
2024-11-22,Ciudad de Mexico,13
2024-11-23,Ciudad de Mexico,4
2024-11-24,Ciudad de Mexico,4
2024-11-25,Ciudad de Mexico,18
2024-11-26,Ciudad de Mexico,10
2024-11-27,Ciudad de Mexico,9
2024-11-28,Ciudad de Mexico,11
2024-11-29,Ciudad de Mexico,12
2024-11-30,Ciudad de Mexico,10
2024-12-01,Ciudad de Mexico,1
2024-12-02,Ciudad de Mexico,20
2024-12-03,Ciudad de Mexico,23
2024-12-04,Ciudad de Mexico,6
2024-12-05,Ciudad de Mexico,4
2024-12-06,Ciudad de Mexico,7
2024-12-07,Ciudad de Mexico,6
2024-12-08,Ciudad de Mexico,1
2024-12-09,Ciudad de Mexico,17
2024-12-10,Ciudad de Mexico,18
2024-12-11,Ciudad de Mexico,17
2024-12-12,Ciudad de Mexico,3
2024-12-13,Ciudad de Mexico,8
2024-12-14,Ciudad de Mexico,9
2024-12-15,Ciudad de Mexico,2
2024-12-16,Ciudad de Mexico,18
2024-12-17,Ciudad de Mexico,18
2024-12-18,Ciudad de Mexico,19
2024-12-19,Ciudad de Mexico,9
2024-12-20,Ciudad de Mexico,16
2024-12-21,Ciudad de Mexico,6
2024-12-22,Ciudad de Mexico,5
2024-12-23,Ciudad de Mexico,16
2024-12-24,Ciudad de Mexico,15
2024-12-25,Ciudad de Mexico,2
2024-12-26,Ciudad de Mexico,19
2024-12-27,Ciudad de Mexico,17
2024-12-28,Ciudad de Mexico,7
2024-12-29,Ciudad de Mexico,7
2024-12-30,Ciudad de Mexico,23
2024-12-31,Ciudad de Mexico,21
2025-01-01,Ciudad de Mexico,2
2025-01-02,Ciudad de Mexico,19
2025-01-03,Ciudad de Mexico,15
2025-01-04,Ciudad de Mexico,8
2025-01-05,Ciudad de Mexico,6
2025-01-06,Ciudad de Mexico,14
2025-01-07,Ciudad de Mexico,13
2025-01-08,Ciudad de Mexico,14
2025-01-09,Ciudad de Mexico,8
2025-01-10,Ciudad de Mexico,26
2025-01-11,Ciudad de Mexico,8
2025-01-12,Ciudad de Mexico,6
2025-01-13,Ciudad de Mexico,13
2025-01-14,Ciudad de Mexico,13
2025-01-15,Ciudad de Mexico,25
2025-01-16,Ciudad de Mexico,8
2025-01-17,Ciudad de Mexico,13
2025-01-18,Ciudad de Mexico,1
2025-01-19,Ciudad de Mexico,4
2025-01-20,Ciudad de Mexico,2
2025-01-21,Ciudad de Mexico,5
2025-01-22,Ciudad de Mexico,7
2025-01-23,Ciudad de Mexico,1
2024-07-01,Coahuila de Zaragoza,5
2024-07-02,Coahuila de Zaragoza,4
2024-07-03,Coahuila de Zaragoza,1
2024-07-04,Coahuila de Zaragoza,2
2024-07-05,Coahuila de Zaragoza,2
2024-07-06,Coahuila de Zaragoza,0
2024-07-07,Coahuila de Zaragoza,1
2024-07-08,Coahuila de Zaragoza,3
2024-07-09,Coahuila de Zaragoza,1
2024-07-10,Coahuila de Zaragoza,1
2024-07-11,Coahuila de Zaragoza,1
2024-07-12,Coahuila de Zaragoza,3
2024-07-13,Coahuila de Zaragoza,2
2024-07-14,Coahuila de Zaragoza,2
2024-07-15,Coahuila de Zaragoza,5
2024-07-16,Coahuila de Zaragoza,4
2024-07-17,Coahuila de Zaragoza,0
2024-07-18,Coahuila de Zaragoza,4
2024-07-19,Coahuila de Zaragoza,2
2024-07-20,Coahuila de Zaragoza,3
2024-07-21,Coahuila de Zaragoza,0
2024-07-22,Coahuila de Zaragoza,2
2024-07-23,Coahuila de Zaragoza,2
2024-07-24,Coahuila de Zaragoza,3
2024-07-25,Coahuila de Zaragoza,1
2024-07-26,Coahuila de Zaragoza,3
2024-07-27,Coahuila de Zaragoza,2
2024-07-28,Coahuila de Zaragoza,0
2024-07-29,Coahuila de Zaragoza,2
2024-07-30,Coahuila de Zaragoza,3
2024-07-31,Coahuila de Zaragoza,3
2024-08-01,Coahuila de Zaragoza,3
2024-08-02,Coahuila de Zaragoza,1
2024-08-03,Coahuila de Zaragoza,2
2024-08-04,Coahuila de Zaragoza,1
2024-08-05,Coahuila de Zaragoza,1
2024-08-06,Coahuila de Zaragoza,3
2024-08-07,Coahuila de Zaragoza,2
2024-08-08,Coahuila de Zaragoza,4
2024-08-09,Coahuila de Zaragoza,1
2024-08-10,Coahuila de Zaragoza,1
2024-08-11,Coahuila de Zaragoza,0
2024-08-12,Coahuila de Zaragoza,5
2024-08-13,Coahuila de Zaragoza,3
2024-08-14,Coahuila de Zaragoza,2
2024-08-15,Coahuila de Zaragoza,7
2024-08-16,Coahuila de Zaragoza,4
2024-08-17,Coahuila de Zaragoza,3
2024-08-18,Coahuila de Zaragoza,0
2024-08-19,Coahuila de Zaragoza,2
2024-08-20,Coahuila de Zaragoza,2
2024-08-21,Coahuila de Zaragoza,2
2024-08-22,Coahuila de Zaragoza,4
2024-08-23,Coahuila de Zaragoza,4
2024-08-24,Coahuila de Zaragoza,1
2024-08-25,Coahuila de Zaragoza,1
2024-08-26,Coahuila de Zaragoza,6
2024-08-27,Coahuila de Zaragoza,6
2024-08-28,Coahuila de Zaragoza,1
2024-08-29,Coahuila de Zaragoza,0
2024-08-30,Coahuila de Zaragoza,6
2024-08-31,Coahuila de Zaragoza,2
2024-09-01,Coahuila de Zaragoza,0
2024-09-02,Coahuila de Zaragoza,5
2024-09-03,Coahuila de Zaragoza,5
2024-09-04,Coahuila de Zaragoza,1
2024-09-05,Coahuila de Zaragoza,4
2024-09-06,Coahuila de Zaragoza,2
2024-09-07,Coahuila de Zaragoza,0
2024-09-08,Coahuila de Zaragoza,0
2024-09-09,Coahuila de Zaragoza,2
2024-09-10,Coahuila de Zaragoza,3
2024-09-11,Coahuila de Zaragoza,3
2024-09-12,Coahuila de Zaragoza,2
2024-09-13,Coahuila de Zaragoza,3
2024-09-14,Coahuila de Zaragoza,0
2024-09-15,Coahuila de Zaragoza,0
2024-09-16,Coahuila de Zaragoza,1
2024-09-17,Coahuila de Zaragoza,6
2024-09-18,Coahuila de Zaragoza,1
2024-09-19,Coahuila de Zaragoza,3
2024-09-20,Coahuila de Zaragoza,6
2024-09-21,Coahuila de Zaragoza,0
2024-09-22,Coahuila de Zaragoza,2
2024-09-23,Coahuila de Zaragoza,6
2024-09-24,Coahuila de Zaragoza,4
2024-09-25,Coahuila de Zaragoza,2
2024-09-26,Coahuila de Zaragoza,5
2024-09-27,Coahuila de Zaragoza,4
2024-09-28,Coahuila de Zaragoza,0
2024-09-29,Coahuila de Zaragoza,0
2024-09-30,Coahuila de Zaragoza,7
2024-10-01,Coahuila de Zaragoza,17
2024-10-02,Coahuila de Zaragoza,0
2024-10-03,Coahuila de Zaragoza,1
2024-10-04,Coahuila de Zaragoza,1
2024-10-05,Coahuila de Zaragoza,0
2024-10-06,Coahuila de Zaragoza,0
2024-10-07,Coahuila de Zaragoza,1
2024-10-08,Coahuila de Zaragoza,0
2024-10-09,Coahuila de Zaragoza,4
2024-10-10,Coahuila de Zaragoza,0
2024-10-11,Coahuila de Zaragoza,0
2024-10-12,Coahuila de Zaragoza,1
2024-10-13,Coahuila de Zaragoza,1
2024-10-14,Coahuila de Zaragoza,2
2024-10-15,Coahuila de Zaragoza,2
2024-10-16,Coahuila de Zaragoza,0
2024-10-17,Coahuila de Zaragoza,0
2024-10-18,Coahuila de Zaragoza,1
2024-10-19,Coahuila de Zaragoza,0
2024-10-20,Coahuila de Zaragoza,0
2024-10-21,Coahuila de Zaragoza,1
2024-10-22,Coahuila de Zaragoza,1
2024-10-23,Coahuila de Zaragoza,1
2024-10-24,Coahuila de Zaragoza,2
2024-10-25,Coahuila de Zaragoza,0
2024-10-26,Coahuila de Zaragoza,2
2024-10-27,Coahuila de Zaragoza,1
2024-10-28,Coahuila de Zaragoza,4
2024-10-29,Coahuila de Zaragoza,2
2024-10-30,Coahuila de Zaragoza,4
2024-10-31,Coahuila de Zaragoza,5
2024-11-01,Coahuila de Zaragoza,2
2024-11-02,Coahuila de Zaragoza,0
2024-11-03,Coahuila de Zaragoza,0
2024-11-04,Coahuila de Zaragoza,3
2024-11-05,Coahuila de Zaragoza,1
2024-11-06,Coahuila de Zaragoza,0
2024-11-07,Coahuila de Zaragoza,0
2024-11-08,Coahuila de Zaragoza,1
2024-11-09,Coahuila de Zaragoza,0
2024-11-10,Coahuila de Zaragoza,0
2024-11-11,Coahuila de Zaragoza,2
2024-11-12,Coahuila de Zaragoza,0
2024-11-13,Coahuila de Zaragoza,0
2024-11-14,Coahuila de Zaragoza,2
2024-11-15,Coahuila de Zaragoza,5
2024-11-16,Coahuila de Zaragoza,1
2024-11-17,Coahuila de Zaragoza,1
2024-11-18,Coahuila de Zaragoza,0
2024-11-19,Coahuila de Zaragoza,1
2024-11-20,Coahuila de Zaragoza,2
2024-11-21,Coahuila de Zaragoza,0
2024-11-22,Coahuila de Zaragoza,1
2024-11-23,Coahuila de Zaragoza,0
2024-11-24,Coahuila de Zaragoza,2
2024-11-25,Coahuila de Zaragoza,2
2024-11-26,Coahuila de Zaragoza,0
2024-11-27,Coahuila de Zaragoza,1
2024-11-28,Coahuila de Zaragoza,0
2024-11-29,Coahuila de Zaragoza,3
2024-11-30,Coahuila de Zaragoza,1
2024-12-01,Coahuila de Zaragoza,1
2024-12-02,Coahuila de Zaragoza,4
2024-12-03,Coahuila de Zaragoza,2
2024-12-04,Coahuila de Zaragoza,1
2024-12-05,Coahuila de Zaragoza,1
2024-12-06,Coahuila de Zaragoza,1
2024-12-07,Coahuila de Zaragoza,0
2024-12-08,Coahuila de Zaragoza,1
2024-12-09,Coahuila de Zaragoza,4
2024-12-10,Coahuila de Zaragoza,2
2024-12-11,Coahuila de Zaragoza,4
2024-12-12,Coahuila de Zaragoza,0
2024-12-13,Coahuila de Zaragoza,1
2024-12-14,Coahuila de Zaragoza,2
2024-12-15,Coahuila de Zaragoza,0
2024-12-16,Coahuila de Zaragoza,1
2024-12-17,Coahuila de Zaragoza,0
2024-12-18,Coahuila de Zaragoza,1
2024-12-19,Coahuila de Zaragoza,1
2024-12-20,Coahuila de Zaragoza,1
2024-12-21,Coahuila de Zaragoza,0
2024-12-22,Coahuila de Zaragoza,1
2024-12-23,Coahuila de Zaragoza,2
2024-12-24,Coahuila de Zaragoza,3
2024-12-25,Coahuila de Zaragoza,0
2024-12-26,Coahuila de Zaragoza,0
2024-12-27,Coahuila de Zaragoza,0
2024-12-28,Coahuila de Zaragoza,0
2024-12-29,Coahuila de Zaragoza,0
2024-12-30,Coahuila de Zaragoza,2
2024-12-31,Coahuila de Zaragoza,1
2025-01-01,Coahuila de Zaragoza,0
2025-01-02,Coahuila de Zaragoza,1
2025-01-03,Coahuila de Zaragoza,4
2025-01-04,Coahuila de Zaragoza,0
2025-01-05,Coahuila de Zaragoza,0
2025-01-06,Coahuila de Zaragoza,3
2025-01-07,Coahuila de Zaragoza,1
2025-01-08,Coahuila de Zaragoza,3
2025-01-09,Coahuila de Zaragoza,3
2025-01-10,Coahuila de Zaragoza,2
2025-01-11,Coahuila de Zaragoza,1
2025-01-12,Coahuila de Zaragoza,0
2025-01-13,Coahuila de Zaragoza,2
2025-01-14,Coahuila de Zaragoza,0
2025-01-15,Coahuila de Zaragoza,1
2025-01-16,Coahuila de Zaragoza,3
2025-01-17,Coahuila de Zaragoza,2
2025-01-18,Coahuila de Zaragoza,1
2025-01-19,Coahuila de Zaragoza,0
2025-01-20,Coahuila de Zaragoza,1
2025-01-21,Coahuila de Zaragoza,0
2025-01-22,Coahuila de Zaragoza,0
2025-01-23,Coahuila de Zaragoza,0
2024-07-01,Colima,0
2024-07-02,Colima,1
2024-07-03,Colima,0
2024-07-04,Colima,0
2024-07-05,Colima,0
2024-07-06,Colima,0
2024-07-07,Colima,1
2024-07-08,Colima,0
2024-07-09,Colima,1
2024-07-10,Colima,0
2024-07-11,Colima,0
2024-07-12,Colima,3
2024-07-13,Colima,0
2024-07-14,Colima,1
2024-07-15,Colima,1
2024-07-16,Colima,3
2024-07-17,Colima,0
2024-07-18,Colima,1
2024-07-19,Colima,1
2024-07-20,Colima,1
2024-07-21,Colima,0
2024-07-22,Colima,0
2024-07-23,Colima,1
2024-07-24,Colima,0
2024-07-25,Colima,0
2024-07-26,Colima,0
2024-07-27,Colima,0
2024-07-28,Colima,0
2024-07-29,Colima,1
2024-07-30,Colima,1
2024-07-31,Colima,1
2024-08-01,Colima,1
2024-08-02,Colima,0
2024-08-03,Colima,0
2024-08-04,Colima,0
2024-08-05,Colima,0
2024-08-06,Colima,1
2024-08-07,Colima,0
2024-08-08,Colima,2
2024-08-09,Colima,0
2024-08-10,Colima,0
2024-08-11,Colima,0
2024-08-12,Colima,0
2024-08-13,Colima,0
2024-08-14,Colima,1
2024-08-15,Colima,0
2024-08-16,Colima,1
2024-08-17,Colima,0
2024-08-18,Colima,0
2024-08-19,Colima,3
2024-08-20,Colima,0
2024-08-21,Colima,1
2024-08-22,Colima,1
2024-08-23,Colima,0
2024-08-24,Colima,2
2024-08-25,Colima,2
2024-08-26,Colima,3
2024-08-27,Colima,0
2024-08-28,Colima,0
2024-08-29,Colima,0
2024-08-30,Colima,2
2024-08-31,Colima,0
2024-09-01,Colima,0
2024-09-02,Colima,2
2024-09-03,Colima,1
2024-09-04,Colima,0
2024-09-05,Colima,0
2024-09-06,Colima,1
2024-09-07,Colima,0
2024-09-08,Colima,0
2024-09-09,Colima,0
2024-09-10,Colima,1
2024-09-11,Colima,0
2024-09-12,Colima,0
2024-09-13,Colima,1
2024-09-14,Colima,0
2024-09-15,Colima,0
2024-09-16,Colima,0
2024-09-17,Colima,0
2024-09-18,Colima,0
2024-09-19,Colima,2
2024-09-20,Colima,0
2024-09-21,Colima,0
2024-09-22,Colima,0
2024-09-23,Colima,1
2024-09-24,Colima,0
2024-09-25,Colima,0
2024-09-26,Colima,2
2024-09-27,Colima,0
2024-09-28,Colima,0
2024-09-29,Colima,0
2024-09-30,Colima,3
2024-10-01,Colima,5
2024-10-02,Colima,1
2024-10-03,Colima,0
2024-10-04,Colima,0
2024-10-05,Colima,0
2024-10-06,Colima,0
2024-10-07,Colima,2
2024-10-08,Colima,1
2024-10-09,Colima,0
2024-10-10,Colima,0
2024-10-11,Colima,0
2024-10-12,Colima,0
2024-10-13,Colima,0
2024-10-14,Colima,0
2024-10-15,Colima,0
2024-10-16,Colima,0
2024-10-17,Colima,2
2024-10-18,Colima,0
2024-10-19,Colima,0
2024-10-20,Colima,0
2024-10-21,Colima,0
2024-10-22,Colima,0
2024-10-23,Colima,0
2024-10-24,Colima,0
2024-10-25,Colima,0
2024-10-26,Colima,0
2024-10-27,Colima,0
2024-10-28,Colima,0
2024-10-29,Colima,0
2024-10-30,Colima,0
2024-10-31,Colima,1
2024-11-01,Colima,1
2024-11-02,Colima,0
2024-11-03,Colima,0
2024-11-04,Colima,1
2024-11-05,Colima,0
2024-11-06,Colima,0
2024-11-07,Colima,1
2024-11-08,Colima,0
2024-11-09,Colima,0
2024-11-10,Colima,1
2024-11-11,Colima,0
2024-11-12,Colima,0
2024-11-13,Colima,1
2024-11-14,Colima,0
2024-11-15,Colima,0
2024-11-16,Colima,0
2024-11-17,Colima,0
2024-11-18,Colima,0
2024-11-19,Colima,0
2024-11-20,Colima,0
2024-11-21,Colima,0
2024-11-22,Colima,0
2024-11-23,Colima,0
2024-11-24,Colima,0
2024-11-25,Colima,1
2024-11-26,Colima,1
2024-11-27,Colima,0
2024-11-28,Colima,0
2024-11-29,Colima,0
2024-11-30,Colima,0
2024-12-01,Colima,1
2024-12-02,Colima,2
2024-12-03,Colima,1
2024-12-04,Colima,0
2024-12-05,Colima,0
2024-12-06,Colima,1
2024-12-07,Colima,1
2024-12-08,Colima,0
2024-12-09,Colima,1
2024-12-10,Colima,0
2024-12-11,Colima,0
2024-12-12,Colima,0
2024-12-13,Colima,0
2024-12-14,Colima,0
2024-12-15,Colima,0
2024-12-16,Colima,1
2024-12-17,Colima,0
2024-12-18,Colima,2
2024-12-19,Colima,0
2024-12-20,Colima,0
2024-12-21,Colima,0
2024-12-22,Colima,0
2024-12-23,Colima,0
2024-12-24,Colima,0
2024-12-25,Colima,0
2024-12-26,Colima,2
2024-12-27,Colima,0
2024-12-28,Colima,2
2024-12-29,Colima,0
2024-12-30,Colima,2
2024-12-31,Colima,1
2025-01-01,Colima,0
2025-01-02,Colima,0
2025-01-03,Colima,0
2025-01-04,Colima,0
2025-01-05,Colima,0
2025-01-06,Colima,0
2025-01-07,Colima,0
2025-01-08,Colima,1
2025-01-09,Colima,1
2025-01-10,Colima,0
2025-01-11,Colima,0
2025-01-12,Colima,0
2025-01-13,Colima,0
2025-01-14,Colima,0
2025-01-15,Colima,1
2025-01-16,Colima,0
2025-01-17,Colima,0
2025-01-18,Colima,0
2025-01-19,Colima,0
2025-01-20,Colima,0
2025-01-21,Colima,0
2025-01-22,Colima,0
2025-01-23,Colima,0
2024-07-01,Durango,1
2024-07-02,Durango,0
2024-07-03,Durango,1
2024-07-04,Durango,1
2024-07-05,Durango,0
2024-07-06,Durango,0
2024-07-07,Durango,2
2024-07-08,Durango,1
2024-07-09,Durango,0
2024-07-10,Durango,0
2024-07-11,Durango,1
2024-07-12,Durango,1
2024-07-13,Durango,0
2024-07-14,Durango,0
2024-07-15,Durango,2
2024-07-16,Durango,4
2024-07-17,Durango,1
2024-07-18,Durango,1
2024-07-19,Durango,0
2024-07-20,Durango,1
2024-07-21,Durango,0
2024-07-22,Durango,1
2024-07-23,Durango,0
2024-07-24,Durango,0
2024-07-25,Durango,2
2024-07-26,Durango,1
2024-07-27,Durango,2
2024-07-28,Durango,2
2024-07-29,Durango,2
2024-07-30,Durango,4
2024-07-31,Durango,1
2024-08-01,Durango,3
2024-08-02,Durango,0
2024-08-03,Durango,1
2024-08-04,Durango,0
2024-08-05,Durango,1
2024-08-06,Durango,1
2024-08-07,Durango,0
2024-08-08,Durango,0
2024-08-09,Durango,3
2024-08-10,Durango,1
2024-08-11,Durango,0
2024-08-12,Durango,3
2024-08-13,Durango,2
2024-08-14,Durango,1
2024-08-15,Durango,2
2024-08-16,Durango,2
2024-08-17,Durango,0
2024-08-18,Durango,0
2024-08-19,Durango,3
2024-08-20,Durango,0
2024-08-21,Durango,0
2024-08-22,Durango,2
2024-08-23,Durango,2
2024-08-24,Durango,0
2024-08-25,Durango,1
2024-08-26,Durango,3
2024-08-27,Durango,1
2024-08-28,Durango,1
2024-08-29,Durango,3
2024-08-30,Durango,1
2024-08-31,Durango,1
2024-09-01,Durango,0
2024-09-02,Durango,1
2024-09-03,Durango,1
2024-09-04,Durango,1
2024-09-05,Durango,1
2024-09-06,Durango,4
2024-09-07,Durango,1
2024-09-08,Durango,0
2024-09-09,Durango,2
2024-09-10,Durango,1
2024-09-11,Durango,3
2024-09-12,Durango,2
2024-09-13,Durango,2
2024-09-14,Durango,0
2024-09-15,Durango,2
2024-09-16,Durango,0
2024-09-17,Durango,1
2024-09-18,Durango,3
2024-09-19,Durango,2
2024-09-20,Durango,1
2024-09-21,Durango,2
2024-09-22,Durango,0
2024-09-23,Durango,0
2024-09-24,Durango,2
2024-09-25,Durango,2
2024-09-26,Durango,2
2024-09-27,Durango,0
2024-09-28,Durango,1
2024-09-29,Durango,0
2024-09-30,Durango,1
2024-10-01,Durango,11
2024-10-02,Durango,1
2024-10-03,Durango,1
2024-10-04,Durango,1
2024-10-05,Durango,0
2024-10-06,Durango,0
2024-10-07,Durango,2
2024-10-08,Durango,2
2024-10-09,Durango,1
2024-10-10,Durango,0
2024-10-11,Durango,0
2024-10-12,Durango,0
2024-10-13,Durango,0
2024-10-14,Durango,0
2024-10-15,Durango,0
2024-10-16,Durango,0
2024-10-17,Durango,0
2024-10-18,Durango,0
2024-10-19,Durango,1
2024-10-20,Durango,0
2024-10-21,Durango,0
2024-10-22,Durango,0
2024-10-23,Durango,0
2024-10-24,Durango,0
2024-10-25,Durango,1
2024-10-26,Durango,1
2024-10-27,Durango,0
2024-10-28,Durango,2
2024-10-29,Durango,1
2024-10-30,Durango,0
2024-10-31,Durango,0
2024-11-01,Durango,0
2024-11-02,Durango,1
2024-11-03,Durango,0
2024-11-04,Durango,0
2024-11-05,Durango,1
2024-11-06,Durango,2
2024-11-07,Durango,0
2024-11-08,Durango,2
2024-11-09,Durango,0
2024-11-10,Durango,0
2024-11-11,Durango,0
2024-11-12,Durango,0
2024-11-13,Durango,2
2024-11-14,Durango,1
2024-11-15,Durango,0
2024-11-16,Durango,1
2024-11-17,Durango,0
2024-11-18,Durango,0
2024-11-19,Durango,1
2024-11-20,Durango,0
2024-11-21,Durango,2
2024-11-22,Durango,0
2024-11-23,Durango,1
2024-11-24,Durango,1
2024-11-25,Durango,2
2024-11-26,Durango,1
2024-11-27,Durango,1
2024-11-28,Durango,0
2024-11-29,Durango,3
2024-11-30,Durango,0
2024-12-01,Durango,1
2024-12-02,Durango,1
2024-12-03,Durango,0
2024-12-04,Durango,1
2024-12-05,Durango,0
2024-12-06,Durango,0
2024-12-07,Durango,0
2024-12-08,Durango,0
2024-12-09,Durango,1
2024-12-10,Durango,2
2024-12-11,Durango,0
2024-12-12,Durango,0
2024-12-13,Durango,2
2024-12-14,Durango,0
2024-12-15,Durango,0
2024-12-16,Durango,0
2024-12-17,Durango,0
2024-12-18,Durango,0
2024-12-19,Durango,1
2024-12-20,Durango,1
2024-12-21,Durango,0
2024-12-22,Durango,1
2024-12-23,Durango,1
2024-12-24,Durango,0
2024-12-25,Durango,0
2024-12-26,Durango,1
2024-12-27,Durango,1
2024-12-28,Durango,0
2024-12-29,Durango,0
2024-12-30,Durango,0
2024-12-31,Durango,0
2025-01-01,Durango,0
2025-01-02,Durango,0
2025-01-03,Durango,1
2025-01-04,Durango,0
2025-01-05,Durango,0
2025-01-06,Durango,2
2025-01-07,Durango,1
2025-01-08,Durango,1
2025-01-09,Durango,1
2025-01-10,Durango,1
2025-01-11,Durango,1
2025-01-12,Durango,0
2025-01-13,Durango,1
2025-01-14,Durango,1
2025-01-15,Durango,1
2025-01-16,Durango,0
2025-01-17,Durango,1
2025-01-18,Durango,0
2025-01-19,Durango,1
2025-01-20,Durango,1
2025-01-21,Durango,0
2025-01-22,Durango,0
2025-01-23,Durango,0
2024-07-01,Estado de Mexico,58
2024-07-02,Estado de Mexico,45
2024-07-03,Estado de Mexico,23
2024-07-04,Estado de Mexico,24
2024-07-05,Estado de Mexico,22
2024-07-06,Estado de Mexico,7
2024-07-07,Estado de Mexico,6
2024-07-08,Estado de Mexico,32
2024-07-09,Estado de Mexico,20
2024-07-10,Estado de Mexico,19
2024-07-11,Estado de Mexico,23
2024-07-12,Estado de Mexico,30
2024-07-13,Estado de Mexico,12
2024-07-14,Estado de Mexico,9
2024-07-15,Estado de Mexico,49
2024-07-16,Estado de Mexico,32
2024-07-17,Estado de Mexico,28
2024-07-18,Estado de Mexico,28
2024-07-19,Estado de Mexico,36
2024-07-20,Estado de Mexico,9
2024-07-21,Estado de Mexico,10
2024-07-22,Estado de Mexico,36
2024-07-23,Estado de Mexico,17
2024-07-24,Estado de Mexico,22
2024-07-25,Estado de Mexico,38
2024-07-26,Estado de Mexico,38
2024-07-27,Estado de Mexico,9
2024-07-28,Estado de Mexico,8
2024-07-29,Estado de Mexico,45
2024-07-30,Estado de Mexico,24
2024-07-31,Estado de Mexico,49
2024-08-01,Estado de Mexico,34
2024-08-02,Estado de Mexico,23
2024-08-03,Estado de Mexico,12
2024-08-04,Estado de Mexico,2
2024-08-05,Estado de Mexico,36
2024-08-06,Estado de Mexico,24
2024-08-07,Estado de Mexico,42
2024-08-08,Estado de Mexico,29
2024-08-09,Estado de Mexico,34
2024-08-10,Estado de Mexico,18
2024-08-11,Estado de Mexico,4
2024-08-12,Estado de Mexico,51
2024-08-13,Estado de Mexico,32
2024-08-14,Estado de Mexico,32
2024-08-15,Estado de Mexico,54
2024-08-16,Estado de Mexico,41
2024-08-17,Estado de Mexico,9
2024-08-18,Estado de Mexico,5
2024-08-19,Estado de Mexico,70
2024-08-20,Estado de Mexico,31
2024-08-21,Estado de Mexico,32
2024-08-22,Estado de Mexico,29
2024-08-23,Estado de Mexico,34
2024-08-24,Estado de Mexico,15
2024-08-25,Estado de Mexico,8
2024-08-26,Estado de Mexico,44
2024-08-27,Estado de Mexico,36
2024-08-28,Estado de Mexico,47
2024-08-29,Estado de Mexico,41
2024-08-30,Estado de Mexico,68
2024-08-31,Estado de Mexico,33
2024-09-01,Estado de Mexico,15
2024-09-02,Estado de Mexico,66
2024-09-03,Estado de Mexico,32
2024-09-04,Estado de Mexico,33
2024-09-05,Estado de Mexico,35
2024-09-06,Estado de Mexico,39
2024-09-07,Estado de Mexico,12
2024-09-08,Estado de Mexico,4
2024-09-09,Estado de Mexico,41
2024-09-10,Estado de Mexico,28
2024-09-11,Estado de Mexico,32
2024-09-12,Estado de Mexico,34
2024-09-13,Estado de Mexico,57
2024-09-14,Estado de Mexico,17
2024-09-15,Estado de Mexico,14
2024-09-16,Estado de Mexico,4
2024-09-17,Estado de Mexico,53
2024-09-18,Estado de Mexico,29
2024-09-19,Estado de Mexico,28
2024-09-20,Estado de Mexico,32
2024-09-21,Estado de Mexico,10
2024-09-22,Estado de Mexico,6
2024-09-23,Estado de Mexico,49
2024-09-24,Estado de Mexico,21
2024-09-25,Estado de Mexico,31
2024-09-26,Estado de Mexico,28
2024-09-27,Estado de Mexico,39
2024-09-28,Estado de Mexico,14
2024-09-29,Estado de Mexico,18
2024-09-30,Estado de Mexico,71
2024-10-01,Estado de Mexico,256
2024-10-02,Estado de Mexico,6
2024-10-03,Estado de Mexico,6
2024-10-04,Estado de Mexico,7
2024-10-05,Estado de Mexico,3
2024-10-06,Estado de Mexico,0
2024-10-07,Estado de Mexico,5
2024-10-08,Estado de Mexico,2
2024-10-09,Estado de Mexico,4
2024-10-10,Estado de Mexico,13
2024-10-11,Estado de Mexico,8
2024-10-12,Estado de Mexico,1
2024-10-13,Estado de Mexico,1
2024-10-14,Estado de Mexico,12
2024-10-15,Estado de Mexico,13
2024-10-16,Estado de Mexico,10
2024-10-17,Estado de Mexico,11
2024-10-18,Estado de Mexico,15
2024-10-19,Estado de Mexico,2
2024-10-20,Estado de Mexico,0
2024-10-21,Estado de Mexico,20
2024-10-22,Estado de Mexico,15
2024-10-23,Estado de Mexico,18
2024-10-24,Estado de Mexico,16
2024-10-25,Estado de Mexico,22
2024-10-26,Estado de Mexico,7
2024-10-27,Estado de Mexico,6
2024-10-28,Estado de Mexico,20
2024-10-29,Estado de Mexico,23
2024-10-30,Estado de Mexico,32
2024-10-31,Estado de Mexico,27
2024-11-01,Estado de Mexico,24
2024-11-02,Estado de Mexico,6
2024-11-03,Estado de Mexico,3
2024-11-04,Estado de Mexico,24
2024-11-05,Estado de Mexico,12
2024-11-06,Estado de Mexico,15
2024-11-07,Estado de Mexico,19
2024-11-08,Estado de Mexico,15
2024-11-09,Estado de Mexico,9
2024-11-10,Estado de Mexico,2
2024-11-11,Estado de Mexico,24
2024-11-12,Estado de Mexico,10
2024-11-13,Estado de Mexico,17
2024-11-14,Estado de Mexico,17
2024-11-15,Estado de Mexico,31
2024-11-16,Estado de Mexico,5
2024-11-17,Estado de Mexico,13
2024-11-18,Estado de Mexico,12
2024-11-19,Estado de Mexico,44
2024-11-20,Estado de Mexico,12
2024-11-21,Estado de Mexico,19
2024-11-22,Estado de Mexico,17
2024-11-23,Estado de Mexico,10
2024-11-24,Estado de Mexico,7
2024-11-25,Estado de Mexico,19
2024-11-26,Estado de Mexico,10
2024-11-27,Estado de Mexico,11
2024-11-28,Estado de Mexico,17
2024-11-29,Estado de Mexico,24
2024-11-30,Estado de Mexico,8
2024-12-01,Estado de Mexico,9
2024-12-02,Estado de Mexico,33
2024-12-03,Estado de Mexico,17
2024-12-04,Estado de Mexico,12
2024-12-05,Estado de Mexico,18
2024-12-06,Estado de Mexico,12
2024-12-07,Estado de Mexico,5
2024-12-08,Estado de Mexico,9
2024-12-09,Estado de Mexico,22
2024-12-10,Estado de Mexico,14
2024-12-11,Estado de Mexico,21
2024-12-12,Estado de Mexico,12
2024-12-13,Estado de Mexico,29
2024-12-14,Estado de Mexico,9
2024-12-15,Estado de Mexico,6
2024-12-16,Estado de Mexico,26
2024-12-17,Estado de Mexico,17
2024-12-18,Estado de Mexico,9
2024-12-19,Estado de Mexico,22
2024-12-20,Estado de Mexico,19
2024-12-21,Estado de Mexico,11
2024-12-22,Estado de Mexico,10
2024-12-23,Estado de Mexico,34
2024-12-24,Estado de Mexico,8
2024-12-25,Estado de Mexico,4
2024-12-26,Estado de Mexico,25
2024-12-27,Estado de Mexico,19
2024-12-28,Estado de Mexico,10
2024-12-29,Estado de Mexico,8
2024-12-30,Estado de Mexico,29
2024-12-31,Estado de Mexico,23
2025-01-01,Estado de Mexico,9
2025-01-02,Estado de Mexico,38
2025-01-03,Estado de Mexico,31
2025-01-04,Estado de Mexico,8
2025-01-05,Estado de Mexico,7
2025-01-06,Estado de Mexico,28
2025-01-07,Estado de Mexico,26
2025-01-08,Estado de Mexico,24
2025-01-09,Estado de Mexico,22
2025-01-10,Estado de Mexico,16
2025-01-11,Estado de Mexico,6
2025-01-12,Estado de Mexico,5
2025-01-13,Estado de Mexico,20
2025-01-14,Estado de Mexico,28
2025-01-15,Estado de Mexico,28
2025-01-16,Estado de Mexico,13
2025-01-17,Estado de Mexico,22
2025-01-18,Estado de Mexico,10
2025-01-19,Estado de Mexico,3
2025-01-20,Estado de Mexico,11
2025-01-21,Estado de Mexico,9
2025-01-22,Estado de Mexico,10
2025-01-23,Estado de Mexico,2
2024-07-01,Guanajuato,8
2024-07-02,Guanajuato,4
2024-07-03,Guanajuato,5
2024-07-04,Guanajuato,4
2024-07-05,Guanajuato,2
2024-07-06,Guanajuato,1
2024-07-07,Guanajuato,1
2024-07-08,Guanajuato,6
2024-07-09,Guanajuato,3
2024-07-10,Guanajuato,2
2024-07-11,Guanajuato,6
2024-07-12,Guanajuato,11
2024-07-13,Guanajuato,1
2024-07-14,Guanajuato,4
2024-07-15,Guanajuato,14
2024-07-16,Guanajuato,4
2024-07-17,Guanajuato,4
2024-07-18,Guanajuato,5
2024-07-19,Guanajuato,6
2024-07-20,Guanajuato,2
2024-07-21,Guanajuato,1
2024-07-22,Guanajuato,4
2024-07-23,Guanajuato,5
2024-07-24,Guanajuato,6
2024-07-25,Guanajuato,3
2024-07-26,Guanajuato,7
2024-07-27,Guanajuato,2
2024-07-28,Guanajuato,2
2024-07-29,Guanajuato,7
2024-07-30,Guanajuato,4
2024-07-31,Guanajuato,5
2024-08-01,Guanajuato,3
2024-08-02,Guanajuato,5
2024-08-03,Guanajuato,1
2024-08-04,Guanajuato,0
2024-08-05,Guanajuato,5
2024-08-06,Guanajuato,5
2024-08-07,Guanajuato,4
2024-08-08,Guanajuato,12
2024-08-09,Guanajuato,4
2024-08-10,Guanajuato,4
2024-08-11,Guanajuato,1
2024-08-12,Guanajuato,6
2024-08-13,Guanajuato,5
2024-08-14,Guanajuato,13
2024-08-15,Guanajuato,9
2024-08-16,Guanajuato,9
2024-08-17,Guanajuato,3
2024-08-18,Guanajuato,0
2024-08-19,Guanajuato,8
2024-08-20,Guanajuato,10
2024-08-21,Guanajuato,3
2024-08-22,Guanajuato,9
2024-08-23,Guanajuato,5
2024-08-24,Guanajuato,2
2024-08-25,Guanajuato,0
2024-08-26,Guanajuato,9
2024-08-27,Guanajuato,6
2024-08-28,Guanajuato,5
2024-08-29,Guanajuato,4
2024-08-30,Guanajuato,7
2024-08-31,Guanajuato,3
2024-09-01,Guanajuato,3
2024-09-02,Guanajuato,9
2024-09-03,Guanajuato,3
2024-09-04,Guanajuato,4
2024-09-05,Guanajuato,3
2024-09-06,Guanajuato,9
2024-09-07,Guanajuato,2
2024-09-08,Guanajuato,2
2024-09-09,Guanajuato,4
2024-09-10,Guanajuato,7
2024-09-11,Guanajuato,6
2024-09-12,Guanajuato,6
2024-09-13,Guanajuato,10
2024-09-14,Guanajuato,1
2024-09-15,Guanajuato,0
2024-09-16,Guanajuato,1
2024-09-17,Guanajuato,5
2024-09-18,Guanajuato,2
2024-09-19,Guanajuato,8
2024-09-20,Guanajuato,6
2024-09-21,Guanajuato,3
2024-09-22,Guanajuato,1
2024-09-23,Guanajuato,5
2024-09-24,Guanajuato,9
2024-09-25,Guanajuato,13
2024-09-26,Guanajuato,3
2024-09-27,Guanajuato,8
2024-09-28,Guanajuato,3
2024-09-29,Guanajuato,3
2024-09-30,Guanajuato,8
2024-10-01,Guanajuato,50
2024-10-02,Guanajuato,0
2024-10-03,Guanajuato,1
2024-10-04,Guanajuato,2
2024-10-05,Guanajuato,0
2024-10-06,Guanajuato,1
2024-10-07,Guanajuato,0
2024-10-08,Guanajuato,0
2024-10-09,Guanajuato,1
2024-10-10,Guanajuato,2
2024-10-11,Guanajuato,4
2024-10-12,Guanajuato,0
2024-10-13,Guanajuato,0
2024-10-14,Guanajuato,4
2024-10-15,Guanajuato,2
2024-10-16,Guanajuato,0
2024-10-17,Guanajuato,0
2024-10-18,Guanajuato,2
2024-10-19,Guanajuato,0
2024-10-20,Guanajuato,0
2024-10-21,Guanajuato,1
2024-10-22,Guanajuato,4
2024-10-23,Guanajuato,5
2024-10-24,Guanajuato,3
2024-10-25,Guanajuato,3
2024-10-26,Guanajuato,0
2024-10-27,Guanajuato,0
2024-10-28,Guanajuato,6
2024-10-29,Guanajuato,8
2024-10-30,Guanajuato,7
2024-10-31,Guanajuato,5
2024-11-01,Guanajuato,4
2024-11-02,Guanajuato,2
2024-11-03,Guanajuato,1
2024-11-04,Guanajuato,4
2024-11-05,Guanajuato,2
2024-11-06,Guanajuato,3
2024-11-07,Guanajuato,1
2024-11-08,Guanajuato,2
2024-11-09,Guanajuato,1
2024-11-10,Guanajuato,1
2024-11-11,Guanajuato,4
2024-11-12,Guanajuato,5
2024-11-13,Guanajuato,1
2024-11-14,Guanajuato,4
2024-11-15,Guanajuato,7
2024-11-16,Guanajuato,1
2024-11-17,Guanajuato,5
2024-11-18,Guanajuato,1
2024-11-19,Guanajuato,7
2024-11-20,Guanajuato,2
2024-11-21,Guanajuato,2
2024-11-22,Guanajuato,2
2024-11-23,Guanajuato,0
2024-11-24,Guanajuato,0
2024-11-25,Guanajuato,7
2024-11-26,Guanajuato,3
2024-11-27,Guanajuato,1
2024-11-28,Guanajuato,4
2024-11-29,Guanajuato,5
2024-11-30,Guanajuato,4
2024-12-01,Guanajuato,2
2024-12-02,Guanajuato,6
2024-12-03,Guanajuato,1
2024-12-04,Guanajuato,1
2024-12-05,Guanajuato,2
2024-12-06,Guanajuato,5
2024-12-07,Guanajuato,3
2024-12-08,Guanajuato,2
2024-12-09,Guanajuato,2
2024-12-10,Guanajuato,2
2024-12-11,Guanajuato,3
2024-12-12,Guanajuato,0
2024-12-13,Guanajuato,4
2024-12-14,Guanajuato,1
2024-12-15,Guanajuato,1
2024-12-16,Guanajuato,7
2024-12-17,Guanajuato,1
2024-12-18,Guanajuato,8
2024-12-19,Guanajuato,3
2024-12-20,Guanajuato,3
2024-12-21,Guanajuato,2
2024-12-22,Guanajuato,0
2024-12-23,Guanajuato,3
2024-12-24,Guanajuato,1
2024-12-25,Guanajuato,0
2024-12-26,Guanajuato,5
2024-12-27,Guanajuato,1
2024-12-28,Guanajuato,2
2024-12-29,Guanajuato,0
2024-12-30,Guanajuato,4
2024-12-31,Guanajuato,4
2025-01-01,Guanajuato,2
2025-01-02,Guanajuato,4
2025-01-03,Guanajuato,7
2025-01-04,Guanajuato,1
2025-01-05,Guanajuato,1
2025-01-06,Guanajuato,4
2025-01-07,Guanajuato,3
2025-01-08,Guanajuato,7
2025-01-09,Guanajuato,6
2025-01-10,Guanajuato,5
2025-01-11,Guanajuato,1
2025-01-12,Guanajuato,3
2025-01-13,Guanajuato,4
2025-01-14,Guanajuato,4
2025-01-15,Guanajuato,10
2025-01-16,Guanajuato,3
2025-01-17,Guanajuato,5
2025-01-18,Guanajuato,0
2025-01-19,Guanajuato,0
2025-01-20,Guanajuato,2
2025-01-21,Guanajuato,1
2025-01-22,Guanajuato,2
2025-01-23,Guanajuato,0
2024-07-01,Guerrero,2
2024-07-02,Guerrero,4
2024-07-03,Guerrero,0
2024-07-04,Guerrero,1
2024-07-05,Guerrero,3
2024-07-06,Guerrero,0
2024-07-07,Guerrero,0
2024-07-08,Guerrero,3
2024-07-09,Guerrero,2
2024-07-10,Guerrero,1
2024-07-11,Guerrero,2
2024-07-12,Guerrero,3
2024-07-13,Guerrero,3
2024-07-14,Guerrero,0
2024-07-15,Guerrero,7
2024-07-16,Guerrero,4
2024-07-17,Guerrero,1
2024-07-18,Guerrero,2
2024-07-19,Guerrero,6
2024-07-20,Guerrero,1
2024-07-21,Guerrero,0
2024-07-22,Guerrero,2
2024-07-23,Guerrero,4
2024-07-24,Guerrero,4
2024-07-25,Guerrero,1
2024-07-26,Guerrero,0
2024-07-27,Guerrero,1
2024-07-28,Guerrero,2
2024-07-29,Guerrero,4
2024-07-30,Guerrero,2
2024-07-31,Guerrero,2
2024-08-01,Guerrero,2
2024-08-02,Guerrero,2
2024-08-03,Guerrero,0
2024-08-04,Guerrero,1
2024-08-05,Guerrero,4
2024-08-06,Guerrero,1
2024-08-07,Guerrero,4
2024-08-08,Guerrero,1
2024-08-09,Guerrero,2
2024-08-10,Guerrero,3
2024-08-11,Guerrero,1
2024-08-12,Guerrero,5
2024-08-13,Guerrero,2
2024-08-14,Guerrero,4
2024-08-15,Guerrero,6
2024-08-16,Guerrero,3
2024-08-17,Guerrero,2
2024-08-18,Guerrero,0
2024-08-19,Guerrero,2
2024-08-20,Guerrero,2
2024-08-21,Guerrero,1
2024-08-22,Guerrero,1
2024-08-23,Guerrero,1
2024-08-24,Guerrero,1
2024-08-25,Guerrero,1
2024-08-26,Guerrero,4
2024-08-27,Guerrero,2
2024-08-28,Guerrero,5
2024-08-29,Guerrero,3
2024-08-30,Guerrero,5
2024-08-31,Guerrero,1
2024-09-01,Guerrero,0
2024-09-02,Guerrero,0
2024-09-03,Guerrero,1
2024-09-04,Guerrero,3
2024-09-05,Guerrero,4
2024-09-06,Guerrero,2
2024-09-07,Guerrero,0
2024-09-08,Guerrero,0
2024-09-09,Guerrero,6
2024-09-10,Guerrero,4
2024-09-11,Guerrero,2
2024-09-12,Guerrero,4
2024-09-13,Guerrero,3
2024-09-14,Guerrero,0
2024-09-15,Guerrero,1
2024-09-16,Guerrero,0
2024-09-17,Guerrero,8
2024-09-18,Guerrero,1
2024-09-19,Guerrero,4
2024-09-20,Guerrero,3
2024-09-21,Guerrero,0
2024-09-22,Guerrero,0
2024-09-23,Guerrero,0
2024-09-24,Guerrero,2
2024-09-25,Guerrero,3
2024-09-26,Guerrero,2
2024-09-27,Guerrero,1
2024-09-28,Guerrero,0
2024-09-29,Guerrero,2
2024-09-30,Guerrero,3
2024-10-01,Guerrero,18
2024-10-02,Guerrero,0
2024-10-03,Guerrero,1
2024-10-04,Guerrero,0
2024-10-05,Guerrero,1
2024-10-06,Guerrero,0
2024-10-07,Guerrero,0
2024-10-08,Guerrero,1
2024-10-09,Guerrero,0
2024-10-10,Guerrero,0
2024-10-11,Guerrero,0
2024-10-12,Guerrero,0
2024-10-13,Guerrero,1
2024-10-14,Guerrero,0
2024-10-15,Guerrero,0
2024-10-16,Guerrero,0
2024-10-17,Guerrero,1
2024-10-18,Guerrero,1
2024-10-19,Guerrero,0
2024-10-20,Guerrero,0
2024-10-21,Guerrero,2
2024-10-22,Guerrero,1
2024-10-23,Guerrero,0
2024-10-24,Guerrero,2
2024-10-25,Guerrero,3
2024-10-26,Guerrero,2
2024-10-27,Guerrero,1
2024-10-28,Guerrero,1
2024-10-29,Guerrero,2
2024-10-30,Guerrero,1
2024-10-31,Guerrero,1
2024-11-01,Guerrero,1
2024-11-02,Guerrero,0
2024-11-03,Guerrero,0
2024-11-04,Guerrero,2
2024-11-05,Guerrero,2
2024-11-06,Guerrero,2
2024-11-07,Guerrero,1
2024-11-08,Guerrero,2
2024-11-09,Guerrero,1
2024-11-10,Guerrero,0
2024-11-11,Guerrero,2
2024-11-12,Guerrero,2
2024-11-13,Guerrero,1
2024-11-14,Guerrero,0
2024-11-15,Guerrero,1
2024-11-16,Guerrero,1
2024-11-17,Guerrero,0
2024-11-18,Guerrero,2
2024-11-19,Guerrero,3
2024-11-20,Guerrero,0
2024-11-21,Guerrero,0
2024-11-22,Guerrero,1
2024-11-23,Guerrero,1
2024-11-24,Guerrero,0
2024-11-25,Guerrero,1
2024-11-26,Guerrero,2
2024-11-27,Guerrero,2
2024-11-28,Guerrero,4
2024-11-29,Guerrero,2
2024-11-30,Guerrero,0
2024-12-01,Guerrero,0
2024-12-02,Guerrero,0
2024-12-03,Guerrero,1
2024-12-04,Guerrero,0
2024-12-05,Guerrero,2
2024-12-06,Guerrero,1
2024-12-07,Guerrero,2
2024-12-08,Guerrero,0
2024-12-09,Guerrero,2
2024-12-10,Guerrero,0
2024-12-11,Guerrero,2
2024-12-12,Guerrero,0
2024-12-13,Guerrero,3
2024-12-14,Guerrero,0
2024-12-15,Guerrero,0
2024-12-16,Guerrero,2
2024-12-17,Guerrero,1
2024-12-18,Guerrero,1
2024-12-19,Guerrero,1
2024-12-20,Guerrero,2
2024-12-21,Guerrero,1
2024-12-22,Guerrero,0
2024-12-23,Guerrero,2
2024-12-24,Guerrero,0
2024-12-25,Guerrero,0
2024-12-26,Guerrero,1
2024-12-27,Guerrero,2
2024-12-28,Guerrero,0
2024-12-29,Guerrero,2
2024-12-30,Guerrero,1
2024-12-31,Guerrero,1
2025-01-01,Guerrero,0
2025-01-02,Guerrero,2
2025-01-03,Guerrero,0
2025-01-04,Guerrero,1
2025-01-05,Guerrero,0
2025-01-06,Guerrero,2
2025-01-07,Guerrero,0
2025-01-08,Guerrero,0
2025-01-09,Guerrero,1
2025-01-10,Guerrero,1
2025-01-11,Guerrero,0
2025-01-12,Guerrero,1
2025-01-13,Guerrero,1
2025-01-14,Guerrero,2
2025-01-15,Guerrero,1
2025-01-16,Guerrero,1
2025-01-17,Guerrero,1
2025-01-18,Guerrero,1
2025-01-19,Guerrero,0
2025-01-20,Guerrero,0
2025-01-21,Guerrero,0
2025-01-22,Guerrero,0
2025-01-23,Guerrero,0
2024-07-01,Hidalgo,6
2024-07-02,Hidalgo,4
2024-07-03,Hidalgo,6
2024-07-04,Hidalgo,1
2024-07-05,Hidalgo,5
2024-07-06,Hidalgo,0
2024-07-07,Hidalgo,2
2024-07-08,Hidalgo,2
2024-07-09,Hidalgo,2
2024-07-10,Hidalgo,2
2024-07-11,Hidalgo,4
2024-07-12,Hidalgo,6
2024-07-13,Hidalgo,2
2024-07-14,Hidalgo,1
2024-07-15,Hidalgo,5
2024-07-16,Hidalgo,4
2024-07-17,Hidalgo,3
2024-07-18,Hidalgo,5
2024-07-19,Hidalgo,3
2024-07-20,Hidalgo,0
2024-07-21,Hidalgo,0
2024-07-22,Hidalgo,8
2024-07-23,Hidalgo,4
2024-07-24,Hidalgo,1
2024-07-25,Hidalgo,5
2024-07-26,Hidalgo,3
2024-07-27,Hidalgo,0
2024-07-28,Hidalgo,1
2024-07-29,Hidalgo,6
2024-07-30,Hidalgo,6
2024-07-31,Hidalgo,6
2024-08-01,Hidalgo,4
2024-08-02,Hidalgo,5
2024-08-03,Hidalgo,1
2024-08-04,Hidalgo,0
2024-08-05,Hidalgo,0
2024-08-06,Hidalgo,3
2024-08-07,Hidalgo,2
2024-08-08,Hidalgo,6
2024-08-09,Hidalgo,7
2024-08-10,Hidalgo,1
2024-08-11,Hidalgo,2
2024-08-12,Hidalgo,7
2024-08-13,Hidalgo,6
2024-08-14,Hidalgo,4
2024-08-15,Hidalgo,9
2024-08-16,Hidalgo,12
2024-08-17,Hidalgo,0
2024-08-18,Hidalgo,1
2024-08-19,Hidalgo,9
2024-08-20,Hidalgo,4
2024-08-21,Hidalgo,6
2024-08-22,Hidalgo,1
2024-08-23,Hidalgo,7
2024-08-24,Hidalgo,1
2024-08-25,Hidalgo,3
2024-08-26,Hidalgo,6
2024-08-27,Hidalgo,3
2024-08-28,Hidalgo,9
2024-08-29,Hidalgo,2
2024-08-30,Hidalgo,3
2024-08-31,Hidalgo,1
2024-09-01,Hidalgo,2
2024-09-02,Hidalgo,6
2024-09-03,Hidalgo,2
2024-09-04,Hidalgo,3
2024-09-05,Hidalgo,3
2024-09-06,Hidalgo,4
2024-09-07,Hidalgo,1
2024-09-08,Hidalgo,0
2024-09-09,Hidalgo,6
2024-09-10,Hidalgo,2
2024-09-11,Hidalgo,4
2024-09-12,Hidalgo,2
2024-09-13,Hidalgo,4
2024-09-14,Hidalgo,2
2024-09-15,Hidalgo,2
2024-09-16,Hidalgo,2
2024-09-17,Hidalgo,10
2024-09-18,Hidalgo,0
2024-09-19,Hidalgo,2
2024-09-20,Hidalgo,2
2024-09-21,Hidalgo,1
2024-09-22,Hidalgo,2
2024-09-23,Hidalgo,6
2024-09-24,Hidalgo,3
2024-09-25,Hidalgo,1
2024-09-26,Hidalgo,7
2024-09-27,Hidalgo,5
2024-09-28,Hidalgo,3
2024-09-29,Hidalgo,2
2024-09-30,Hidalgo,9
2024-10-01,Hidalgo,34
2024-10-02,Hidalgo,0
2024-10-03,Hidalgo,0
2024-10-04,Hidalgo,0
2024-10-05,Hidalgo,0
2024-10-06,Hidalgo,0
2024-10-07,Hidalgo,1
2024-10-08,Hidalgo,0
2024-10-09,Hidalgo,1
2024-10-10,Hidalgo,1
2024-10-11,Hidalgo,0
2024-10-12,Hidalgo,1
2024-10-13,Hidalgo,0
2024-10-14,Hidalgo,0
2024-10-15,Hidalgo,1
2024-10-16,Hidalgo,1
2024-10-17,Hidalgo,2
2024-10-18,Hidalgo,4
2024-10-19,Hidalgo,0
2024-10-20,Hidalgo,0
2024-10-21,Hidalgo,2
2024-10-22,Hidalgo,4
2024-10-23,Hidalgo,5
2024-10-24,Hidalgo,2
2024-10-25,Hidalgo,1
2024-10-26,Hidalgo,1
2024-10-27,Hidalgo,0
2024-10-28,Hidalgo,7
2024-10-29,Hidalgo,0
2024-10-30,Hidalgo,3
2024-10-31,Hidalgo,1
2024-11-01,Hidalgo,4
2024-11-02,Hidalgo,1
2024-11-03,Hidalgo,0
2024-11-04,Hidalgo,4
2024-11-05,Hidalgo,2
2024-11-06,Hidalgo,2
2024-11-07,Hidalgo,1
2024-11-08,Hidalgo,3
2024-11-09,Hidalgo,3
2024-11-10,Hidalgo,0
2024-11-11,Hidalgo,4
2024-11-12,Hidalgo,5
2024-11-13,Hidalgo,0
2024-11-14,Hidalgo,2
2024-11-15,Hidalgo,5
2024-11-16,Hidalgo,0
2024-11-17,Hidalgo,0
2024-11-18,Hidalgo,2
2024-11-19,Hidalgo,5
2024-11-20,Hidalgo,1
2024-11-21,Hidalgo,1
2024-11-22,Hidalgo,0
2024-11-23,Hidalgo,1
2024-11-24,Hidalgo,0
2024-11-25,Hidalgo,7
2024-11-26,Hidalgo,4
2024-11-27,Hidalgo,0
2024-11-28,Hidalgo,3
2024-11-29,Hidalgo,1
2024-11-30,Hidalgo,2
2024-12-01,Hidalgo,1
2024-12-02,Hidalgo,3
2024-12-03,Hidalgo,7
2024-12-04,Hidalgo,0
2024-12-05,Hidalgo,2
2024-12-06,Hidalgo,1
2024-12-07,Hidalgo,1
2024-12-08,Hidalgo,0
2024-12-09,Hidalgo,7
2024-12-10,Hidalgo,3
2024-12-11,Hidalgo,1
2024-12-12,Hidalgo,2
2024-12-13,Hidalgo,5
2024-12-14,Hidalgo,0
2024-12-15,Hidalgo,1
2024-12-16,Hidalgo,2
2024-12-17,Hidalgo,3
2024-12-18,Hidalgo,3
2024-12-19,Hidalgo,5
2024-12-20,Hidalgo,0
2024-12-21,Hidalgo,0
2024-12-22,Hidalgo,0
2024-12-23,Hidalgo,5
2024-12-24,Hidalgo,1
2024-12-25,Hidalgo,1
2024-12-26,Hidalgo,3
2024-12-27,Hidalgo,5
2024-12-28,Hidalgo,2
2024-12-29,Hidalgo,1
2024-12-30,Hidalgo,3
2024-12-31,Hidalgo,3
2025-01-01,Hidalgo,0
2025-01-02,Hidalgo,5
2025-01-03,Hidalgo,5
2025-01-04,Hidalgo,1
2025-01-05,Hidalgo,1
2025-01-06,Hidalgo,0
2025-01-07,Hidalgo,3
2025-01-08,Hidalgo,2
2025-01-09,Hidalgo,3
2025-01-10,Hidalgo,6
2025-01-11,Hidalgo,3
2025-01-12,Hidalgo,0
2025-01-13,Hidalgo,5
2025-01-14,Hidalgo,0
2025-01-15,Hidalgo,2
2025-01-16,Hidalgo,2
2025-01-17,Hidalgo,0
2025-01-18,Hidalgo,1
2025-01-19,Hidalgo,0
2025-01-20,Hidalgo,0
2025-01-21,Hidalgo,0
2025-01-22,Hidalgo,0
2025-01-23,Hidalgo,1
2024-07-01,Jalisco,11
2024-07-02,Jalisco,10
2024-07-03,Jalisco,5
2024-07-04,Jalisco,7
2024-07-05,Jalisco,7
2024-07-06,Jalisco,3
2024-07-07,Jalisco,4
2024-07-08,Jalisco,6
2024-07-09,Jalisco,9
2024-07-10,Jalisco,4
2024-07-11,Jalisco,17
2024-07-12,Jalisco,7
2024-07-13,Jalisco,3
2024-07-14,Jalisco,3
2024-07-15,Jalisco,16
2024-07-16,Jalisco,12
2024-07-17,Jalisco,9
2024-07-18,Jalisco,5
2024-07-19,Jalisco,13
2024-07-20,Jalisco,2
2024-07-21,Jalisco,2
2024-07-22,Jalisco,10
2024-07-23,Jalisco,2
2024-07-24,Jalisco,10
2024-07-25,Jalisco,14
2024-07-26,Jalisco,3
2024-07-27,Jalisco,2
2024-07-28,Jalisco,0
2024-07-29,Jalisco,12
2024-07-30,Jalisco,6
2024-07-31,Jalisco,14
2024-08-01,Jalisco,3
2024-08-02,Jalisco,8
2024-08-03,Jalisco,3
2024-08-04,Jalisco,0
2024-08-05,Jalisco,12
2024-08-06,Jalisco,7
2024-08-07,Jalisco,8
2024-08-08,Jalisco,9
2024-08-09,Jalisco,13
2024-08-10,Jalisco,4
2024-08-11,Jalisco,4
2024-08-12,Jalisco,10
2024-08-13,Jalisco,7
2024-08-14,Jalisco,16
2024-08-15,Jalisco,15
2024-08-16,Jalisco,12
2024-08-17,Jalisco,8
2024-08-18,Jalisco,2
2024-08-19,Jalisco,21
2024-08-20,Jalisco,9
2024-08-21,Jalisco,7
2024-08-22,Jalisco,10
2024-08-23,Jalisco,14
2024-08-24,Jalisco,1
2024-08-25,Jalisco,6
2024-08-26,Jalisco,8
2024-08-27,Jalisco,9
2024-08-28,Jalisco,7
2024-08-29,Jalisco,13
2024-08-30,Jalisco,14
2024-08-31,Jalisco,8
2024-09-01,Jalisco,3
2024-09-02,Jalisco,14
2024-09-03,Jalisco,10
2024-09-04,Jalisco,5
2024-09-05,Jalisco,5
2024-09-06,Jalisco,8
2024-09-07,Jalisco,6
2024-09-08,Jalisco,1
2024-09-09,Jalisco,4
2024-09-10,Jalisco,5
2024-09-11,Jalisco,7
2024-09-12,Jalisco,9
2024-09-13,Jalisco,11
2024-09-14,Jalisco,5
2024-09-15,Jalisco,3
2024-09-16,Jalisco,2
2024-09-17,Jalisco,14
2024-09-18,Jalisco,7
2024-09-19,Jalisco,5
2024-09-20,Jalisco,9
2024-09-21,Jalisco,4
2024-09-22,Jalisco,4
2024-09-23,Jalisco,13
2024-09-24,Jalisco,8
2024-09-25,Jalisco,18
2024-09-26,Jalisco,10
2024-09-27,Jalisco,13
2024-09-28,Jalisco,4
2024-09-29,Jalisco,4
2024-09-30,Jalisco,15
2024-10-01,Jalisco,66
2024-10-02,Jalisco,0
2024-10-03,Jalisco,0
2024-10-04,Jalisco,0
2024-10-05,Jalisco,0
2024-10-06,Jalisco,2
2024-10-07,Jalisco,1
2024-10-08,Jalisco,2
2024-10-09,Jalisco,1
2024-10-10,Jalisco,4
2024-10-11,Jalisco,1
2024-10-12,Jalisco,1
2024-10-13,Jalisco,1
2024-10-14,Jalisco,2
2024-10-15,Jalisco,5
2024-10-16,Jalisco,3
2024-10-17,Jalisco,3
2024-10-18,Jalisco,3
2024-10-19,Jalisco,0
2024-10-20,Jalisco,0
2024-10-21,Jalisco,6
2024-10-22,Jalisco,4
2024-10-23,Jalisco,14
2024-10-24,Jalisco,5
2024-10-25,Jalisco,3
2024-10-26,Jalisco,4
2024-10-27,Jalisco,4
2024-10-28,Jalisco,10
2024-10-29,Jalisco,8
2024-10-30,Jalisco,5
2024-10-31,Jalisco,7
2024-11-01,Jalisco,5
2024-11-02,Jalisco,3
2024-11-03,Jalisco,3
2024-11-04,Jalisco,8
2024-11-05,Jalisco,4
2024-11-06,Jalisco,6
2024-11-07,Jalisco,1
2024-11-08,Jalisco,9
2024-11-09,Jalisco,0
2024-11-10,Jalisco,5
2024-11-11,Jalisco,6
2024-11-12,Jalisco,9
2024-11-13,Jalisco,3
2024-11-14,Jalisco,8
2024-11-15,Jalisco,14
2024-11-16,Jalisco,0
2024-11-17,Jalisco,1
2024-11-18,Jalisco,2
2024-11-19,Jalisco,12
2024-11-20,Jalisco,4
2024-11-21,Jalisco,3
2024-11-22,Jalisco,10
2024-11-23,Jalisco,0
2024-11-24,Jalisco,2
2024-11-25,Jalisco,6
2024-11-26,Jalisco,6
2024-11-27,Jalisco,8
2024-11-28,Jalisco,5
2024-11-29,Jalisco,5
2024-11-30,Jalisco,4
2024-12-01,Jalisco,0
2024-12-02,Jalisco,10
2024-12-03,Jalisco,5
2024-12-04,Jalisco,5
2024-12-05,Jalisco,4
2024-12-06,Jalisco,6
2024-12-07,Jalisco,2
2024-12-08,Jalisco,0
2024-12-09,Jalisco,5
2024-12-10,Jalisco,3
2024-12-11,Jalisco,9
2024-12-12,Jalisco,4
2024-12-13,Jalisco,8
2024-12-14,Jalisco,5
2024-12-15,Jalisco,5
2024-12-16,Jalisco,4
2024-12-17,Jalisco,2
2024-12-18,Jalisco,5
2024-12-19,Jalisco,5
2024-12-20,Jalisco,6
2024-12-21,Jalisco,4
2024-12-22,Jalisco,2
2024-12-23,Jalisco,7
2024-12-24,Jalisco,1
2024-12-25,Jalisco,1
2024-12-26,Jalisco,7
2024-12-27,Jalisco,12
2024-12-28,Jalisco,2
2024-12-29,Jalisco,3
2024-12-30,Jalisco,6
2024-12-31,Jalisco,9
2025-01-01,Jalisco,2
2025-01-02,Jalisco,4
2025-01-03,Jalisco,3
2025-01-04,Jalisco,5
2025-01-05,Jalisco,1
2025-01-06,Jalisco,9
2025-01-07,Jalisco,4
2025-01-08,Jalisco,9
2025-01-09,Jalisco,6
2025-01-10,Jalisco,5
2025-01-11,Jalisco,2
2025-01-12,Jalisco,3
2025-01-13,Jalisco,7
2025-01-14,Jalisco,5
2025-01-15,Jalisco,9
2025-01-16,Jalisco,4
2025-01-17,Jalisco,1
2025-01-18,Jalisco,1
2025-01-19,Jalisco,0
2025-01-20,Jalisco,3
2025-01-21,Jalisco,3
2025-01-22,Jalisco,2
2025-01-23,Jalisco,0
2024-07-01,Michoacan de Ocampo,10
2024-07-02,Michoacan de Ocampo,6
2024-07-03,Michoacan de Ocampo,2
2024-07-04,Michoacan de Ocampo,1
2024-07-05,Michoacan de Ocampo,6
2024-07-06,Michoacan de Ocampo,2
2024-07-07,Michoacan de Ocampo,0
2024-07-08,Michoacan de Ocampo,4
2024-07-09,Michoacan de Ocampo,3
2024-07-10,Michoacan de Ocampo,2
2024-07-11,Michoacan de Ocampo,4
2024-07-12,Michoacan de Ocampo,2
2024-07-13,Michoacan de Ocampo,3
2024-07-14,Michoacan de Ocampo,0
2024-07-15,Michoacan de Ocampo,8
2024-07-16,Michoacan de Ocampo,3
2024-07-17,Michoacan de Ocampo,3
2024-07-18,Michoacan de Ocampo,4
2024-07-19,Michoacan de Ocampo,4
2024-07-20,Michoacan de Ocampo,0
2024-07-21,Michoacan de Ocampo,0
2024-07-22,Michoacan de Ocampo,6
2024-07-23,Michoacan de Ocampo,3
2024-07-24,Michoacan de Ocampo,3
2024-07-25,Michoacan de Ocampo,6
2024-07-26,Michoacan de Ocampo,2
2024-07-27,Michoacan de Ocampo,3
2024-07-28,Michoacan de Ocampo,0
2024-07-29,Michoacan de Ocampo,8
2024-07-30,Michoacan de Ocampo,1
2024-07-31,Michoacan de Ocampo,5
2024-08-01,Michoacan de Ocampo,2
2024-08-02,Michoacan de Ocampo,3
2024-08-03,Michoacan de Ocampo,2
2024-08-04,Michoacan de Ocampo,0
2024-08-05,Michoacan de Ocampo,3
2024-08-06,Michoacan de Ocampo,0
2024-08-07,Michoacan de Ocampo,5
2024-08-08,Michoacan de Ocampo,7
2024-08-09,Michoacan de Ocampo,9
2024-08-10,Michoacan de Ocampo,3
2024-08-11,Michoacan de Ocampo,2
2024-08-12,Michoacan de Ocampo,5
2024-08-13,Michoacan de Ocampo,4
2024-08-14,Michoacan de Ocampo,5
2024-08-15,Michoacan de Ocampo,5
2024-08-16,Michoacan de Ocampo,2
2024-08-17,Michoacan de Ocampo,0
2024-08-18,Michoacan de Ocampo,1
2024-08-19,Michoacan de Ocampo,7
2024-08-20,Michoacan de Ocampo,2
2024-08-21,Michoacan de Ocampo,4
2024-08-22,Michoacan de Ocampo,4
2024-08-23,Michoacan de Ocampo,4
2024-08-24,Michoacan de Ocampo,0
2024-08-25,Michoacan de Ocampo,1
2024-08-26,Michoacan de Ocampo,6
2024-08-27,Michoacan de Ocampo,0
2024-08-28,Michoacan de Ocampo,4
2024-08-29,Michoacan de Ocampo,3
2024-08-30,Michoacan de Ocampo,4
2024-08-31,Michoacan de Ocampo,2
2024-09-01,Michoacan de Ocampo,0
2024-09-02,Michoacan de Ocampo,8
2024-09-03,Michoacan de Ocampo,8
2024-09-04,Michoacan de Ocampo,1
2024-09-05,Michoacan de Ocampo,5
2024-09-06,Michoacan de Ocampo,4
2024-09-07,Michoacan de Ocampo,0
2024-09-08,Michoacan de Ocampo,0
2024-09-09,Michoacan de Ocampo,2
2024-09-10,Michoacan de Ocampo,1
2024-09-11,Michoacan de Ocampo,5
2024-09-12,Michoacan de Ocampo,3
2024-09-13,Michoacan de Ocampo,2
2024-09-14,Michoacan de Ocampo,5
2024-09-15,Michoacan de Ocampo,0
2024-09-16,Michoacan de Ocampo,1
2024-09-17,Michoacan de Ocampo,8
2024-09-18,Michoacan de Ocampo,5
2024-09-19,Michoacan de Ocampo,1
2024-09-20,Michoacan de Ocampo,5
2024-09-21,Michoacan de Ocampo,0
2024-09-22,Michoacan de Ocampo,0
2024-09-23,Michoacan de Ocampo,11
2024-09-24,Michoacan de Ocampo,2
2024-09-25,Michoacan de Ocampo,4
2024-09-26,Michoacan de Ocampo,2
2024-09-27,Michoacan de Ocampo,8
2024-09-28,Michoacan de Ocampo,0
2024-09-29,Michoacan de Ocampo,0
2024-09-30,Michoacan de Ocampo,7
2024-10-01,Michoacan de Ocampo,33
2024-10-02,Michoacan de Ocampo,2
2024-10-03,Michoacan de Ocampo,0
2024-10-04,Michoacan de Ocampo,1
2024-10-05,Michoacan de Ocampo,0
2024-10-06,Michoacan de Ocampo,1
2024-10-07,Michoacan de Ocampo,0
2024-10-08,Michoacan de Ocampo,2
2024-10-09,Michoacan de Ocampo,0
2024-10-10,Michoacan de Ocampo,0
2024-10-11,Michoacan de Ocampo,2
2024-10-12,Michoacan de Ocampo,0
2024-10-13,Michoacan de Ocampo,0
2024-10-14,Michoacan de Ocampo,0
2024-10-15,Michoacan de Ocampo,1
2024-10-16,Michoacan de Ocampo,2
2024-10-17,Michoacan de Ocampo,3
2024-10-18,Michoacan de Ocampo,2
2024-10-19,Michoacan de Ocampo,0
2024-10-20,Michoacan de Ocampo,0
2024-10-21,Michoacan de Ocampo,0
2024-10-22,Michoacan de Ocampo,2
2024-10-23,Michoacan de Ocampo,2
2024-10-24,Michoacan de Ocampo,3
2024-10-25,Michoacan de Ocampo,1
2024-10-26,Michoacan de Ocampo,0
2024-10-27,Michoacan de Ocampo,0
2024-10-28,Michoacan de Ocampo,5
2024-10-29,Michoacan de Ocampo,5
2024-10-30,Michoacan de Ocampo,3
2024-10-31,Michoacan de Ocampo,3
2024-11-01,Michoacan de Ocampo,3
2024-11-02,Michoacan de Ocampo,1
2024-11-03,Michoacan de Ocampo,0
2024-11-04,Michoacan de Ocampo,1
2024-11-05,Michoacan de Ocampo,1
2024-11-06,Michoacan de Ocampo,4
2024-11-07,Michoacan de Ocampo,0
2024-11-08,Michoacan de Ocampo,1
2024-11-09,Michoacan de Ocampo,0
2024-11-10,Michoacan de Ocampo,0
2024-11-11,Michoacan de Ocampo,4
2024-11-12,Michoacan de Ocampo,5
2024-11-13,Michoacan de Ocampo,1
2024-11-14,Michoacan de Ocampo,2
2024-11-15,Michoacan de Ocampo,1
2024-11-16,Michoacan de Ocampo,0
2024-11-17,Michoacan de Ocampo,0
2024-11-18,Michoacan de Ocampo,1
2024-11-19,Michoacan de Ocampo,6
2024-11-20,Michoacan de Ocampo,2
2024-11-21,Michoacan de Ocampo,3
2024-11-22,Michoacan de Ocampo,0
2024-11-23,Michoacan de Ocampo,0
2024-11-24,Michoacan de Ocampo,1
2024-11-25,Michoacan de Ocampo,2
2024-11-26,Michoacan de Ocampo,4
2024-11-27,Michoacan de Ocampo,2
2024-11-28,Michoacan de Ocampo,2
2024-11-29,Michoacan de Ocampo,1
2024-11-30,Michoacan de Ocampo,1
2024-12-01,Michoacan de Ocampo,0
2024-12-02,Michoacan de Ocampo,5
2024-12-03,Michoacan de Ocampo,1
2024-12-04,Michoacan de Ocampo,1
2024-12-05,Michoacan de Ocampo,2
2024-12-06,Michoacan de Ocampo,0
2024-12-07,Michoacan de Ocampo,0
2024-12-08,Michoacan de Ocampo,1
2024-12-09,Michoacan de Ocampo,2
2024-12-10,Michoacan de Ocampo,2
2024-12-11,Michoacan de Ocampo,0
2024-12-12,Michoacan de Ocampo,0
2024-12-13,Michoacan de Ocampo,1
2024-12-14,Michoacan de Ocampo,0
2024-12-15,Michoacan de Ocampo,1
2024-12-16,Michoacan de Ocampo,5
2024-12-17,Michoacan de Ocampo,1
2024-12-18,Michoacan de Ocampo,0
2024-12-19,Michoacan de Ocampo,0
2024-12-20,Michoacan de Ocampo,4
2024-12-21,Michoacan de Ocampo,0
2024-12-22,Michoacan de Ocampo,0
2024-12-23,Michoacan de Ocampo,2
2024-12-24,Michoacan de Ocampo,2
2024-12-25,Michoacan de Ocampo,0
2024-12-26,Michoacan de Ocampo,1
2024-12-27,Michoacan de Ocampo,6
2024-12-28,Michoacan de Ocampo,2
2024-12-29,Michoacan de Ocampo,1
2024-12-30,Michoacan de Ocampo,3
2024-12-31,Michoacan de Ocampo,0
2025-01-01,Michoacan de Ocampo,0
2025-01-02,Michoacan de Ocampo,3
2025-01-03,Michoacan de Ocampo,0
2025-01-04,Michoacan de Ocampo,1
2025-01-05,Michoacan de Ocampo,1
2025-01-06,Michoacan de Ocampo,1
2025-01-07,Michoacan de Ocampo,0
2025-01-08,Michoacan de Ocampo,2
2025-01-09,Michoacan de Ocampo,1
2025-01-10,Michoacan de Ocampo,1
2025-01-11,Michoacan de Ocampo,1
2025-01-12,Michoacan de Ocampo,1
2025-01-13,Michoacan de Ocampo,1
2025-01-14,Michoacan de Ocampo,1
2025-01-15,Michoacan de Ocampo,2
2025-01-16,Michoacan de Ocampo,1
2025-01-17,Michoacan de Ocampo,0
2025-01-18,Michoacan de Ocampo,0
2025-01-19,Michoacan de Ocampo,0
2025-01-20,Michoacan de Ocampo,1
2025-01-21,Michoacan de Ocampo,0
2025-01-22,Michoacan de Ocampo,0
2025-01-23,Michoacan de Ocampo,0
2024-07-01,Morelos,3
2024-07-02,Morelos,4
2024-07-03,Morelos,1
2024-07-04,Morelos,3
2024-07-05,Morelos,2
2024-07-06,Morelos,1
2024-07-07,Morelos,0
2024-07-08,Morelos,0
2024-07-09,Morelos,0
2024-07-10,Morelos,0
2024-07-11,Morelos,3
2024-07-12,Morelos,1
2024-07-13,Morelos,1
2024-07-14,Morelos,0
2024-07-15,Morelos,2
2024-07-16,Morelos,2
2024-07-17,Morelos,2
2024-07-18,Morelos,1
2024-07-19,Morelos,2
2024-07-20,Morelos,2
2024-07-21,Morelos,0
2024-07-22,Morelos,2
2024-07-23,Morelos,4
2024-07-24,Morelos,2
2024-07-25,Morelos,2
2024-07-26,Morelos,1
2024-07-27,Morelos,1
2024-07-28,Morelos,2
2024-07-29,Morelos,4
2024-07-30,Morelos,2
2024-07-31,Morelos,4
2024-08-01,Morelos,1
2024-08-02,Morelos,2
2024-08-03,Morelos,1
2024-08-04,Morelos,2
2024-08-05,Morelos,3
2024-08-06,Morelos,0
2024-08-07,Morelos,2
2024-08-08,Morelos,2
2024-08-09,Morelos,2
2024-08-10,Morelos,1
2024-08-11,Morelos,0
2024-08-12,Morelos,6
2024-08-13,Morelos,2
2024-08-14,Morelos,2
2024-08-15,Morelos,3
2024-08-16,Morelos,1
2024-08-17,Morelos,2
2024-08-18,Morelos,0
2024-08-19,Morelos,3
2024-08-20,Morelos,2
2024-08-21,Morelos,1
2024-08-22,Morelos,2
2024-08-23,Morelos,4
2024-08-24,Morelos,0
2024-08-25,Morelos,1
2024-08-26,Morelos,5
2024-08-27,Morelos,3
2024-08-28,Morelos,4
2024-08-29,Morelos,2
2024-08-30,Morelos,6
2024-08-31,Morelos,1
2024-09-01,Morelos,1
2024-09-02,Morelos,2
2024-09-03,Morelos,3
2024-09-04,Morelos,5
2024-09-05,Morelos,2
2024-09-06,Morelos,5
2024-09-07,Morelos,0
2024-09-08,Morelos,0
2024-09-09,Morelos,1
2024-09-10,Morelos,1
2024-09-11,Morelos,2
2024-09-12,Morelos,4
2024-09-13,Morelos,2
2024-09-14,Morelos,1
2024-09-15,Morelos,0
2024-09-16,Morelos,0
2024-09-17,Morelos,3
2024-09-18,Morelos,2
2024-09-19,Morelos,1
2024-09-20,Morelos,4
2024-09-21,Morelos,2
2024-09-22,Morelos,0
2024-09-23,Morelos,2
2024-09-24,Morelos,4
2024-09-25,Morelos,1
2024-09-26,Morelos,3
2024-09-27,Morelos,4
2024-09-28,Morelos,0
2024-09-29,Morelos,1
2024-09-30,Morelos,6
2024-10-01,Morelos,17
2024-10-02,Morelos,2
2024-10-03,Morelos,0
2024-10-04,Morelos,0
2024-10-05,Morelos,0
2024-10-06,Morelos,0
2024-10-07,Morelos,0
2024-10-08,Morelos,0
2024-10-09,Morelos,1
2024-10-10,Morelos,1
2024-10-11,Morelos,1
2024-10-12,Morelos,0
2024-10-13,Morelos,0
2024-10-14,Morelos,0
2024-10-15,Morelos,1
2024-10-16,Morelos,0
2024-10-17,Morelos,0
2024-10-18,Morelos,0
2024-10-19,Morelos,0
2024-10-20,Morelos,0
2024-10-21,Morelos,3
2024-10-22,Morelos,1
2024-10-23,Morelos,1
2024-10-24,Morelos,2
2024-10-25,Morelos,2
2024-10-26,Morelos,0
2024-10-27,Morelos,1
2024-10-28,Morelos,2
2024-10-29,Morelos,2
2024-10-30,Morelos,3
2024-10-31,Morelos,0
2024-11-01,Morelos,0
2024-11-02,Morelos,0
2024-11-03,Morelos,0
2024-11-04,Morelos,0
2024-11-05,Morelos,2
2024-11-06,Morelos,2
2024-11-07,Morelos,1
2024-11-08,Morelos,1
2024-11-09,Morelos,0
2024-11-10,Morelos,0
2024-11-11,Morelos,2
2024-11-12,Morelos,1
2024-11-13,Morelos,0
2024-11-14,Morelos,1
2024-11-15,Morelos,2
2024-11-16,Morelos,1
2024-11-17,Morelos,0
2024-11-18,Morelos,0
2024-11-19,Morelos,3
2024-11-20,Morelos,2
2024-11-21,Morelos,0
2024-11-22,Morelos,0
2024-11-23,Morelos,0
2024-11-24,Morelos,2
2024-11-25,Morelos,1
2024-11-26,Morelos,1
2024-11-27,Morelos,3
2024-11-28,Morelos,3
2024-11-29,Morelos,3
2024-11-30,Morelos,1
2024-12-01,Morelos,1
2024-12-02,Morelos,1
2024-12-03,Morelos,0
2024-12-04,Morelos,1
2024-12-05,Morelos,3
2024-12-06,Morelos,1
2024-12-07,Morelos,0
2024-12-08,Morelos,0
2024-12-09,Morelos,1
2024-12-10,Morelos,0
2024-12-11,Morelos,4
2024-12-12,Morelos,1
2024-12-13,Morelos,2
2024-12-14,Morelos,0
2024-12-15,Morelos,0
2024-12-16,Morelos,3
2024-12-17,Morelos,4
2024-12-18,Morelos,4
2024-12-19,Morelos,3
2024-12-20,Morelos,2
2024-12-21,Morelos,1
2024-12-22,Morelos,0
2024-12-23,Morelos,2
2024-12-24,Morelos,0
2024-12-25,Morelos,0
2024-12-26,Morelos,2
2024-12-27,Morelos,0
2024-12-28,Morelos,0
2024-12-29,Morelos,1
2024-12-30,Morelos,1
2024-12-31,Morelos,0
2025-01-01,Morelos,0
2025-01-02,Morelos,2
2025-01-03,Morelos,1
2025-01-04,Morelos,0
2025-01-05,Morelos,0
2025-01-06,Morelos,3
2025-01-07,Morelos,1
2025-01-08,Morelos,3
2025-01-09,Morelos,0
2025-01-10,Morelos,4
2025-01-11,Morelos,1
2025-01-12,Morelos,1
2025-01-13,Morelos,0
2025-01-14,Morelos,1
2025-01-15,Morelos,2
2025-01-16,Morelos,0
2025-01-17,Morelos,2
2025-01-18,Morelos,1
2025-01-19,Morelos,0
2025-01-20,Morelos,1
2025-01-21,Morelos,1
2025-01-22,Morelos,0
2025-01-23,Morelos,0
2024-07-01,Nayarit,3
2024-07-02,Nayarit,1
2024-07-03,Nayarit,0
2024-07-04,Nayarit,0
2024-07-05,Nayarit,0
2024-07-06,Nayarit,1
2024-07-07,Nayarit,0
2024-07-08,Nayarit,0
2024-07-09,Nayarit,1
2024-07-10,Nayarit,1
2024-07-11,Nayarit,0
2024-07-12,Nayarit,1
2024-07-13,Nayarit,0
2024-07-14,Nayarit,0
2024-07-15,Nayarit,0
2024-07-16,Nayarit,0
2024-07-17,Nayarit,1
2024-07-18,Nayarit,0
2024-07-19,Nayarit,0
2024-07-20,Nayarit,1
2024-07-21,Nayarit,0
2024-07-22,Nayarit,1
2024-07-23,Nayarit,0
2024-07-24,Nayarit,0
2024-07-25,Nayarit,2
2024-07-26,Nayarit,3
2024-07-27,Nayarit,0
2024-07-28,Nayarit,0
2024-07-29,Nayarit,0
2024-07-30,Nayarit,0
2024-07-31,Nayarit,3
2024-08-01,Nayarit,2
2024-08-02,Nayarit,2
2024-08-03,Nayarit,0
2024-08-04,Nayarit,0
2024-08-05,Nayarit,1
2024-08-06,Nayarit,2
2024-08-07,Nayarit,1
2024-08-08,Nayarit,1
2024-08-09,Nayarit,0
2024-08-10,Nayarit,0
2024-08-11,Nayarit,0
2024-08-12,Nayarit,1
2024-08-13,Nayarit,1
2024-08-14,Nayarit,0
2024-08-15,Nayarit,2
2024-08-16,Nayarit,2
2024-08-17,Nayarit,1
2024-08-18,Nayarit,0
2024-08-19,Nayarit,2
2024-08-20,Nayarit,0
2024-08-21,Nayarit,2
2024-08-22,Nayarit,2
2024-08-23,Nayarit,1
2024-08-24,Nayarit,0
2024-08-25,Nayarit,0
2024-08-26,Nayarit,1
2024-08-27,Nayarit,0
2024-08-28,Nayarit,4
2024-08-29,Nayarit,0
2024-08-30,Nayarit,5
2024-08-31,Nayarit,0
2024-09-01,Nayarit,0
2024-09-02,Nayarit,1
2024-09-03,Nayarit,0
2024-09-04,Nayarit,0
2024-09-05,Nayarit,1
2024-09-06,Nayarit,1
2024-09-07,Nayarit,0
2024-09-08,Nayarit,0
2024-09-09,Nayarit,0
2024-09-10,Nayarit,1
2024-09-11,Nayarit,1
2024-09-12,Nayarit,4
2024-09-13,Nayarit,0
2024-09-14,Nayarit,1
2024-09-15,Nayarit,0
2024-09-16,Nayarit,0
2024-09-17,Nayarit,4
2024-09-18,Nayarit,1
2024-09-19,Nayarit,0
2024-09-20,Nayarit,0
2024-09-21,Nayarit,0
2024-09-22,Nayarit,0
2024-09-23,Nayarit,3
2024-09-24,Nayarit,0
2024-09-25,Nayarit,1
2024-09-26,Nayarit,1
2024-09-27,Nayarit,1
2024-09-28,Nayarit,0
2024-09-29,Nayarit,0
2024-09-30,Nayarit,3
2024-10-01,Nayarit,6
2024-10-02,Nayarit,0
2024-10-03,Nayarit,0
2024-10-04,Nayarit,0
2024-10-05,Nayarit,0
2024-10-06,Nayarit,0
2024-10-07,Nayarit,0
2024-10-08,Nayarit,0
2024-10-09,Nayarit,1
2024-10-10,Nayarit,0
2024-10-11,Nayarit,0
2024-10-12,Nayarit,0
2024-10-13,Nayarit,0
2024-10-14,Nayarit,0
2024-10-15,Nayarit,0
2024-10-16,Nayarit,0
2024-10-17,Nayarit,0
2024-10-18,Nayarit,0
2024-10-19,Nayarit,0
2024-10-20,Nayarit,0
2024-10-21,Nayarit,0
2024-10-22,Nayarit,0
2024-10-23,Nayarit,1
2024-10-24,Nayarit,1
2024-10-25,Nayarit,0
2024-10-26,Nayarit,0
2024-10-27,Nayarit,0
2024-10-28,Nayarit,1
2024-10-29,Nayarit,0
2024-10-30,Nayarit,1
2024-10-31,Nayarit,0
2024-11-01,Nayarit,0
2024-11-02,Nayarit,0
2024-11-03,Nayarit,0
2024-11-04,Nayarit,1
2024-11-05,Nayarit,1
2024-11-06,Nayarit,0
2024-11-07,Nayarit,0
2024-11-08,Nayarit,0
2024-11-09,Nayarit,0
2024-11-10,Nayarit,0
2024-11-11,Nayarit,1
2024-11-12,Nayarit,1
2024-11-13,Nayarit,0
2024-11-14,Nayarit,0
2024-11-15,Nayarit,0
2024-11-16,Nayarit,0
2024-11-17,Nayarit,0
2024-11-18,Nayarit,1
2024-11-19,Nayarit,1
2024-11-20,Nayarit,0
2024-11-21,Nayarit,2
2024-11-22,Nayarit,0
2024-11-23,Nayarit,1
2024-11-24,Nayarit,0
2024-11-25,Nayarit,1
2024-11-26,Nayarit,0
2024-11-27,Nayarit,0
2024-11-28,Nayarit,0
2024-11-29,Nayarit,0
2024-11-30,Nayarit,0
2024-12-01,Nayarit,0
2024-12-02,Nayarit,2
2024-12-03,Nayarit,0
2024-12-04,Nayarit,0
2024-12-05,Nayarit,0
2024-12-06,Nayarit,0
2024-12-07,Nayarit,0
2024-12-08,Nayarit,0
2024-12-09,Nayarit,1
2024-12-10,Nayarit,0
2024-12-11,Nayarit,1
2024-12-12,Nayarit,0
2024-12-13,Nayarit,0
2024-12-14,Nayarit,0
2024-12-15,Nayarit,0
2024-12-16,Nayarit,0
2024-12-17,Nayarit,0
2024-12-18,Nayarit,0
2024-12-19,Nayarit,1
2024-12-20,Nayarit,1
2024-12-21,Nayarit,0
2024-12-22,Nayarit,1
2024-12-23,Nayarit,0
2024-12-24,Nayarit,0
2024-12-25,Nayarit,0
2024-12-26,Nayarit,0
2024-12-27,Nayarit,0
2024-12-28,Nayarit,0
2024-12-29,Nayarit,0
2024-12-30,Nayarit,2
2024-12-31,Nayarit,0
2025-01-01,Nayarit,0
2025-01-02,Nayarit,0
2025-01-03,Nayarit,0
2025-01-04,Nayarit,0
2025-01-05,Nayarit,0
2025-01-06,Nayarit,0
2025-01-07,Nayarit,0
2025-01-08,Nayarit,2
2025-01-09,Nayarit,0
2025-01-10,Nayarit,0
2025-01-11,Nayarit,0
2025-01-12,Nayarit,0
2025-01-13,Nayarit,0
2025-01-14,Nayarit,0
2025-01-15,Nayarit,1
2025-01-16,Nayarit,0
2025-01-17,Nayarit,0
2025-01-18,Nayarit,0
2025-01-19,Nayarit,0
2025-01-20,Nayarit,0
2025-01-21,Nayarit,1
2025-01-22,Nayarit,0
2025-01-23,Nayarit,0
2024-07-01,Nuevo Leon,6
2024-07-02,Nuevo Leon,7
2024-07-03,Nuevo Leon,3
2024-07-04,Nuevo Leon,7
2024-07-05,Nuevo Leon,6
2024-07-06,Nuevo Leon,1
2024-07-07,Nuevo Leon,3
2024-07-08,Nuevo Leon,10
2024-07-09,Nuevo Leon,4
2024-07-10,Nuevo Leon,11
2024-07-11,Nuevo Leon,8
2024-07-12,Nuevo Leon,14
2024-07-13,Nuevo Leon,4
2024-07-14,Nuevo Leon,0
2024-07-15,Nuevo Leon,14
2024-07-16,Nuevo Leon,16
2024-07-17,Nuevo Leon,9
2024-07-18,Nuevo Leon,3
2024-07-19,Nuevo Leon,9
2024-07-20,Nuevo Leon,1
2024-07-21,Nuevo Leon,1
2024-07-22,Nuevo Leon,4
2024-07-23,Nuevo Leon,1
2024-07-24,Nuevo Leon,5
2024-07-25,Nuevo Leon,7
2024-07-26,Nuevo Leon,7
2024-07-27,Nuevo Leon,2
2024-07-28,Nuevo Leon,0
2024-07-29,Nuevo Leon,9
2024-07-30,Nuevo Leon,5
2024-07-31,Nuevo Leon,10
2024-08-01,Nuevo Leon,14
2024-08-02,Nuevo Leon,6
2024-08-03,Nuevo Leon,1
2024-08-04,Nuevo Leon,0
2024-08-05,Nuevo Leon,8
2024-08-06,Nuevo Leon,7
2024-08-07,Nuevo Leon,0
2024-08-08,Nuevo Leon,4
2024-08-09,Nuevo Leon,10
2024-08-10,Nuevo Leon,3
2024-08-11,Nuevo Leon,3
2024-08-12,Nuevo Leon,11
2024-08-13,Nuevo Leon,8
2024-08-14,Nuevo Leon,13
2024-08-15,Nuevo Leon,11
2024-08-16,Nuevo Leon,9
2024-08-17,Nuevo Leon,6
2024-08-18,Nuevo Leon,2
2024-08-19,Nuevo Leon,11
2024-08-20,Nuevo Leon,9
2024-08-21,Nuevo Leon,11
2024-08-22,Nuevo Leon,8
2024-08-23,Nuevo Leon,15
2024-08-24,Nuevo Leon,2
2024-08-25,Nuevo Leon,3
2024-08-26,Nuevo Leon,15
2024-08-27,Nuevo Leon,5
2024-08-28,Nuevo Leon,9
2024-08-29,Nuevo Leon,10
2024-08-30,Nuevo Leon,5
2024-08-31,Nuevo Leon,8
2024-09-01,Nuevo Leon,4
2024-09-02,Nuevo Leon,16
2024-09-03,Nuevo Leon,8
2024-09-04,Nuevo Leon,7
2024-09-05,Nuevo Leon,2
2024-09-06,Nuevo Leon,7
2024-09-07,Nuevo Leon,4
2024-09-08,Nuevo Leon,0
2024-09-09,Nuevo Leon,8
2024-09-10,Nuevo Leon,4
2024-09-11,Nuevo Leon,5
2024-09-12,Nuevo Leon,12
2024-09-13,Nuevo Leon,16
2024-09-14,Nuevo Leon,1
2024-09-15,Nuevo Leon,2
2024-09-16,Nuevo Leon,0
2024-09-17,Nuevo Leon,4
2024-09-18,Nuevo Leon,4
2024-09-19,Nuevo Leon,2
2024-09-20,Nuevo Leon,7
2024-09-21,Nuevo Leon,3
2024-09-22,Nuevo Leon,2
2024-09-23,Nuevo Leon,10
2024-09-24,Nuevo Leon,4
2024-09-25,Nuevo Leon,6
2024-09-26,Nuevo Leon,3
2024-09-27,Nuevo Leon,6
2024-09-28,Nuevo Leon,4
2024-09-29,Nuevo Leon,2
2024-09-30,Nuevo Leon,12
2024-10-01,Nuevo Leon,55
2024-10-02,Nuevo Leon,1
2024-10-03,Nuevo Leon,0
2024-10-04,Nuevo Leon,0
2024-10-05,Nuevo Leon,0
2024-10-06,Nuevo Leon,0
2024-10-07,Nuevo Leon,0
2024-10-08,Nuevo Leon,1
2024-10-09,Nuevo Leon,0
2024-10-10,Nuevo Leon,2
2024-10-11,Nuevo Leon,0
2024-10-12,Nuevo Leon,2
2024-10-13,Nuevo Leon,0
2024-10-14,Nuevo Leon,2
2024-10-15,Nuevo Leon,2
2024-10-16,Nuevo Leon,0
2024-10-17,Nuevo Leon,2
2024-10-18,Nuevo Leon,1
2024-10-19,Nuevo Leon,3
2024-10-20,Nuevo Leon,0
2024-10-21,Nuevo Leon,5
2024-10-22,Nuevo Leon,4
2024-10-23,Nuevo Leon,1
2024-10-24,Nuevo Leon,4
2024-10-25,Nuevo Leon,1
2024-10-26,Nuevo Leon,3
2024-10-27,Nuevo Leon,0
2024-10-28,Nuevo Leon,10
2024-10-29,Nuevo Leon,3
2024-10-30,Nuevo Leon,5
2024-10-31,Nuevo Leon,10
2024-11-01,Nuevo Leon,6
2024-11-02,Nuevo Leon,3
2024-11-03,Nuevo Leon,0
2024-11-04,Nuevo Leon,8
2024-11-05,Nuevo Leon,6
2024-11-06,Nuevo Leon,2
2024-11-07,Nuevo Leon,5
2024-11-08,Nuevo Leon,2
2024-11-09,Nuevo Leon,1
2024-11-10,Nuevo Leon,4
2024-11-11,Nuevo Leon,7
2024-11-12,Nuevo Leon,5
2024-11-13,Nuevo Leon,3
2024-11-14,Nuevo Leon,5
2024-11-15,Nuevo Leon,7
2024-11-16,Nuevo Leon,3
2024-11-17,Nuevo Leon,2
2024-11-18,Nuevo Leon,3
2024-11-19,Nuevo Leon,8
2024-11-20,Nuevo Leon,7
2024-11-21,Nuevo Leon,5
2024-11-22,Nuevo Leon,5
2024-11-23,Nuevo Leon,2
2024-11-24,Nuevo Leon,3
2024-11-25,Nuevo Leon,2
2024-11-26,Nuevo Leon,6
2024-11-27,Nuevo Leon,2
2024-11-28,Nuevo Leon,6
2024-11-29,Nuevo Leon,7
2024-11-30,Nuevo Leon,3
2024-12-01,Nuevo Leon,2
2024-12-02,Nuevo Leon,4
2024-12-03,Nuevo Leon,3
2024-12-04,Nuevo Leon,4
2024-12-05,Nuevo Leon,4
2024-12-06,Nuevo Leon,2
2024-12-07,Nuevo Leon,0
2024-12-08,Nuevo Leon,0
2024-12-09,Nuevo Leon,1
2024-12-10,Nuevo Leon,4
2024-12-11,Nuevo Leon,4
2024-12-12,Nuevo Leon,5
2024-12-13,Nuevo Leon,8
2024-12-14,Nuevo Leon,2
2024-12-15,Nuevo Leon,3
2024-12-16,Nuevo Leon,5
2024-12-17,Nuevo Leon,1
2024-12-18,Nuevo Leon,5
2024-12-19,Nuevo Leon,4
2024-12-20,Nuevo Leon,4
2024-12-21,Nuevo Leon,4
2024-12-22,Nuevo Leon,2
2024-12-23,Nuevo Leon,2
2024-12-24,Nuevo Leon,3
2024-12-25,Nuevo Leon,0
2024-12-26,Nuevo Leon,6
2024-12-27,Nuevo Leon,5
2024-12-28,Nuevo Leon,0
2024-12-29,Nuevo Leon,0
2024-12-30,Nuevo Leon,4
2024-12-31,Nuevo Leon,5
2025-01-01,Nuevo Leon,0
2025-01-02,Nuevo Leon,9
2025-01-03,Nuevo Leon,9
2025-01-04,Nuevo Leon,2
2025-01-05,Nuevo Leon,0
2025-01-06,Nuevo Leon,7
2025-01-07,Nuevo Leon,3
2025-01-08,Nuevo Leon,4
2025-01-09,Nuevo Leon,2
2025-01-10,Nuevo Leon,5
2025-01-11,Nuevo Leon,1
2025-01-12,Nuevo Leon,3
2025-01-13,Nuevo Leon,5
2025-01-14,Nuevo Leon,8
2025-01-15,Nuevo Leon,2
2025-01-16,Nuevo Leon,3
2025-01-17,Nuevo Leon,1
2025-01-18,Nuevo Leon,0
2025-01-19,Nuevo Leon,5
2025-01-20,Nuevo Leon,2
2025-01-21,Nuevo Leon,0
2025-01-22,Nuevo Leon,0
2025-01-23,Nuevo Leon,1
2024-07-01,Oaxaca,2
2024-07-02,Oaxaca,6
2024-07-03,Oaxaca,2
2024-07-04,Oaxaca,3
2024-07-05,Oaxaca,2
2024-07-06,Oaxaca,2
2024-07-07,Oaxaca,1
2024-07-08,Oaxaca,3
2024-07-09,Oaxaca,1
2024-07-10,Oaxaca,3
2024-07-11,Oaxaca,0
2024-07-12,Oaxaca,1
2024-07-13,Oaxaca,3
2024-07-14,Oaxaca,0
2024-07-15,Oaxaca,8
2024-07-16,Oaxaca,5
2024-07-17,Oaxaca,3
2024-07-18,Oaxaca,5
2024-07-19,Oaxaca,0
2024-07-20,Oaxaca,0
2024-07-21,Oaxaca,2
2024-07-22,Oaxaca,7
2024-07-23,Oaxaca,4
2024-07-24,Oaxaca,3
2024-07-25,Oaxaca,1
2024-07-26,Oaxaca,2
2024-07-27,Oaxaca,1
2024-07-28,Oaxaca,0
2024-07-29,Oaxaca,6
2024-07-30,Oaxaca,5
2024-07-31,Oaxaca,6
2024-08-01,Oaxaca,4
2024-08-02,Oaxaca,9
2024-08-03,Oaxaca,0
2024-08-04,Oaxaca,0
2024-08-05,Oaxaca,1
2024-08-06,Oaxaca,4
2024-08-07,Oaxaca,3
2024-08-08,Oaxaca,3
2024-08-09,Oaxaca,7
2024-08-10,Oaxaca,2
2024-08-11,Oaxaca,1
2024-08-12,Oaxaca,10
2024-08-13,Oaxaca,6
2024-08-14,Oaxaca,5
2024-08-15,Oaxaca,7
2024-08-16,Oaxaca,4
2024-08-17,Oaxaca,1
2024-08-18,Oaxaca,0
2024-08-19,Oaxaca,8
2024-08-20,Oaxaca,3
2024-08-21,Oaxaca,3
2024-08-22,Oaxaca,0
2024-08-23,Oaxaca,4
2024-08-24,Oaxaca,4
2024-08-25,Oaxaca,0
2024-08-26,Oaxaca,8
2024-08-27,Oaxaca,3
2024-08-28,Oaxaca,5
2024-08-29,Oaxaca,4
2024-08-30,Oaxaca,12
2024-08-31,Oaxaca,4
2024-09-01,Oaxaca,0
2024-09-02,Oaxaca,8
2024-09-03,Oaxaca,1
2024-09-04,Oaxaca,8
2024-09-05,Oaxaca,6
2024-09-06,Oaxaca,5
2024-09-07,Oaxaca,1
2024-09-08,Oaxaca,0
2024-09-09,Oaxaca,5
2024-09-10,Oaxaca,3
2024-09-11,Oaxaca,2
2024-09-12,Oaxaca,1
2024-09-13,Oaxaca,7
2024-09-14,Oaxaca,0
2024-09-15,Oaxaca,1
2024-09-16,Oaxaca,1
2024-09-17,Oaxaca,13
2024-09-18,Oaxaca,1
2024-09-19,Oaxaca,5
2024-09-20,Oaxaca,2
2024-09-21,Oaxaca,0
2024-09-22,Oaxaca,3
2024-09-23,Oaxaca,7
2024-09-24,Oaxaca,3
2024-09-25,Oaxaca,4
2024-09-26,Oaxaca,3
2024-09-27,Oaxaca,2
2024-09-28,Oaxaca,1
2024-09-29,Oaxaca,3
2024-09-30,Oaxaca,6
2024-10-01,Oaxaca,20
2024-10-02,Oaxaca,0
2024-10-03,Oaxaca,2
2024-10-04,Oaxaca,0
2024-10-05,Oaxaca,0
2024-10-06,Oaxaca,0
2024-10-07,Oaxaca,0
2024-10-08,Oaxaca,0
2024-10-09,Oaxaca,1
2024-10-10,Oaxaca,1
2024-10-11,Oaxaca,2
2024-10-12,Oaxaca,0
2024-10-13,Oaxaca,0
2024-10-14,Oaxaca,0
2024-10-15,Oaxaca,0
2024-10-16,Oaxaca,2
2024-10-17,Oaxaca,2
2024-10-18,Oaxaca,1
2024-10-19,Oaxaca,0
2024-10-20,Oaxaca,0
2024-10-21,Oaxaca,2
2024-10-22,Oaxaca,5
2024-10-23,Oaxaca,2
2024-10-24,Oaxaca,2
2024-10-25,Oaxaca,2
2024-10-26,Oaxaca,0
2024-10-27,Oaxaca,0
2024-10-28,Oaxaca,2
2024-10-29,Oaxaca,2
2024-10-30,Oaxaca,1
2024-10-31,Oaxaca,3
2024-11-01,Oaxaca,3
2024-11-02,Oaxaca,1
2024-11-03,Oaxaca,1
2024-11-04,Oaxaca,0
2024-11-05,Oaxaca,1
2024-11-06,Oaxaca,1
2024-11-07,Oaxaca,1
2024-11-08,Oaxaca,3
2024-11-09,Oaxaca,1
2024-11-10,Oaxaca,0
2024-11-11,Oaxaca,2
2024-11-12,Oaxaca,2
2024-11-13,Oaxaca,1
2024-11-14,Oaxaca,3
2024-11-15,Oaxaca,4
2024-11-16,Oaxaca,1
2024-11-17,Oaxaca,1
2024-11-18,Oaxaca,0
2024-11-19,Oaxaca,3
2024-11-20,Oaxaca,1
2024-11-21,Oaxaca,5
2024-11-22,Oaxaca,2
2024-11-23,Oaxaca,1
2024-11-24,Oaxaca,1
2024-11-25,Oaxaca,6
2024-11-26,Oaxaca,1
2024-11-27,Oaxaca,1
2024-11-28,Oaxaca,1
2024-11-29,Oaxaca,2
2024-11-30,Oaxaca,1
2024-12-01,Oaxaca,0
2024-12-02,Oaxaca,2
2024-12-03,Oaxaca,1
2024-12-04,Oaxaca,3
2024-12-05,Oaxaca,0
2024-12-06,Oaxaca,0
2024-12-07,Oaxaca,0
2024-12-08,Oaxaca,0
2024-12-09,Oaxaca,2
2024-12-10,Oaxaca,3
2024-12-11,Oaxaca,0
2024-12-12,Oaxaca,0
2024-12-13,Oaxaca,3
2024-12-14,Oaxaca,1
2024-12-15,Oaxaca,0
2024-12-16,Oaxaca,0
2024-12-17,Oaxaca,3
2024-12-18,Oaxaca,0
2024-12-19,Oaxaca,1
2024-12-20,Oaxaca,3
2024-12-21,Oaxaca,0
2024-12-22,Oaxaca,1
2024-12-23,Oaxaca,3
2024-12-24,Oaxaca,1
2024-12-25,Oaxaca,1
2024-12-26,Oaxaca,1
2024-12-27,Oaxaca,0
2024-12-28,Oaxaca,1
2024-12-29,Oaxaca,0
2024-12-30,Oaxaca,3
2024-12-31,Oaxaca,2
2025-01-01,Oaxaca,0
2025-01-02,Oaxaca,1
2025-01-03,Oaxaca,2
2025-01-04,Oaxaca,0
2025-01-05,Oaxaca,0
2025-01-06,Oaxaca,4
2025-01-07,Oaxaca,1
2025-01-08,Oaxaca,1
2025-01-09,Oaxaca,2
2025-01-10,Oaxaca,2
2025-01-11,Oaxaca,0
2025-01-12,Oaxaca,0
2025-01-13,Oaxaca,3
2025-01-14,Oaxaca,1
2025-01-15,Oaxaca,0
2025-01-16,Oaxaca,1
2025-01-17,Oaxaca,1
2025-01-18,Oaxaca,0
2025-01-19,Oaxaca,1
2025-01-20,Oaxaca,0
2025-01-21,Oaxaca,0
2025-01-22,Oaxaca,0
2025-01-23,Oaxaca,1
2024-07-01,Puebla,10
2024-07-02,Puebla,4
2024-07-03,Puebla,2
2024-07-04,Puebla,9
2024-07-05,Puebla,6
2024-07-06,Puebla,2
2024-07-07,Puebla,0
2024-07-08,Puebla,3
2024-07-09,Puebla,4
2024-07-10,Puebla,0
2024-07-11,Puebla,3
2024-07-12,Puebla,6
2024-07-13,Puebla,1
2024-07-14,Puebla,2
2024-07-15,Puebla,11
2024-07-16,Puebla,8
2024-07-17,Puebla,5
2024-07-18,Puebla,10
2024-07-19,Puebla,5
2024-07-20,Puebla,3
2024-07-21,Puebla,0
2024-07-22,Puebla,7
2024-07-23,Puebla,3
2024-07-24,Puebla,6
2024-07-25,Puebla,3
2024-07-26,Puebla,5
2024-07-27,Puebla,6
2024-07-28,Puebla,0
2024-07-29,Puebla,9
2024-07-30,Puebla,7
2024-07-31,Puebla,9
2024-08-01,Puebla,2
2024-08-02,Puebla,1
2024-08-03,Puebla,1
2024-08-04,Puebla,1
2024-08-05,Puebla,7
2024-08-06,Puebla,2
2024-08-07,Puebla,8
2024-08-08,Puebla,10
2024-08-09,Puebla,11
2024-08-10,Puebla,2
2024-08-11,Puebla,3
2024-08-12,Puebla,9
2024-08-13,Puebla,4
2024-08-14,Puebla,10
2024-08-15,Puebla,9
2024-08-16,Puebla,10
2024-08-17,Puebla,1
2024-08-18,Puebla,0
2024-08-19,Puebla,11
2024-08-20,Puebla,7
2024-08-21,Puebla,1
2024-08-22,Puebla,6
2024-08-23,Puebla,3
2024-08-24,Puebla,3
2024-08-25,Puebla,3
2024-08-26,Puebla,13
2024-08-27,Puebla,6
2024-08-28,Puebla,3
2024-08-29,Puebla,5
2024-08-30,Puebla,7
2024-08-31,Puebla,3
2024-09-01,Puebla,2
2024-09-02,Puebla,10
2024-09-03,Puebla,7
2024-09-04,Puebla,1
2024-09-05,Puebla,2
2024-09-06,Puebla,7
2024-09-07,Puebla,4
2024-09-08,Puebla,3
2024-09-09,Puebla,8
2024-09-10,Puebla,6
2024-09-11,Puebla,5
2024-09-12,Puebla,3
2024-09-13,Puebla,7
2024-09-14,Puebla,4
2024-09-15,Puebla,4
2024-09-16,Puebla,0
2024-09-17,Puebla,6
2024-09-18,Puebla,4
2024-09-19,Puebla,4
2024-09-20,Puebla,6
2024-09-21,Puebla,3
2024-09-22,Puebla,0
2024-09-23,Puebla,7
2024-09-24,Puebla,1
2024-09-25,Puebla,3
2024-09-26,Puebla,2
2024-09-27,Puebla,5
2024-09-28,Puebla,1
2024-09-29,Puebla,3
2024-09-30,Puebla,15
2024-10-01,Puebla,42
2024-10-02,Puebla,1
2024-10-03,Puebla,2
2024-10-04,Puebla,2
2024-10-05,Puebla,0
2024-10-06,Puebla,0
2024-10-07,Puebla,2
2024-10-08,Puebla,1
2024-10-09,Puebla,1
2024-10-10,Puebla,1
2024-10-11,Puebla,3
2024-10-12,Puebla,0
2024-10-13,Puebla,2
2024-10-14,Puebla,1
2024-10-15,Puebla,6
2024-10-16,Puebla,2
2024-10-17,Puebla,2
2024-10-18,Puebla,1
2024-10-19,Puebla,2
2024-10-20,Puebla,0
2024-10-21,Puebla,2
2024-10-22,Puebla,4
2024-10-23,Puebla,5
2024-10-24,Puebla,3
2024-10-25,Puebla,3
2024-10-26,Puebla,3
2024-10-27,Puebla,2
2024-10-28,Puebla,2
2024-10-29,Puebla,6
2024-10-30,Puebla,1
2024-10-31,Puebla,7
2024-11-01,Puebla,1
2024-11-02,Puebla,0
2024-11-03,Puebla,0
2024-11-04,Puebla,1
2024-11-05,Puebla,1
2024-11-06,Puebla,1
2024-11-07,Puebla,3
2024-11-08,Puebla,4
2024-11-09,Puebla,0
2024-11-10,Puebla,1
2024-11-11,Puebla,6
2024-11-12,Puebla,3
2024-11-13,Puebla,2
2024-11-14,Puebla,5
2024-11-15,Puebla,10
2024-11-16,Puebla,4
2024-11-17,Puebla,2
2024-11-18,Puebla,1
2024-11-19,Puebla,3
2024-11-20,Puebla,5
2024-11-21,Puebla,1
2024-11-22,Puebla,2
2024-11-23,Puebla,4
2024-11-24,Puebla,0
2024-11-25,Puebla,2
2024-11-26,Puebla,1
2024-11-27,Puebla,4
2024-11-28,Puebla,1
2024-11-29,Puebla,4
2024-11-30,Puebla,2
2024-12-01,Puebla,0
2024-12-02,Puebla,2
2024-12-03,Puebla,1
2024-12-04,Puebla,0
2024-12-05,Puebla,4
2024-12-06,Puebla,2
2024-12-07,Puebla,0
2024-12-08,Puebla,0
2024-12-09,Puebla,6
2024-12-10,Puebla,2
2024-12-11,Puebla,2
2024-12-12,Puebla,1
2024-12-13,Puebla,9
2024-12-14,Puebla,1
2024-12-15,Puebla,1
2024-12-16,Puebla,6
2024-12-17,Puebla,3
2024-12-18,Puebla,3
2024-12-19,Puebla,5
2024-12-20,Puebla,4
2024-12-21,Puebla,1
2024-12-22,Puebla,1
2024-12-23,Puebla,10
2024-12-24,Puebla,3
2024-12-25,Puebla,1
2024-12-26,Puebla,2
2024-12-27,Puebla,3
2024-12-28,Puebla,2
2024-12-29,Puebla,4
2024-12-30,Puebla,8
2024-12-31,Puebla,2
2025-01-01,Puebla,0
2025-01-02,Puebla,5
2025-01-03,Puebla,4
2025-01-04,Puebla,0
2025-01-05,Puebla,0
2025-01-06,Puebla,1
2025-01-07,Puebla,5
2025-01-08,Puebla,4
2025-01-09,Puebla,3
2025-01-10,Puebla,5
2025-01-11,Puebla,3
2025-01-12,Puebla,2
2025-01-13,Puebla,4
2025-01-14,Puebla,3
2025-01-15,Puebla,4
2025-01-16,Puebla,7
2025-01-17,Puebla,4
2025-01-18,Puebla,0
2025-01-19,Puebla,1
2025-01-20,Puebla,0
2025-01-21,Puebla,2
2025-01-22,Puebla,5
2025-01-23,Puebla,0
2024-07-01,Queretaro,9
2024-07-02,Queretaro,2
2024-07-03,Queretaro,3
2024-07-04,Queretaro,3
2024-07-05,Queretaro,3
2024-07-06,Queretaro,3
2024-07-07,Queretaro,1
2024-07-08,Queretaro,4
2024-07-09,Queretaro,1
2024-07-10,Queretaro,3
2024-07-11,Queretaro,6
2024-07-12,Queretaro,4
2024-07-13,Queretaro,1
2024-07-14,Queretaro,0
2024-07-15,Queretaro,7
2024-07-16,Queretaro,8
2024-07-17,Queretaro,6
2024-07-18,Queretaro,2
2024-07-19,Queretaro,7
2024-07-20,Queretaro,1
2024-07-21,Queretaro,0
2024-07-22,Queretaro,7
2024-07-23,Queretaro,2
2024-07-24,Queretaro,2
2024-07-25,Queretaro,6
2024-07-26,Queretaro,2
2024-07-27,Queretaro,2
2024-07-28,Queretaro,1
2024-07-29,Queretaro,4
2024-07-30,Queretaro,5
2024-07-31,Queretaro,2
2024-08-01,Queretaro,5
2024-08-02,Queretaro,3
2024-08-03,Queretaro,1
2024-08-04,Queretaro,2
2024-08-05,Queretaro,7
2024-08-06,Queretaro,2
2024-08-07,Queretaro,2
2024-08-08,Queretaro,5
2024-08-09,Queretaro,7
2024-08-10,Queretaro,0
2024-08-11,Queretaro,0
2024-08-12,Queretaro,8
2024-08-13,Queretaro,2
2024-08-14,Queretaro,11
2024-08-15,Queretaro,7
2024-08-16,Queretaro,5
2024-08-17,Queretaro,1
2024-08-18,Queretaro,3
2024-08-19,Queretaro,5
2024-08-20,Queretaro,9
2024-08-21,Queretaro,2
2024-08-22,Queretaro,5
2024-08-23,Queretaro,7
2024-08-24,Queretaro,2
2024-08-25,Queretaro,0
2024-08-26,Queretaro,13
2024-08-27,Queretaro,3
2024-08-28,Queretaro,2
2024-08-29,Queretaro,5
2024-08-30,Queretaro,12
2024-08-31,Queretaro,3
2024-09-01,Queretaro,0
2024-09-02,Queretaro,5
2024-09-03,Queretaro,1
2024-09-04,Queretaro,5
2024-09-05,Queretaro,5
2024-09-06,Queretaro,8
2024-09-07,Queretaro,1
2024-09-08,Queretaro,0
2024-09-09,Queretaro,4
2024-09-10,Queretaro,3
2024-09-11,Queretaro,1
2024-09-12,Queretaro,7
2024-09-13,Queretaro,5
2024-09-14,Queretaro,1
2024-09-15,Queretaro,2
2024-09-16,Queretaro,0
2024-09-17,Queretaro,10
2024-09-18,Queretaro,2
2024-09-19,Queretaro,6
2024-09-20,Queretaro,3
2024-09-21,Queretaro,4
2024-09-22,Queretaro,0
2024-09-23,Queretaro,4
2024-09-24,Queretaro,6
2024-09-25,Queretaro,3
2024-09-26,Queretaro,3
2024-09-27,Queretaro,5
2024-09-28,Queretaro,3
2024-09-29,Queretaro,1
2024-09-30,Queretaro,11
2024-10-01,Queretaro,34
2024-10-02,Queretaro,0
2024-10-03,Queretaro,0
2024-10-04,Queretaro,1
2024-10-05,Queretaro,0
2024-10-06,Queretaro,0
2024-10-07,Queretaro,2
2024-10-08,Queretaro,2
2024-10-09,Queretaro,0
2024-10-10,Queretaro,2
2024-10-11,Queretaro,3
2024-10-12,Queretaro,1
2024-10-13,Queretaro,0
2024-10-14,Queretaro,2
2024-10-15,Queretaro,1
2024-10-16,Queretaro,1
2024-10-17,Queretaro,0
2024-10-18,Queretaro,0
2024-10-19,Queretaro,1
2024-10-20,Queretaro,0
2024-10-21,Queretaro,6
2024-10-22,Queretaro,2
2024-10-23,Queretaro,3
2024-10-24,Queretaro,4
2024-10-25,Queretaro,4
2024-10-26,Queretaro,2
2024-10-27,Queretaro,2
2024-10-28,Queretaro,5
2024-10-29,Queretaro,4
2024-10-30,Queretaro,4
2024-10-31,Queretaro,5
2024-11-01,Queretaro,1
2024-11-02,Queretaro,1
2024-11-03,Queretaro,0
2024-11-04,Queretaro,2
2024-11-05,Queretaro,4
2024-11-06,Queretaro,4
2024-11-07,Queretaro,3
2024-11-08,Queretaro,3
2024-11-09,Queretaro,0
2024-11-10,Queretaro,1
2024-11-11,Queretaro,1
2024-11-12,Queretaro,1
2024-11-13,Queretaro,2
2024-11-14,Queretaro,8
2024-11-15,Queretaro,4
2024-11-16,Queretaro,2
2024-11-17,Queretaro,0
2024-11-18,Queretaro,0
2024-11-19,Queretaro,3
2024-11-20,Queretaro,0
2024-11-21,Queretaro,2
2024-11-22,Queretaro,4
2024-11-23,Queretaro,1
2024-11-24,Queretaro,0
2024-11-25,Queretaro,0
2024-11-26,Queretaro,0
2024-11-27,Queretaro,1
2024-11-28,Queretaro,3
2024-11-29,Queretaro,2
2024-11-30,Queretaro,2
2024-12-01,Queretaro,1
2024-12-02,Queretaro,4
2024-12-03,Queretaro,5
2024-12-04,Queretaro,1
2024-12-05,Queretaro,2
2024-12-06,Queretaro,3
2024-12-07,Queretaro,0
2024-12-08,Queretaro,2
2024-12-09,Queretaro,7
2024-12-10,Queretaro,2
2024-12-11,Queretaro,5
2024-12-12,Queretaro,2
2024-12-13,Queretaro,5
2024-12-14,Queretaro,1
2024-12-15,Queretaro,2
2024-12-16,Queretaro,5
2024-12-17,Queretaro,2
2024-12-18,Queretaro,7
2024-12-19,Queretaro,1
2024-12-20,Queretaro,2
2024-12-21,Queretaro,0
2024-12-22,Queretaro,2
2024-12-23,Queretaro,7
2024-12-24,Queretaro,2
2024-12-25,Queretaro,0
2024-12-26,Queretaro,3
2024-12-27,Queretaro,6
2024-12-28,Queretaro,0
2024-12-29,Queretaro,0
2024-12-30,Queretaro,4
2024-12-31,Queretaro,1
2025-01-01,Queretaro,1
2025-01-02,Queretaro,5
2025-01-03,Queretaro,7
2025-01-04,Queretaro,0
2025-01-05,Queretaro,0
2025-01-06,Queretaro,0
2025-01-07,Queretaro,0
2025-01-08,Queretaro,4
2025-01-09,Queretaro,4
2025-01-10,Queretaro,12
2025-01-11,Queretaro,1
2025-01-12,Queretaro,2
2025-01-13,Queretaro,3
2025-01-14,Queretaro,7
2025-01-15,Queretaro,4
2025-01-16,Queretaro,3
2025-01-17,Queretaro,1
2025-01-18,Queretaro,0
2025-01-19,Queretaro,0
2025-01-20,Queretaro,1
2025-01-21,Queretaro,1
2025-01-22,Queretaro,2
2025-01-23,Queretaro,0
2024-07-01,Quintana Roo,7
2024-07-02,Quintana Roo,3
2024-07-03,Quintana Roo,3
2024-07-04,Quintana Roo,1
2024-07-05,Quintana Roo,0
2024-07-06,Quintana Roo,1
2024-07-07,Quintana Roo,1
2024-07-08,Quintana Roo,3
2024-07-09,Quintana Roo,6
2024-07-10,Quintana Roo,5
2024-07-11,Quintana Roo,2
2024-07-12,Quintana Roo,4
2024-07-13,Quintana Roo,3
2024-07-14,Quintana Roo,0
2024-07-15,Quintana Roo,5
2024-07-16,Quintana Roo,6
2024-07-17,Quintana Roo,1
2024-07-18,Quintana Roo,4
2024-07-19,Quintana Roo,2
2024-07-20,Quintana Roo,2
2024-07-21,Quintana Roo,0
2024-07-22,Quintana Roo,2
2024-07-23,Quintana Roo,1
2024-07-24,Quintana Roo,3
2024-07-25,Quintana Roo,4
2024-07-26,Quintana Roo,5
2024-07-27,Quintana Roo,0
2024-07-28,Quintana Roo,1
2024-07-29,Quintana Roo,1
2024-07-30,Quintana Roo,4
2024-07-31,Quintana Roo,5
2024-08-01,Quintana Roo,1
2024-08-02,Quintana Roo,6
2024-08-03,Quintana Roo,1
2024-08-04,Quintana Roo,0
2024-08-05,Quintana Roo,5
2024-08-06,Quintana Roo,2
2024-08-07,Quintana Roo,7
2024-08-08,Quintana Roo,2
2024-08-09,Quintana Roo,2
2024-08-10,Quintana Roo,3
2024-08-11,Quintana Roo,1
2024-08-12,Quintana Roo,6
2024-08-13,Quintana Roo,5
2024-08-14,Quintana Roo,5
2024-08-15,Quintana Roo,5
2024-08-16,Quintana Roo,1
2024-08-17,Quintana Roo,2
2024-08-18,Quintana Roo,2
2024-08-19,Quintana Roo,5
2024-08-20,Quintana Roo,0
2024-08-21,Quintana Roo,5
2024-08-22,Quintana Roo,3
2024-08-23,Quintana Roo,4
2024-08-24,Quintana Roo,0
2024-08-25,Quintana Roo,2
2024-08-26,Quintana Roo,4
2024-08-27,Quintana Roo,4
2024-08-28,Quintana Roo,5
2024-08-29,Quintana Roo,5
2024-08-30,Quintana Roo,6
2024-08-31,Quintana Roo,0
2024-09-01,Quintana Roo,2
2024-09-02,Quintana Roo,8
2024-09-03,Quintana Roo,3
2024-09-04,Quintana Roo,5
2024-09-05,Quintana Roo,1
2024-09-06,Quintana Roo,4
2024-09-07,Quintana Roo,7
2024-09-08,Quintana Roo,1
2024-09-09,Quintana Roo,3
2024-09-10,Quintana Roo,7
2024-09-11,Quintana Roo,3
2024-09-12,Quintana Roo,4
2024-09-13,Quintana Roo,2
2024-09-14,Quintana Roo,0
2024-09-15,Quintana Roo,2
2024-09-16,Quintana Roo,2
2024-09-17,Quintana Roo,7
2024-09-18,Quintana Roo,6
2024-09-19,Quintana Roo,5
2024-09-20,Quintana Roo,5
2024-09-21,Quintana Roo,1
2024-09-22,Quintana Roo,0
2024-09-23,Quintana Roo,4
2024-09-24,Quintana Roo,3
2024-09-25,Quintana Roo,6
2024-09-26,Quintana Roo,3
2024-09-27,Quintana Roo,4
2024-09-28,Quintana Roo,0
2024-09-29,Quintana Roo,1
2024-09-30,Quintana Roo,5
2024-10-01,Quintana Roo,43
2024-10-02,Quintana Roo,0
2024-10-03,Quintana Roo,0
2024-10-04,Quintana Roo,0
2024-10-05,Quintana Roo,0
2024-10-06,Quintana Roo,0
2024-10-07,Quintana Roo,2
2024-10-08,Quintana Roo,0
2024-10-09,Quintana Roo,1
2024-10-10,Quintana Roo,0
2024-10-11,Quintana Roo,0
2024-10-12,Quintana Roo,0
2024-10-13,Quintana Roo,0
2024-10-14,Quintana Roo,1
2024-10-15,Quintana Roo,0
2024-10-16,Quintana Roo,2
2024-10-17,Quintana Roo,0
2024-10-18,Quintana Roo,1
2024-10-19,Quintana Roo,0
2024-10-20,Quintana Roo,0
2024-10-21,Quintana Roo,1
2024-10-22,Quintana Roo,0
2024-10-23,Quintana Roo,2
2024-10-24,Quintana Roo,2
2024-10-25,Quintana Roo,3
2024-10-26,Quintana Roo,1
2024-10-27,Quintana Roo,0
2024-10-28,Quintana Roo,5
2024-10-29,Quintana Roo,1
2024-10-30,Quintana Roo,3
2024-10-31,Quintana Roo,1
2024-11-01,Quintana Roo,3
2024-11-02,Quintana Roo,2
2024-11-03,Quintana Roo,0
2024-11-04,Quintana Roo,4
2024-11-05,Quintana Roo,1
2024-11-06,Quintana Roo,0
2024-11-07,Quintana Roo,3
2024-11-08,Quintana Roo,0
2024-11-09,Quintana Roo,1
2024-11-10,Quintana Roo,1
2024-11-11,Quintana Roo,3
2024-11-12,Quintana Roo,3
2024-11-13,Quintana Roo,2
2024-11-14,Quintana Roo,2
2024-11-15,Quintana Roo,3
2024-11-16,Quintana Roo,2
2024-11-17,Quintana Roo,0
2024-11-18,Quintana Roo,0
2024-11-19,Quintana Roo,4
2024-11-20,Quintana Roo,3
2024-11-21,Quintana Roo,2
2024-11-22,Quintana Roo,1
2024-11-23,Quintana Roo,0
2024-11-24,Quintana Roo,2
2024-11-25,Quintana Roo,2
2024-11-26,Quintana Roo,2
2024-11-27,Quintana Roo,0
2024-11-28,Quintana Roo,1
2024-11-29,Quintana Roo,5
2024-11-30,Quintana Roo,2
2024-12-01,Quintana Roo,1
2024-12-02,Quintana Roo,3
2024-12-03,Quintana Roo,2
2024-12-04,Quintana Roo,2
2024-12-05,Quintana Roo,1
2024-12-06,Quintana Roo,1
2024-12-07,Quintana Roo,0
2024-12-08,Quintana Roo,0
2024-12-09,Quintana Roo,1
2024-12-10,Quintana Roo,2
2024-12-11,Quintana Roo,1
2024-12-12,Quintana Roo,1
2024-12-13,Quintana Roo,3
2024-12-14,Quintana Roo,1
2024-12-15,Quintana Roo,1
2024-12-16,Quintana Roo,2
2024-12-17,Quintana Roo,4
2024-12-18,Quintana Roo,4
2024-12-19,Quintana Roo,1
2024-12-20,Quintana Roo,3
2024-12-21,Quintana Roo,1
2024-12-22,Quintana Roo,0
2024-12-23,Quintana Roo,3
2024-12-24,Quintana Roo,3
2024-12-25,Quintana Roo,0
2024-12-26,Quintana Roo,2
2024-12-27,Quintana Roo,1
2024-12-28,Quintana Roo,4
2024-12-29,Quintana Roo,1
2024-12-30,Quintana Roo,4
2024-12-31,Quintana Roo,2
2025-01-01,Quintana Roo,0
2025-01-02,Quintana Roo,2
2025-01-03,Quintana Roo,1
2025-01-04,Quintana Roo,0
2025-01-05,Quintana Roo,0
2025-01-06,Quintana Roo,0
2025-01-07,Quintana Roo,4
2025-01-08,Quintana Roo,3
2025-01-09,Quintana Roo,1
2025-01-10,Quintana Roo,2
2025-01-11,Quintana Roo,0
2025-01-12,Quintana Roo,1
2025-01-13,Quintana Roo,4
2025-01-14,Quintana Roo,5
2025-01-15,Quintana Roo,4
2025-01-16,Quintana Roo,0
2025-01-17,Quintana Roo,2
2025-01-18,Quintana Roo,1
2025-01-19,Quintana Roo,1
2025-01-20,Quintana Roo,0
2025-01-21,Quintana Roo,1
2025-01-22,Quintana Roo,0
2025-01-23,Quintana Roo,2
2024-07-01,San Luis Potosi,3
2024-07-02,San Luis Potosi,4
2024-07-03,San Luis Potosi,1
2024-07-04,San Luis Potosi,0
2024-07-05,San Luis Potosi,0
2024-07-06,San Luis Potosi,0
2024-07-07,San Luis Potosi,2
2024-07-08,San Luis Potosi,2
2024-07-09,San Luis Potosi,1
2024-07-10,San Luis Potosi,2
2024-07-11,San Luis Potosi,2
2024-07-12,San Luis Potosi,3
2024-07-13,San Luis Potosi,1
2024-07-14,San Luis Potosi,1
2024-07-15,San Luis Potosi,10
2024-07-16,San Luis Potosi,3
2024-07-17,San Luis Potosi,2
2024-07-18,San Luis Potosi,1
2024-07-19,San Luis Potosi,3
2024-07-20,San Luis Potosi,0
2024-07-21,San Luis Potosi,0
2024-07-22,San Luis Potosi,5
2024-07-23,San Luis Potosi,2
2024-07-24,San Luis Potosi,2
2024-07-25,San Luis Potosi,3
2024-07-26,San Luis Potosi,4
2024-07-27,San Luis Potosi,1
2024-07-28,San Luis Potosi,2
2024-07-29,San Luis Potosi,3
2024-07-30,San Luis Potosi,3
2024-07-31,San Luis Potosi,1
2024-08-01,San Luis Potosi,0
2024-08-02,San Luis Potosi,1
2024-08-03,San Luis Potosi,1
2024-08-04,San Luis Potosi,0
2024-08-05,San Luis Potosi,1
2024-08-06,San Luis Potosi,1
2024-08-07,San Luis Potosi,3
2024-08-08,San Luis Potosi,2
2024-08-09,San Luis Potosi,3
2024-08-10,San Luis Potosi,1
2024-08-11,San Luis Potosi,0
2024-08-12,San Luis Potosi,2
2024-08-13,San Luis Potosi,1
2024-08-14,San Luis Potosi,1
2024-08-15,San Luis Potosi,7
2024-08-16,San Luis Potosi,2
2024-08-17,San Luis Potosi,1
2024-08-18,San Luis Potosi,0
2024-08-19,San Luis Potosi,2
2024-08-20,San Luis Potosi,1
2024-08-21,San Luis Potosi,0
2024-08-22,San Luis Potosi,1
2024-08-23,San Luis Potosi,4
2024-08-24,San Luis Potosi,2
2024-08-25,San Luis Potosi,0
2024-08-26,San Luis Potosi,2
2024-08-27,San Luis Potosi,1
2024-08-28,San Luis Potosi,1
2024-08-29,San Luis Potosi,2
2024-08-30,San Luis Potosi,2
2024-08-31,San Luis Potosi,1
2024-09-01,San Luis Potosi,0
2024-09-02,San Luis Potosi,2
2024-09-03,San Luis Potosi,5
2024-09-04,San Luis Potosi,3
2024-09-05,San Luis Potosi,4
2024-09-06,San Luis Potosi,7
2024-09-07,San Luis Potosi,0
2024-09-08,San Luis Potosi,1
2024-09-09,San Luis Potosi,1
2024-09-10,San Luis Potosi,0
2024-09-11,San Luis Potosi,3
2024-09-12,San Luis Potosi,3
2024-09-13,San Luis Potosi,3
2024-09-14,San Luis Potosi,3
2024-09-15,San Luis Potosi,1
2024-09-16,San Luis Potosi,1
2024-09-17,San Luis Potosi,3
2024-09-18,San Luis Potosi,0
2024-09-19,San Luis Potosi,0
2024-09-20,San Luis Potosi,3
2024-09-21,San Luis Potosi,1
2024-09-22,San Luis Potosi,0
2024-09-23,San Luis Potosi,1
2024-09-24,San Luis Potosi,2
2024-09-25,San Luis Potosi,2
2024-09-26,San Luis Potosi,1
2024-09-27,San Luis Potosi,2
2024-09-28,San Luis Potosi,3
2024-09-29,San Luis Potosi,0
2024-09-30,San Luis Potosi,4
2024-10-01,San Luis Potosi,20
2024-10-02,San Luis Potosi,0
2024-10-03,San Luis Potosi,0
2024-10-04,San Luis Potosi,0
2024-10-05,San Luis Potosi,1
2024-10-06,San Luis Potosi,0
2024-10-07,San Luis Potosi,0
2024-10-08,San Luis Potosi,0
2024-10-09,San Luis Potosi,1
2024-10-10,San Luis Potosi,0
2024-10-11,San Luis Potosi,0
2024-10-12,San Luis Potosi,0
2024-10-13,San Luis Potosi,0
2024-10-14,San Luis Potosi,1
2024-10-15,San Luis Potosi,0
2024-10-16,San Luis Potosi,3
2024-10-17,San Luis Potosi,2
2024-10-18,San Luis Potosi,0
2024-10-19,San Luis Potosi,0
2024-10-20,San Luis Potosi,0
2024-10-21,San Luis Potosi,2
2024-10-22,San Luis Potosi,1
2024-10-23,San Luis Potosi,0
2024-10-24,San Luis Potosi,1
2024-10-25,San Luis Potosi,1
2024-10-26,San Luis Potosi,0
2024-10-27,San Luis Potosi,1
2024-10-28,San Luis Potosi,2
2024-10-29,San Luis Potosi,0
2024-10-30,San Luis Potosi,0
2024-10-31,San Luis Potosi,6
2024-11-01,San Luis Potosi,4
2024-11-02,San Luis Potosi,1
2024-11-03,San Luis Potosi,0
2024-11-04,San Luis Potosi,0
2024-11-05,San Luis Potosi,1
2024-11-06,San Luis Potosi,2
2024-11-07,San Luis Potosi,1
2024-11-08,San Luis Potosi,1
2024-11-09,San Luis Potosi,1
2024-11-10,San Luis Potosi,0
2024-11-11,San Luis Potosi,2
2024-11-12,San Luis Potosi,1
2024-11-13,San Luis Potosi,2
2024-11-14,San Luis Potosi,0
2024-11-15,San Luis Potosi,3
2024-11-16,San Luis Potosi,1
2024-11-17,San Luis Potosi,2
2024-11-18,San Luis Potosi,0
2024-11-19,San Luis Potosi,4
2024-11-20,San Luis Potosi,0
2024-11-21,San Luis Potosi,1
2024-11-22,San Luis Potosi,4
2024-11-23,San Luis Potosi,0
2024-11-24,San Luis Potosi,1
2024-11-25,San Luis Potosi,1
2024-11-26,San Luis Potosi,5
2024-11-27,San Luis Potosi,0
2024-11-28,San Luis Potosi,3
2024-11-29,San Luis Potosi,1
2024-11-30,San Luis Potosi,2
2024-12-01,San Luis Potosi,0
2024-12-02,San Luis Potosi,3
2024-12-03,San Luis Potosi,2
2024-12-04,San Luis Potosi,1
2024-12-05,San Luis Potosi,1
2024-12-06,San Luis Potosi,0
2024-12-07,San Luis Potosi,0
2024-12-08,San Luis Potosi,0
2024-12-09,San Luis Potosi,3
2024-12-10,San Luis Potosi,0
2024-12-11,San Luis Potosi,0
2024-12-12,San Luis Potosi,0
2024-12-13,San Luis Potosi,3
2024-12-14,San Luis Potosi,0
2024-12-15,San Luis Potosi,1
2024-12-16,San Luis Potosi,0
2024-12-17,San Luis Potosi,1
2024-12-18,San Luis Potosi,0
2024-12-19,San Luis Potosi,0
2024-12-20,San Luis Potosi,1
2024-12-21,San Luis Potosi,0
2024-12-22,San Luis Potosi,0
2024-12-23,San Luis Potosi,3
2024-12-24,San Luis Potosi,1
2024-12-25,San Luis Potosi,0
2024-12-26,San Luis Potosi,0
2024-12-27,San Luis Potosi,3
2024-12-28,San Luis Potosi,0
2024-12-29,San Luis Potosi,1
2024-12-30,San Luis Potosi,1
2024-12-31,San Luis Potosi,1
2025-01-01,San Luis Potosi,0
2025-01-02,San Luis Potosi,0
2025-01-03,San Luis Potosi,0
2025-01-04,San Luis Potosi,3
2025-01-05,San Luis Potosi,0
2025-01-06,San Luis Potosi,2
2025-01-07,San Luis Potosi,0
2025-01-08,San Luis Potosi,2
2025-01-09,San Luis Potosi,0
2025-01-10,San Luis Potosi,0
2025-01-11,San Luis Potosi,0
2025-01-12,San Luis Potosi,0
2025-01-13,San Luis Potosi,0
2025-01-14,San Luis Potosi,2
2025-01-15,San Luis Potosi,3
2025-01-16,San Luis Potosi,0
2025-01-17,San Luis Potosi,0
2025-01-18,San Luis Potosi,0
2025-01-19,San Luis Potosi,0
2025-01-20,San Luis Potosi,2
2025-01-21,San Luis Potosi,1
2025-01-22,San Luis Potosi,0
2025-01-23,San Luis Potosi,1
2024-07-01,Sinaloa,4
2024-07-02,Sinaloa,3
2024-07-03,Sinaloa,0
2024-07-04,Sinaloa,1
2024-07-05,Sinaloa,2
2024-07-06,Sinaloa,0
2024-07-07,Sinaloa,0
2024-07-08,Sinaloa,1
2024-07-09,Sinaloa,2
2024-07-10,Sinaloa,1
2024-07-11,Sinaloa,7
2024-07-12,Sinaloa,3
2024-07-13,Sinaloa,0
2024-07-14,Sinaloa,0
2024-07-15,Sinaloa,6
2024-07-16,Sinaloa,1
2024-07-17,Sinaloa,3
2024-07-18,Sinaloa,2
2024-07-19,Sinaloa,2
2024-07-20,Sinaloa,0
2024-07-21,Sinaloa,0
2024-07-22,Sinaloa,1
2024-07-23,Sinaloa,0
2024-07-24,Sinaloa,1
2024-07-25,Sinaloa,1
2024-07-26,Sinaloa,1
2024-07-27,Sinaloa,0
2024-07-28,Sinaloa,0
2024-07-29,Sinaloa,1
2024-07-30,Sinaloa,0
2024-07-31,Sinaloa,2
2024-08-01,Sinaloa,1
2024-08-02,Sinaloa,2
2024-08-03,Sinaloa,1
2024-08-04,Sinaloa,0
2024-08-05,Sinaloa,0
2024-08-06,Sinaloa,1
2024-08-07,Sinaloa,2
2024-08-08,Sinaloa,1
2024-08-09,Sinaloa,4
2024-08-10,Sinaloa,1
2024-08-11,Sinaloa,1
2024-08-12,Sinaloa,3
2024-08-13,Sinaloa,2
2024-08-14,Sinaloa,4
2024-08-15,Sinaloa,0
2024-08-16,Sinaloa,2
2024-08-17,Sinaloa,0
2024-08-18,Sinaloa,1
2024-08-19,Sinaloa,6
2024-08-20,Sinaloa,1
2024-08-21,Sinaloa,2
2024-08-22,Sinaloa,1
2024-08-23,Sinaloa,1
2024-08-24,Sinaloa,1
2024-08-25,Sinaloa,1
2024-08-26,Sinaloa,3
2024-08-27,Sinaloa,6
2024-08-28,Sinaloa,3
2024-08-29,Sinaloa,1
2024-08-30,Sinaloa,3
2024-08-31,Sinaloa,2
2024-09-01,Sinaloa,0
2024-09-02,Sinaloa,5
2024-09-03,Sinaloa,1
2024-09-04,Sinaloa,3
2024-09-05,Sinaloa,4
2024-09-06,Sinaloa,1
2024-09-07,Sinaloa,0
2024-09-08,Sinaloa,0
2024-09-09,Sinaloa,1
2024-09-10,Sinaloa,6
2024-09-11,Sinaloa,4
2024-09-12,Sinaloa,2
2024-09-13,Sinaloa,1
2024-09-14,Sinaloa,0
2024-09-15,Sinaloa,0
2024-09-16,Sinaloa,0
2024-09-17,Sinaloa,6
2024-09-18,Sinaloa,3
2024-09-19,Sinaloa,4
2024-09-20,Sinaloa,0
2024-09-21,Sinaloa,0
2024-09-22,Sinaloa,0
2024-09-23,Sinaloa,2
2024-09-24,Sinaloa,2
2024-09-25,Sinaloa,2
2024-09-26,Sinaloa,1
2024-09-27,Sinaloa,2
2024-09-28,Sinaloa,0
2024-09-29,Sinaloa,1
2024-09-30,Sinaloa,4
2024-10-01,Sinaloa,27
2024-10-02,Sinaloa,0
2024-10-03,Sinaloa,0
2024-10-04,Sinaloa,0
2024-10-05,Sinaloa,0
2024-10-06,Sinaloa,0
2024-10-07,Sinaloa,0
2024-10-08,Sinaloa,0
2024-10-09,Sinaloa,0
2024-10-10,Sinaloa,1
2024-10-11,Sinaloa,0
2024-10-12,Sinaloa,1
2024-10-13,Sinaloa,0
2024-10-14,Sinaloa,0
2024-10-15,Sinaloa,0
2024-10-16,Sinaloa,0
2024-10-17,Sinaloa,1
2024-10-18,Sinaloa,1
2024-10-19,Sinaloa,0
2024-10-20,Sinaloa,1
2024-10-21,Sinaloa,0
2024-10-22,Sinaloa,1
2024-10-23,Sinaloa,0
2024-10-24,Sinaloa,2
2024-10-25,Sinaloa,0
2024-10-26,Sinaloa,0
2024-10-27,Sinaloa,1
2024-10-28,Sinaloa,3
2024-10-29,Sinaloa,0
2024-10-30,Sinaloa,0
2024-10-31,Sinaloa,1
2024-11-01,Sinaloa,0
2024-11-02,Sinaloa,2
2024-11-03,Sinaloa,0
2024-11-04,Sinaloa,1
2024-11-05,Sinaloa,0
2024-11-06,Sinaloa,2
2024-11-07,Sinaloa,0
2024-11-08,Sinaloa,2
2024-11-09,Sinaloa,0
2024-11-10,Sinaloa,0
2024-11-11,Sinaloa,4
2024-11-12,Sinaloa,0
2024-11-13,Sinaloa,2
2024-11-14,Sinaloa,0
2024-11-15,Sinaloa,2
2024-11-16,Sinaloa,0
2024-11-17,Sinaloa,2
2024-11-18,Sinaloa,0
2024-11-19,Sinaloa,4
2024-11-20,Sinaloa,0
2024-11-21,Sinaloa,1
2024-11-22,Sinaloa,2
2024-11-23,Sinaloa,1
2024-11-24,Sinaloa,0
2024-11-25,Sinaloa,2
2024-11-26,Sinaloa,2
2024-11-27,Sinaloa,0
2024-11-28,Sinaloa,2
2024-11-29,Sinaloa,3
2024-11-30,Sinaloa,0
2024-12-01,Sinaloa,0
2024-12-02,Sinaloa,1
2024-12-03,Sinaloa,0
2024-12-04,Sinaloa,0
2024-12-05,Sinaloa,0
2024-12-06,Sinaloa,0
2024-12-07,Sinaloa,0
2024-12-08,Sinaloa,0
2024-12-09,Sinaloa,1
2024-12-10,Sinaloa,1
2024-12-11,Sinaloa,0
2024-12-12,Sinaloa,0
2024-12-13,Sinaloa,2
2024-12-14,Sinaloa,1
2024-12-15,Sinaloa,0
2024-12-16,Sinaloa,1
2024-12-17,Sinaloa,0
2024-12-18,Sinaloa,2
2024-12-19,Sinaloa,0
2024-12-20,Sinaloa,0
2024-12-21,Sinaloa,0
2024-12-22,Sinaloa,0
2024-12-23,Sinaloa,1
2024-12-24,Sinaloa,2
2024-12-25,Sinaloa,1
2024-12-26,Sinaloa,0
2024-12-27,Sinaloa,0
2024-12-28,Sinaloa,2
2024-12-29,Sinaloa,0
2024-12-30,Sinaloa,0
2024-12-31,Sinaloa,1
2025-01-01,Sinaloa,0
2025-01-02,Sinaloa,0
2025-01-03,Sinaloa,0
2025-01-04,Sinaloa,0
2025-01-05,Sinaloa,1
2025-01-06,Sinaloa,0
2025-01-07,Sinaloa,2
2025-01-08,Sinaloa,1
2025-01-09,Sinaloa,0
2025-01-10,Sinaloa,3
2025-01-11,Sinaloa,0
2025-01-12,Sinaloa,0
2025-01-13,Sinaloa,1
2025-01-14,Sinaloa,4
2025-01-15,Sinaloa,2
2025-01-16,Sinaloa,0
2025-01-17,Sinaloa,0
2025-01-18,Sinaloa,1
2025-01-19,Sinaloa,0
2025-01-20,Sinaloa,1
2025-01-21,Sinaloa,0
2025-01-22,Sinaloa,0
2025-01-23,Sinaloa,1
2024-07-01,Sonora,4
2024-07-02,Sonora,3
2024-07-03,Sonora,2
2024-07-04,Sonora,1
2024-07-05,Sonora,6
2024-07-06,Sonora,0
2024-07-07,Sonora,1
2024-07-08,Sonora,1
2024-07-09,Sonora,1
2024-07-10,Sonora,1
2024-07-11,Sonora,1
2024-07-12,Sonora,1
2024-07-13,Sonora,0
2024-07-14,Sonora,1
2024-07-15,Sonora,7
2024-07-16,Sonora,2
2024-07-17,Sonora,2
2024-07-18,Sonora,3
2024-07-19,Sonora,3
2024-07-20,Sonora,0
2024-07-21,Sonora,0
2024-07-22,Sonora,0
2024-07-23,Sonora,3
2024-07-24,Sonora,0
2024-07-25,Sonora,2
2024-07-26,Sonora,2
2024-07-27,Sonora,1
2024-07-28,Sonora,0
2024-07-29,Sonora,4
2024-07-30,Sonora,4
2024-07-31,Sonora,3
2024-08-01,Sonora,1
2024-08-02,Sonora,2
2024-08-03,Sonora,0
2024-08-04,Sonora,0
2024-08-05,Sonora,3
2024-08-06,Sonora,1
2024-08-07,Sonora,2
2024-08-08,Sonora,4
2024-08-09,Sonora,6
2024-08-10,Sonora,1
2024-08-11,Sonora,0
2024-08-12,Sonora,4
2024-08-13,Sonora,2
2024-08-14,Sonora,4
2024-08-15,Sonora,6
2024-08-16,Sonora,5
2024-08-17,Sonora,2
2024-08-18,Sonora,0
2024-08-19,Sonora,4
2024-08-20,Sonora,0
2024-08-21,Sonora,0
2024-08-22,Sonora,0
2024-08-23,Sonora,3
2024-08-24,Sonora,0
2024-08-25,Sonora,1
2024-08-26,Sonora,3
2024-08-27,Sonora,2
2024-08-28,Sonora,3
2024-08-29,Sonora,1
2024-08-30,Sonora,3
2024-08-31,Sonora,5
2024-09-01,Sonora,2
2024-09-02,Sonora,5
2024-09-03,Sonora,4
2024-09-04,Sonora,0
2024-09-05,Sonora,1
2024-09-06,Sonora,2
2024-09-07,Sonora,0
2024-09-08,Sonora,0
2024-09-09,Sonora,1
2024-09-10,Sonora,2
2024-09-11,Sonora,2
2024-09-12,Sonora,3
2024-09-13,Sonora,3
2024-09-14,Sonora,1
2024-09-15,Sonora,0
2024-09-16,Sonora,1
2024-09-17,Sonora,5
2024-09-18,Sonora,2
2024-09-19,Sonora,5
2024-09-20,Sonora,3
2024-09-21,Sonora,0
2024-09-22,Sonora,1
2024-09-23,Sonora,4
2024-09-24,Sonora,2
2024-09-25,Sonora,0
2024-09-26,Sonora,3
2024-09-27,Sonora,2
2024-09-28,Sonora,1
2024-09-29,Sonora,2
2024-09-30,Sonora,4
2024-10-01,Sonora,16
2024-10-02,Sonora,0
2024-10-03,Sonora,0
2024-10-04,Sonora,0
2024-10-05,Sonora,0
2024-10-06,Sonora,0
2024-10-07,Sonora,1
2024-10-08,Sonora,1
2024-10-09,Sonora,1
2024-10-10,Sonora,0
2024-10-11,Sonora,3
2024-10-12,Sonora,1
2024-10-13,Sonora,0
2024-10-14,Sonora,0
2024-10-15,Sonora,1
2024-10-16,Sonora,2
2024-10-17,Sonora,2
2024-10-18,Sonora,0
2024-10-19,Sonora,0
2024-10-20,Sonora,0
2024-10-21,Sonora,1
2024-10-22,Sonora,0
2024-10-23,Sonora,0
2024-10-24,Sonora,1
2024-10-25,Sonora,1
2024-10-26,Sonora,1
2024-10-27,Sonora,2
2024-10-28,Sonora,1
2024-10-29,Sonora,1
2024-10-30,Sonora,2
2024-10-31,Sonora,2
2024-11-01,Sonora,0
2024-11-02,Sonora,0
2024-11-03,Sonora,0
2024-11-04,Sonora,3
2024-11-05,Sonora,0
2024-11-06,Sonora,1
2024-11-07,Sonora,2
2024-11-08,Sonora,0
2024-11-09,Sonora,0
2024-11-10,Sonora,1
2024-11-11,Sonora,0
2024-11-12,Sonora,0
2024-11-13,Sonora,0
2024-11-14,Sonora,2
2024-11-15,Sonora,2
2024-11-16,Sonora,0
2024-11-17,Sonora,1
2024-11-18,Sonora,1
2024-11-19,Sonora,1
2024-11-20,Sonora,2
2024-11-21,Sonora,1
2024-11-22,Sonora,2
2024-11-23,Sonora,2
2024-11-24,Sonora,0
2024-11-25,Sonora,1
2024-11-26,Sonora,2
2024-11-27,Sonora,1
2024-11-28,Sonora,2
2024-11-29,Sonora,4
2024-11-30,Sonora,1
2024-12-01,Sonora,0
2024-12-02,Sonora,4
2024-12-03,Sonora,2
2024-12-04,Sonora,3
2024-12-05,Sonora,2
2024-12-06,Sonora,0
2024-12-07,Sonora,1
2024-12-08,Sonora,0
2024-12-09,Sonora,3
2024-12-10,Sonora,2
2024-12-11,Sonora,1
2024-12-12,Sonora,1
2024-12-13,Sonora,5
2024-12-14,Sonora,0
2024-12-15,Sonora,0
2024-12-16,Sonora,4
2024-12-17,Sonora,0
2024-12-18,Sonora,2
2024-12-19,Sonora,3
2024-12-20,Sonora,0
2024-12-21,Sonora,0
2024-12-22,Sonora,0
2024-12-23,Sonora,2
2024-12-24,Sonora,2
2024-12-25,Sonora,0
2024-12-26,Sonora,3
2024-12-27,Sonora,2
2024-12-28,Sonora,0
2024-12-29,Sonora,0
2024-12-30,Sonora,2
2024-12-31,Sonora,0
2025-01-01,Sonora,0
2025-01-02,Sonora,2
2025-01-03,Sonora,0
2025-01-04,Sonora,0
2025-01-05,Sonora,0
2025-01-06,Sonora,3
2025-01-07,Sonora,2
2025-01-08,Sonora,3
2025-01-09,Sonora,4
2025-01-10,Sonora,3
2025-01-11,Sonora,2
2025-01-12,Sonora,2
2025-01-13,Sonora,1
2025-01-14,Sonora,0
2025-01-15,Sonora,0
2025-01-16,Sonora,3
2025-01-17,Sonora,0
2025-01-18,Sonora,0
2025-01-19,Sonora,0
2025-01-20,Sonora,0
2025-01-21,Sonora,0
2025-01-22,Sonora,1
2025-01-23,Sonora,0
2024-07-01,Tabasco,1
2024-07-02,Tabasco,3
2024-07-03,Tabasco,1
2024-07-04,Tabasco,3
2024-07-05,Tabasco,3
2024-07-06,Tabasco,0
2024-07-07,Tabasco,0
2024-07-08,Tabasco,2
2024-07-09,Tabasco,1
2024-07-10,Tabasco,1
2024-07-11,Tabasco,3
2024-07-12,Tabasco,1
2024-07-13,Tabasco,1
2024-07-14,Tabasco,1
2024-07-15,Tabasco,3
2024-07-16,Tabasco,4
2024-07-17,Tabasco,3
2024-07-18,Tabasco,2
2024-07-19,Tabasco,0
2024-07-20,Tabasco,0
2024-07-21,Tabasco,0
2024-07-22,Tabasco,3
2024-07-23,Tabasco,1
2024-07-24,Tabasco,2
2024-07-25,Tabasco,4
2024-07-26,Tabasco,3
2024-07-27,Tabasco,0
2024-07-28,Tabasco,1
2024-07-29,Tabasco,1
2024-07-30,Tabasco,4
2024-07-31,Tabasco,1
2024-08-01,Tabasco,1
2024-08-02,Tabasco,3
2024-08-03,Tabasco,2
2024-08-04,Tabasco,0
2024-08-05,Tabasco,4
2024-08-06,Tabasco,0
2024-08-07,Tabasco,1
2024-08-08,Tabasco,2
2024-08-09,Tabasco,2
2024-08-10,Tabasco,0
2024-08-11,Tabasco,0
2024-08-12,Tabasco,4
2024-08-13,Tabasco,2
2024-08-14,Tabasco,6
2024-08-15,Tabasco,2
2024-08-16,Tabasco,3
2024-08-17,Tabasco,2
2024-08-18,Tabasco,0
2024-08-19,Tabasco,6
2024-08-20,Tabasco,5
2024-08-21,Tabasco,2
2024-08-22,Tabasco,6
2024-08-23,Tabasco,2
2024-08-24,Tabasco,0
2024-08-25,Tabasco,0
2024-08-26,Tabasco,6
2024-08-27,Tabasco,2
2024-08-28,Tabasco,0
2024-08-29,Tabasco,2
2024-08-30,Tabasco,5
2024-08-31,Tabasco,2
2024-09-01,Tabasco,1
2024-09-02,Tabasco,7
2024-09-03,Tabasco,2
2024-09-04,Tabasco,4
2024-09-05,Tabasco,3
2024-09-06,Tabasco,2
2024-09-07,Tabasco,0
2024-09-08,Tabasco,1
2024-09-09,Tabasco,4
2024-09-10,Tabasco,3
2024-09-11,Tabasco,2
2024-09-12,Tabasco,3
2024-09-13,Tabasco,6
2024-09-14,Tabasco,0
2024-09-15,Tabasco,2
2024-09-16,Tabasco,1
2024-09-17,Tabasco,4
2024-09-18,Tabasco,3
2024-09-19,Tabasco,4
2024-09-20,Tabasco,3
2024-09-21,Tabasco,1
2024-09-22,Tabasco,2
2024-09-23,Tabasco,3
2024-09-24,Tabasco,1
2024-09-25,Tabasco,2
2024-09-26,Tabasco,2
2024-09-27,Tabasco,0
2024-09-28,Tabasco,0
2024-09-29,Tabasco,0
2024-09-30,Tabasco,1
2024-10-01,Tabasco,18
2024-10-02,Tabasco,0
2024-10-03,Tabasco,2
2024-10-04,Tabasco,1
2024-10-05,Tabasco,1
2024-10-06,Tabasco,0
2024-10-07,Tabasco,0
2024-10-08,Tabasco,0
2024-10-09,Tabasco,0
2024-10-10,Tabasco,0
2024-10-11,Tabasco,1
2024-10-12,Tabasco,0
2024-10-13,Tabasco,0
2024-10-14,Tabasco,1
2024-10-15,Tabasco,1
2024-10-16,Tabasco,1
2024-10-17,Tabasco,1
2024-10-18,Tabasco,2
2024-10-19,Tabasco,0
2024-10-20,Tabasco,0
2024-10-21,Tabasco,1
2024-10-22,Tabasco,1
2024-10-23,Tabasco,1
2024-10-24,Tabasco,4
2024-10-25,Tabasco,3
2024-10-26,Tabasco,0
2024-10-27,Tabasco,0
2024-10-28,Tabasco,5
2024-10-29,Tabasco,2
2024-10-30,Tabasco,4
2024-10-31,Tabasco,4
2024-11-01,Tabasco,0
2024-11-02,Tabasco,0
2024-11-03,Tabasco,0
2024-11-04,Tabasco,4
2024-11-05,Tabasco,0
2024-11-06,Tabasco,0
2024-11-07,Tabasco,0
2024-11-08,Tabasco,3
2024-11-09,Tabasco,1
2024-11-10,Tabasco,1
2024-11-11,Tabasco,1
2024-11-12,Tabasco,2
2024-11-13,Tabasco,2
2024-11-14,Tabasco,2
2024-11-15,Tabasco,1
2024-11-16,Tabasco,0
2024-11-17,Tabasco,0
2024-11-18,Tabasco,2
2024-11-19,Tabasco,1
2024-11-20,Tabasco,3
2024-11-21,Tabasco,0
2024-11-22,Tabasco,1
2024-11-23,Tabasco,2
2024-11-24,Tabasco,1
2024-11-25,Tabasco,3
2024-11-26,Tabasco,1
2024-11-27,Tabasco,1
2024-11-28,Tabasco,2
2024-11-29,Tabasco,3
2024-11-30,Tabasco,1
2024-12-01,Tabasco,0
2024-12-02,Tabasco,1
2024-12-03,Tabasco,1
2024-12-04,Tabasco,2
2024-12-05,Tabasco,1
2024-12-06,Tabasco,0
2024-12-07,Tabasco,0
2024-12-08,Tabasco,1
2024-12-09,Tabasco,1
2024-12-10,Tabasco,1
2024-12-11,Tabasco,0
2024-12-12,Tabasco,0
2024-12-13,Tabasco,0
2024-12-14,Tabasco,0
2024-12-15,Tabasco,1
2024-12-16,Tabasco,1
2024-12-17,Tabasco,1
2024-12-18,Tabasco,3
2024-12-19,Tabasco,1
2024-12-20,Tabasco,2
2024-12-21,Tabasco,1
2024-12-22,Tabasco,0
2024-12-23,Tabasco,1
2024-12-24,Tabasco,0
2024-12-25,Tabasco,0
2024-12-26,Tabasco,0
2024-12-27,Tabasco,1
2024-12-28,Tabasco,0
2024-12-29,Tabasco,0
2024-12-30,Tabasco,3
2024-12-31,Tabasco,0
2025-01-01,Tabasco,0
2025-01-02,Tabasco,5
2025-01-03,Tabasco,0
2025-01-04,Tabasco,0
2025-01-05,Tabasco,0
2025-01-06,Tabasco,0
2025-01-07,Tabasco,1
2025-01-08,Tabasco,1
2025-01-09,Tabasco,1
2025-01-10,Tabasco,1
2025-01-11,Tabasco,1
2025-01-12,Tabasco,1
2025-01-13,Tabasco,2
2025-01-14,Tabasco,0
2025-01-15,Tabasco,4
2025-01-16,Tabasco,1
2025-01-17,Tabasco,3
2025-01-18,Tabasco,0
2025-01-19,Tabasco,1
2025-01-20,Tabasco,0
2025-01-21,Tabasco,0
2025-01-22,Tabasco,0
2025-01-23,Tabasco,0
2024-07-01,Tamaulipas,2
2024-07-02,Tamaulipas,3
2024-07-03,Tamaulipas,4
2024-07-04,Tamaulipas,2
2024-07-05,Tamaulipas,3
2024-07-06,Tamaulipas,2
2024-07-07,Tamaulipas,2
2024-07-08,Tamaulipas,3
2024-07-09,Tamaulipas,3
2024-07-10,Tamaulipas,4
2024-07-11,Tamaulipas,2
2024-07-12,Tamaulipas,0
2024-07-13,Tamaulipas,1
2024-07-14,Tamaulipas,1
2024-07-15,Tamaulipas,8
2024-07-16,Tamaulipas,2
2024-07-17,Tamaulipas,1
2024-07-18,Tamaulipas,3
2024-07-19,Tamaulipas,3
2024-07-20,Tamaulipas,1
2024-07-21,Tamaulipas,0
2024-07-22,Tamaulipas,2
2024-07-23,Tamaulipas,2
2024-07-24,Tamaulipas,1
2024-07-25,Tamaulipas,0
2024-07-26,Tamaulipas,2
2024-07-27,Tamaulipas,1
2024-07-28,Tamaulipas,0
2024-07-29,Tamaulipas,1
2024-07-30,Tamaulipas,2
2024-07-31,Tamaulipas,7
2024-08-01,Tamaulipas,2
2024-08-02,Tamaulipas,1
2024-08-03,Tamaulipas,2
2024-08-04,Tamaulipas,2
2024-08-05,Tamaulipas,1
2024-08-06,Tamaulipas,3
2024-08-07,Tamaulipas,2
2024-08-08,Tamaulipas,1
2024-08-09,Tamaulipas,0
2024-08-10,Tamaulipas,1
2024-08-11,Tamaulipas,0
2024-08-12,Tamaulipas,4
2024-08-13,Tamaulipas,1
2024-08-14,Tamaulipas,1
2024-08-15,Tamaulipas,3
2024-08-16,Tamaulipas,4
2024-08-17,Tamaulipas,0
2024-08-18,Tamaulipas,3
2024-08-19,Tamaulipas,6
2024-08-20,Tamaulipas,0
2024-08-21,Tamaulipas,3
2024-08-22,Tamaulipas,0
2024-08-23,Tamaulipas,6
2024-08-24,Tamaulipas,2
2024-08-25,Tamaulipas,0
2024-08-26,Tamaulipas,7
2024-08-27,Tamaulipas,4
2024-08-28,Tamaulipas,4
2024-08-29,Tamaulipas,6
2024-08-30,Tamaulipas,3
2024-08-31,Tamaulipas,2
2024-09-01,Tamaulipas,1
2024-09-02,Tamaulipas,3
2024-09-03,Tamaulipas,1
2024-09-04,Tamaulipas,3
2024-09-05,Tamaulipas,1
2024-09-06,Tamaulipas,2
2024-09-07,Tamaulipas,1
2024-09-08,Tamaulipas,0
2024-09-09,Tamaulipas,3
2024-09-10,Tamaulipas,4
2024-09-11,Tamaulipas,2
2024-09-12,Tamaulipas,1
2024-09-13,Tamaulipas,5
2024-09-14,Tamaulipas,1
2024-09-15,Tamaulipas,1
2024-09-16,Tamaulipas,0
2024-09-17,Tamaulipas,4
2024-09-18,Tamaulipas,4
2024-09-19,Tamaulipas,3
2024-09-20,Tamaulipas,4
2024-09-21,Tamaulipas,1
2024-09-22,Tamaulipas,2
2024-09-23,Tamaulipas,3
2024-09-24,Tamaulipas,3
2024-09-25,Tamaulipas,1
2024-09-26,Tamaulipas,1
2024-09-27,Tamaulipas,3
2024-09-28,Tamaulipas,1
2024-09-29,Tamaulipas,1
2024-09-30,Tamaulipas,7
2024-10-01,Tamaulipas,26
2024-10-02,Tamaulipas,0
2024-10-03,Tamaulipas,0
2024-10-04,Tamaulipas,0
2024-10-05,Tamaulipas,0
2024-10-06,Tamaulipas,0
2024-10-07,Tamaulipas,0
2024-10-08,Tamaulipas,1
2024-10-09,Tamaulipas,0
2024-10-10,Tamaulipas,0
2024-10-11,Tamaulipas,0
2024-10-12,Tamaulipas,0
2024-10-13,Tamaulipas,0
2024-10-14,Tamaulipas,1
2024-10-15,Tamaulipas,0
2024-10-16,Tamaulipas,2
2024-10-17,Tamaulipas,0
2024-10-18,Tamaulipas,0
2024-10-19,Tamaulipas,0
2024-10-20,Tamaulipas,0
2024-10-21,Tamaulipas,0
2024-10-22,Tamaulipas,0
2024-10-23,Tamaulipas,1
2024-10-24,Tamaulipas,0
2024-10-25,Tamaulipas,1
2024-10-26,Tamaulipas,0
2024-10-27,Tamaulipas,0
2024-10-28,Tamaulipas,1
2024-10-29,Tamaulipas,3
2024-10-30,Tamaulipas,1
2024-10-31,Tamaulipas,2
2024-11-01,Tamaulipas,1
2024-11-02,Tamaulipas,1
2024-11-03,Tamaulipas,4
2024-11-04,Tamaulipas,3
2024-11-05,Tamaulipas,2
2024-11-06,Tamaulipas,0
2024-11-07,Tamaulipas,1
2024-11-08,Tamaulipas,3
2024-11-09,Tamaulipas,2
2024-11-10,Tamaulipas,0
2024-11-11,Tamaulipas,3
2024-11-12,Tamaulipas,0
2024-11-13,Tamaulipas,0
2024-11-14,Tamaulipas,1
2024-11-15,Tamaulipas,2
2024-11-16,Tamaulipas,0
2024-11-17,Tamaulipas,1
2024-11-18,Tamaulipas,3
2024-11-19,Tamaulipas,1
2024-11-20,Tamaulipas,1
2024-11-21,Tamaulipas,2
2024-11-22,Tamaulipas,0
2024-11-23,Tamaulipas,4
2024-11-24,Tamaulipas,0
2024-11-25,Tamaulipas,1
2024-11-26,Tamaulipas,1
2024-11-27,Tamaulipas,0
2024-11-28,Tamaulipas,0
2024-11-29,Tamaulipas,7
2024-11-30,Tamaulipas,1
2024-12-01,Tamaulipas,0
2024-12-02,Tamaulipas,0
2024-12-03,Tamaulipas,1
2024-12-04,Tamaulipas,1
2024-12-05,Tamaulipas,2
2024-12-06,Tamaulipas,2
2024-12-07,Tamaulipas,0
2024-12-08,Tamaulipas,1
2024-12-09,Tamaulipas,1
2024-12-10,Tamaulipas,3
2024-12-11,Tamaulipas,1
2024-12-12,Tamaulipas,1
2024-12-13,Tamaulipas,1
2024-12-14,Tamaulipas,0
2024-12-15,Tamaulipas,0
2024-12-16,Tamaulipas,2
2024-12-17,Tamaulipas,1
2024-12-18,Tamaulipas,1
2024-12-19,Tamaulipas,3
2024-12-20,Tamaulipas,0
2024-12-21,Tamaulipas,0
2024-12-22,Tamaulipas,0
2024-12-23,Tamaulipas,2
2024-12-24,Tamaulipas,0
2024-12-25,Tamaulipas,0
2024-12-26,Tamaulipas,2
2024-12-27,Tamaulipas,0
2024-12-28,Tamaulipas,1
2024-12-29,Tamaulipas,0
2024-12-30,Tamaulipas,1
2024-12-31,Tamaulipas,3
2025-01-01,Tamaulipas,0
2025-01-02,Tamaulipas,3
2025-01-03,Tamaulipas,1
2025-01-04,Tamaulipas,1
2025-01-05,Tamaulipas,3
2025-01-06,Tamaulipas,1
2025-01-07,Tamaulipas,3
2025-01-08,Tamaulipas,3
2025-01-09,Tamaulipas,2
2025-01-10,Tamaulipas,2
2025-01-11,Tamaulipas,0
2025-01-12,Tamaulipas,1
2025-01-13,Tamaulipas,0
2025-01-14,Tamaulipas,6
2025-01-15,Tamaulipas,1
2025-01-16,Tamaulipas,2
2025-01-17,Tamaulipas,1
2025-01-18,Tamaulipas,1
2025-01-19,Tamaulipas,1
2025-01-20,Tamaulipas,0
2025-01-21,Tamaulipas,1
2025-01-22,Tamaulipas,1
2025-01-23,Tamaulipas,0
2024-07-01,Tlaxcala,1
2024-07-02,Tlaxcala,1
2024-07-03,Tlaxcala,2
2024-07-04,Tlaxcala,3
2024-07-05,Tlaxcala,2
2024-07-06,Tlaxcala,0
2024-07-07,Tlaxcala,2
2024-07-08,Tlaxcala,2
2024-07-09,Tlaxcala,2
2024-07-10,Tlaxcala,0
2024-07-11,Tlaxcala,1
2024-07-12,Tlaxcala,1
2024-07-13,Tlaxcala,2
2024-07-14,Tlaxcala,3
2024-07-15,Tlaxcala,3
2024-07-16,Tlaxcala,0
2024-07-17,Tlaxcala,1
2024-07-18,Tlaxcala,0
2024-07-19,Tlaxcala,3
2024-07-20,Tlaxcala,0
2024-07-21,Tlaxcala,0
2024-07-22,Tlaxcala,2
2024-07-23,Tlaxcala,1
2024-07-24,Tlaxcala,1
2024-07-25,Tlaxcala,4
2024-07-26,Tlaxcala,0
2024-07-27,Tlaxcala,0
2024-07-28,Tlaxcala,0
2024-07-29,Tlaxcala,6
2024-07-30,Tlaxcala,0
2024-07-31,Tlaxcala,0
2024-08-01,Tlaxcala,1
2024-08-02,Tlaxcala,1
2024-08-03,Tlaxcala,0
2024-08-04,Tlaxcala,1
2024-08-05,Tlaxcala,3
2024-08-06,Tlaxcala,2
2024-08-07,Tlaxcala,1
2024-08-08,Tlaxcala,3
2024-08-09,Tlaxcala,3
2024-08-10,Tlaxcala,2
2024-08-11,Tlaxcala,1
2024-08-12,Tlaxcala,5
2024-08-13,Tlaxcala,0
2024-08-14,Tlaxcala,1
2024-08-15,Tlaxcala,5
2024-08-16,Tlaxcala,1
2024-08-17,Tlaxcala,1
2024-08-18,Tlaxcala,1
2024-08-19,Tlaxcala,0
2024-08-20,Tlaxcala,0
2024-08-21,Tlaxcala,0
2024-08-22,Tlaxcala,6
2024-08-23,Tlaxcala,1
2024-08-24,Tlaxcala,1
2024-08-25,Tlaxcala,0
2024-08-26,Tlaxcala,2
2024-08-27,Tlaxcala,3
2024-08-28,Tlaxcala,0
2024-08-29,Tlaxcala,1
2024-08-30,Tlaxcala,3
2024-08-31,Tlaxcala,0
2024-09-01,Tlaxcala,3
2024-09-02,Tlaxcala,4
2024-09-03,Tlaxcala,0
2024-09-04,Tlaxcala,0
2024-09-05,Tlaxcala,2
2024-09-06,Tlaxcala,3
2024-09-07,Tlaxcala,1
2024-09-08,Tlaxcala,1
2024-09-09,Tlaxcala,1
2024-09-10,Tlaxcala,4
2024-09-11,Tlaxcala,0
2024-09-12,Tlaxcala,1
2024-09-13,Tlaxcala,4
2024-09-14,Tlaxcala,0
2024-09-15,Tlaxcala,0
2024-09-16,Tlaxcala,0
2024-09-17,Tlaxcala,4
2024-09-18,Tlaxcala,1
2024-09-19,Tlaxcala,1
2024-09-20,Tlaxcala,1
2024-09-21,Tlaxcala,1
2024-09-22,Tlaxcala,1
2024-09-23,Tlaxcala,0
2024-09-24,Tlaxcala,0
2024-09-25,Tlaxcala,2
2024-09-26,Tlaxcala,2
2024-09-27,Tlaxcala,1
2024-09-28,Tlaxcala,0
2024-09-29,Tlaxcala,1
2024-09-30,Tlaxcala,4
2024-10-01,Tlaxcala,7
2024-10-02,Tlaxcala,1
2024-10-03,Tlaxcala,0
2024-10-04,Tlaxcala,0
2024-10-05,Tlaxcala,0
2024-10-06,Tlaxcala,0
2024-10-07,Tlaxcala,0
2024-10-08,Tlaxcala,0
2024-10-09,Tlaxcala,0
2024-10-10,Tlaxcala,0
2024-10-11,Tlaxcala,1
2024-10-12,Tlaxcala,0
2024-10-13,Tlaxcala,0
2024-10-14,Tlaxcala,0
2024-10-15,Tlaxcala,3
2024-10-16,Tlaxcala,1
2024-10-17,Tlaxcala,0
2024-10-18,Tlaxcala,1
2024-10-19,Tlaxcala,0
2024-10-20,Tlaxcala,1
2024-10-21,Tlaxcala,0
2024-10-22,Tlaxcala,2
2024-10-23,Tlaxcala,0
2024-10-24,Tlaxcala,0
2024-10-25,Tlaxcala,2
2024-10-26,Tlaxcala,0
2024-10-27,Tlaxcala,1
2024-10-28,Tlaxcala,1
2024-10-29,Tlaxcala,1
2024-10-30,Tlaxcala,1
2024-10-31,Tlaxcala,1
2024-11-01,Tlaxcala,0
2024-11-02,Tlaxcala,0
2024-11-03,Tlaxcala,0
2024-11-04,Tlaxcala,2
2024-11-05,Tlaxcala,0
2024-11-06,Tlaxcala,0
2024-11-07,Tlaxcala,1
2024-11-08,Tlaxcala,2
2024-11-09,Tlaxcala,0
2024-11-10,Tlaxcala,1
2024-11-11,Tlaxcala,1
2024-11-12,Tlaxcala,0
2024-11-13,Tlaxcala,0
2024-11-14,Tlaxcala,1
2024-11-15,Tlaxcala,0
2024-11-16,Tlaxcala,1
2024-11-17,Tlaxcala,0
2024-11-18,Tlaxcala,0
2024-11-19,Tlaxcala,3
2024-11-20,Tlaxcala,0
2024-11-21,Tlaxcala,1
2024-11-22,Tlaxcala,2
2024-11-23,Tlaxcala,1
2024-11-24,Tlaxcala,1
2024-11-25,Tlaxcala,1
2024-11-26,Tlaxcala,0
2024-11-27,Tlaxcala,0
2024-11-28,Tlaxcala,2
2024-11-29,Tlaxcala,3
2024-11-30,Tlaxcala,2
2024-12-01,Tlaxcala,0
2024-12-02,Tlaxcala,1
2024-12-03,Tlaxcala,1
2024-12-04,Tlaxcala,1
2024-12-05,Tlaxcala,1
2024-12-06,Tlaxcala,0
2024-12-07,Tlaxcala,0
2024-12-08,Tlaxcala,0
2024-12-09,Tlaxcala,3
2024-12-10,Tlaxcala,1
2024-12-11,Tlaxcala,2
2024-12-12,Tlaxcala,1
2024-12-13,Tlaxcala,4
2024-12-14,Tlaxcala,0
2024-12-15,Tlaxcala,0
2024-12-16,Tlaxcala,1
2024-12-17,Tlaxcala,0
2024-12-18,Tlaxcala,2
2024-12-19,Tlaxcala,1
2024-12-20,Tlaxcala,0
2024-12-21,Tlaxcala,0
2024-12-22,Tlaxcala,0
2024-12-23,Tlaxcala,0
2024-12-24,Tlaxcala,2
2024-12-25,Tlaxcala,0
2024-12-26,Tlaxcala,1
2024-12-27,Tlaxcala,4
2024-12-28,Tlaxcala,0
2024-12-29,Tlaxcala,1
2024-12-30,Tlaxcala,0
2024-12-31,Tlaxcala,2
2025-01-01,Tlaxcala,1
2025-01-02,Tlaxcala,2
2025-01-03,Tlaxcala,0
2025-01-04,Tlaxcala,1
2025-01-05,Tlaxcala,0
2025-01-06,Tlaxcala,0
2025-01-07,Tlaxcala,1
2025-01-08,Tlaxcala,0
2025-01-09,Tlaxcala,3
2025-01-10,Tlaxcala,0
2025-01-11,Tlaxcala,0
2025-01-12,Tlaxcala,0
2025-01-13,Tlaxcala,1
2025-01-14,Tlaxcala,1
2025-01-15,Tlaxcala,2
2025-01-16,Tlaxcala,1
2025-01-17,Tlaxcala,0
2025-01-18,Tlaxcala,0
2025-01-19,Tlaxcala,0
2025-01-20,Tlaxcala,0
2025-01-21,Tlaxcala,1
2025-01-22,Tlaxcala,0
2025-01-23,Tlaxcala,0
2024-07-01,veracruz,7
2024-07-02,veracruz,4
2024-07-03,veracruz,2
2024-07-04,veracruz,4
2024-07-05,veracruz,8
2024-07-06,veracruz,2
2024-07-07,veracruz,3
2024-07-08,veracruz,7
2024-07-09,veracruz,1
2024-07-10,veracruz,6
2024-07-11,veracruz,2
2024-07-12,veracruz,8
2024-07-13,veracruz,1
2024-07-14,veracruz,2
2024-07-15,veracruz,9
2024-07-16,veracruz,7
2024-07-17,veracruz,5
2024-07-18,veracruz,11
2024-07-19,veracruz,6
2024-07-20,veracruz,2
2024-07-21,veracruz,2
2024-07-22,veracruz,9
2024-07-23,veracruz,5
2024-07-24,veracruz,6
2024-07-25,veracruz,3
2024-07-26,veracruz,7
2024-07-27,veracruz,1
2024-07-28,veracruz,0
2024-07-29,veracruz,11
2024-07-30,veracruz,6
2024-07-31,veracruz,9
2024-08-01,veracruz,5
2024-08-02,veracruz,4
2024-08-03,veracruz,2
2024-08-04,veracruz,0
2024-08-05,veracruz,8
2024-08-06,veracruz,5
2024-08-07,veracruz,3
2024-08-08,veracruz,5
2024-08-09,veracruz,7
2024-08-10,veracruz,3
2024-08-11,veracruz,2
2024-08-12,veracruz,7
2024-08-13,veracruz,7
2024-08-14,veracruz,3
2024-08-15,veracruz,11
2024-08-16,veracruz,8
2024-08-17,veracruz,2
2024-08-18,veracruz,2
2024-08-19,veracruz,10
2024-08-20,veracruz,7
2024-08-21,veracruz,8
2024-08-22,veracruz,3
2024-08-23,veracruz,10
2024-08-24,veracruz,1
2024-08-25,veracruz,0
2024-08-26,veracruz,11
2024-08-27,veracruz,12
2024-08-28,veracruz,5
2024-08-29,veracruz,12
2024-08-30,veracruz,12
2024-08-31,veracruz,3
2024-09-01,veracruz,3
2024-09-02,veracruz,14
2024-09-03,veracruz,4
2024-09-04,veracruz,7
2024-09-05,veracruz,9
2024-09-06,veracruz,5
2024-09-07,veracruz,1
2024-09-08,veracruz,0
2024-09-09,veracruz,11
2024-09-10,veracruz,7
2024-09-11,veracruz,8
2024-09-12,veracruz,7
2024-09-13,veracruz,7
2024-09-14,veracruz,2
2024-09-15,veracruz,3
2024-09-16,veracruz,2
2024-09-17,veracruz,14
2024-09-18,veracruz,11
2024-09-19,veracruz,3
2024-09-20,veracruz,11
2024-09-21,veracruz,1
2024-09-22,veracruz,1
2024-09-23,veracruz,9
2024-09-24,veracruz,7
2024-09-25,veracruz,8
2024-09-26,veracruz,5
2024-09-27,veracruz,5
2024-09-28,veracruz,2
2024-09-29,veracruz,0
2024-09-30,veracruz,10
2024-10-01,veracruz,50
2024-10-02,veracruz,0
2024-10-03,veracruz,1
2024-10-04,veracruz,1
2024-10-05,veracruz,0
2024-10-06,veracruz,0
2024-10-07,veracruz,3
2024-10-08,veracruz,0
2024-10-09,veracruz,0
2024-10-10,veracruz,1
2024-10-11,veracruz,1
2024-10-12,veracruz,0
2024-10-13,veracruz,0
2024-10-14,veracruz,1
2024-10-15,veracruz,1
2024-10-16,veracruz,3
2024-10-17,veracruz,4
2024-10-18,veracruz,0
2024-10-19,veracruz,0
2024-10-20,veracruz,0
2024-10-21,veracruz,4
2024-10-22,veracruz,3
2024-10-23,veracruz,4
2024-10-24,veracruz,0
2024-10-25,veracruz,6
2024-10-26,veracruz,1
2024-10-27,veracruz,2
2024-10-28,veracruz,4
2024-10-29,veracruz,4
2024-10-30,veracruz,6
2024-10-31,veracruz,15
2024-11-01,veracruz,7
2024-11-02,veracruz,4
2024-11-03,veracruz,0
2024-11-04,veracruz,5
2024-11-05,veracruz,2
2024-11-06,veracruz,2
2024-11-07,veracruz,3
2024-11-08,veracruz,5
2024-11-09,veracruz,2
2024-11-10,veracruz,0
2024-11-11,veracruz,8
2024-11-12,veracruz,5
2024-11-13,veracruz,3
2024-11-14,veracruz,3
2024-11-15,veracruz,7
2024-11-16,veracruz,2
2024-11-17,veracruz,1
2024-11-18,veracruz,1
2024-11-19,veracruz,10
2024-11-20,veracruz,6
2024-11-21,veracruz,3
2024-11-22,veracruz,2
2024-11-23,veracruz,1
2024-11-24,veracruz,0
2024-11-25,veracruz,3
2024-11-26,veracruz,2
2024-11-27,veracruz,4
2024-11-28,veracruz,1
2024-11-29,veracruz,4
2024-11-30,veracruz,3
2024-12-01,veracruz,1
2024-12-02,veracruz,5
2024-12-03,veracruz,2
2024-12-04,veracruz,6
2024-12-05,veracruz,4
2024-12-06,veracruz,1
2024-12-07,veracruz,0
2024-12-08,veracruz,1
2024-12-09,veracruz,4
2024-12-10,veracruz,1
2024-12-11,veracruz,4
2024-12-12,veracruz,2
2024-12-13,veracruz,3
2024-12-14,veracruz,3
2024-12-15,veracruz,1
2024-12-16,veracruz,6
2024-12-17,veracruz,2
2024-12-18,veracruz,0
2024-12-19,veracruz,5
2024-12-20,veracruz,3
2024-12-21,veracruz,1
2024-12-22,veracruz,0
2024-12-23,veracruz,4
2024-12-24,veracruz,2
2024-12-25,veracruz,0
2024-12-26,veracruz,1
2024-12-27,veracruz,4
2024-12-28,veracruz,2
2024-12-29,veracruz,2
2024-12-30,veracruz,2
2024-12-31,veracruz,4
2025-01-01,veracruz,1
2025-01-02,veracruz,7
2025-01-03,veracruz,5
2025-01-04,veracruz,4
2025-01-05,veracruz,1
2025-01-06,veracruz,7
2025-01-07,veracruz,1
2025-01-08,veracruz,2
2025-01-09,veracruz,4
2025-01-10,veracruz,4
2025-01-11,veracruz,1
2025-01-12,veracruz,0
2025-01-13,veracruz,4
2025-01-14,veracruz,6
2025-01-15,veracruz,5
2025-01-16,veracruz,1
2025-01-17,veracruz,2
2025-01-18,veracruz,0
2025-01-19,veracruz,2
2025-01-20,veracruz,1
2025-01-21,veracruz,1
2025-01-22,veracruz,2
2025-01-23,veracruz,1
2024-07-01,Yucatan,4
2024-07-02,Yucatan,2
2024-07-03,Yucatan,0
2024-07-04,Yucatan,1
2024-07-05,Yucatan,0
2024-07-06,Yucatan,1
2024-07-07,Yucatan,1
2024-07-08,Yucatan,0
2024-07-09,Yucatan,2
2024-07-10,Yucatan,1
2024-07-11,Yucatan,1
2024-07-12,Yucatan,2
2024-07-13,Yucatan,1
2024-07-14,Yucatan,0
2024-07-15,Yucatan,0
2024-07-16,Yucatan,2
2024-07-17,Yucatan,3
2024-07-18,Yucatan,1
2024-07-19,Yucatan,5
2024-07-20,Yucatan,0
2024-07-21,Yucatan,0
2024-07-22,Yucatan,4
2024-07-23,Yucatan,1
2024-07-24,Yucatan,3
2024-07-25,Yucatan,1
2024-07-26,Yucatan,5
2024-07-27,Yucatan,0
2024-07-28,Yucatan,1
2024-07-29,Yucatan,0
2024-07-30,Yucatan,1
2024-07-31,Yucatan,1
2024-08-01,Yucatan,3
2024-08-02,Yucatan,4
2024-08-03,Yucatan,1
2024-08-04,Yucatan,1
2024-08-05,Yucatan,0
2024-08-06,Yucatan,0
2024-08-07,Yucatan,1
2024-08-08,Yucatan,1
2024-08-09,Yucatan,3
2024-08-10,Yucatan,0
2024-08-11,Yucatan,1
2024-08-12,Yucatan,9
2024-08-13,Yucatan,2
2024-08-14,Yucatan,2
2024-08-15,Yucatan,3
2024-08-16,Yucatan,2
2024-08-17,Yucatan,0
2024-08-18,Yucatan,0
2024-08-19,Yucatan,4
2024-08-20,Yucatan,2
2024-08-21,Yucatan,0
2024-08-22,Yucatan,0
2024-08-23,Yucatan,3
2024-08-24,Yucatan,0
2024-08-25,Yucatan,2
2024-08-26,Yucatan,1
2024-08-27,Yucatan,1
2024-08-28,Yucatan,3
2024-08-29,Yucatan,1
2024-08-30,Yucatan,7
2024-08-31,Yucatan,1
2024-09-01,Yucatan,0
2024-09-02,Yucatan,2
2024-09-03,Yucatan,5
2024-09-04,Yucatan,1
2024-09-05,Yucatan,2
2024-09-06,Yucatan,2
2024-09-07,Yucatan,0
2024-09-08,Yucatan,0
2024-09-09,Yucatan,5
2024-09-10,Yucatan,1
2024-09-11,Yucatan,1
2024-09-12,Yucatan,4
2024-09-13,Yucatan,4
2024-09-14,Yucatan,1
2024-09-15,Yucatan,0
2024-09-16,Yucatan,3
2024-09-17,Yucatan,7
2024-09-18,Yucatan,3
2024-09-19,Yucatan,1
2024-09-20,Yucatan,1
2024-09-21,Yucatan,1
2024-09-22,Yucatan,0
2024-09-23,Yucatan,3
2024-09-24,Yucatan,2
2024-09-25,Yucatan,3
2024-09-26,Yucatan,7
2024-09-27,Yucatan,2
2024-09-28,Yucatan,0
2024-09-29,Yucatan,3
2024-09-30,Yucatan,6
2024-10-01,Yucatan,11
2024-10-02,Yucatan,0
2024-10-03,Yucatan,0
2024-10-04,Yucatan,0
2024-10-05,Yucatan,0
2024-10-06,Yucatan,0
2024-10-07,Yucatan,0
2024-10-08,Yucatan,0
2024-10-09,Yucatan,1
2024-10-10,Yucatan,0
2024-10-11,Yucatan,0
2024-10-12,Yucatan,0
2024-10-13,Yucatan,0
2024-10-14,Yucatan,1
2024-10-15,Yucatan,0
2024-10-16,Yucatan,0
2024-10-17,Yucatan,2
2024-10-18,Yucatan,0
2024-10-19,Yucatan,1
2024-10-20,Yucatan,0
2024-10-21,Yucatan,3
2024-10-22,Yucatan,3
2024-10-23,Yucatan,3
2024-10-24,Yucatan,0
2024-10-25,Yucatan,1
2024-10-26,Yucatan,2
2024-10-27,Yucatan,2
2024-10-28,Yucatan,4
2024-10-29,Yucatan,3
2024-10-30,Yucatan,3
2024-10-31,Yucatan,3
2024-11-01,Yucatan,0
2024-11-02,Yucatan,0
2024-11-03,Yucatan,0
2024-11-04,Yucatan,2
2024-11-05,Yucatan,2
2024-11-06,Yucatan,1
2024-11-07,Yucatan,2
2024-11-08,Yucatan,1
2024-11-09,Yucatan,3
2024-11-10,Yucatan,0
2024-11-11,Yucatan,0
2024-11-12,Yucatan,2
2024-11-13,Yucatan,2
2024-11-14,Yucatan,3
2024-11-15,Yucatan,2
2024-11-16,Yucatan,1
2024-11-17,Yucatan,2
2024-11-18,Yucatan,0
2024-11-19,Yucatan,3
2024-11-20,Yucatan,2
2024-11-21,Yucatan,2
2024-11-22,Yucatan,4
2024-11-23,Yucatan,0
2024-11-24,Yucatan,0
2024-11-25,Yucatan,0
2024-11-26,Yucatan,0
2024-11-27,Yucatan,3
2024-11-28,Yucatan,3
2024-11-29,Yucatan,4
2024-11-30,Yucatan,1
2024-12-01,Yucatan,1
2024-12-02,Yucatan,5
2024-12-03,Yucatan,0
2024-12-04,Yucatan,1
2024-12-05,Yucatan,1
2024-12-06,Yucatan,2
2024-12-07,Yucatan,1
2024-12-08,Yucatan,0
2024-12-09,Yucatan,0
2024-12-10,Yucatan,2
2024-12-11,Yucatan,1
2024-12-12,Yucatan,1
2024-12-13,Yucatan,2
2024-12-14,Yucatan,0
2024-12-15,Yucatan,1
2024-12-16,Yucatan,2
2024-12-17,Yucatan,1
2024-12-18,Yucatan,0
2024-12-19,Yucatan,2
2024-12-20,Yucatan,2
2024-12-21,Yucatan,0
2024-12-22,Yucatan,0
2024-12-23,Yucatan,2
2024-12-24,Yucatan,2
2024-12-25,Yucatan,0
2024-12-26,Yucatan,4
2024-12-27,Yucatan,0
2024-12-28,Yucatan,1
2024-12-29,Yucatan,1
2024-12-30,Yucatan,1
2024-12-31,Yucatan,1
2025-01-01,Yucatan,0
2025-01-02,Yucatan,1
2025-01-03,Yucatan,1
2025-01-04,Yucatan,0
2025-01-05,Yucatan,0
2025-01-06,Yucatan,2
2025-01-07,Yucatan,0
2025-01-08,Yucatan,1
2025-01-09,Yucatan,1
2025-01-10,Yucatan,1
2025-01-11,Yucatan,2
2025-01-12,Yucatan,1
2025-01-13,Yucatan,1
2025-01-14,Yucatan,0
2025-01-15,Yucatan,3
2025-01-16,Yucatan,1
2025-01-17,Yucatan,2
2025-01-18,Yucatan,0
2025-01-19,Yucatan,0
2025-01-20,Yucatan,0
2025-01-21,Yucatan,2
2025-01-22,Yucatan,0
2025-01-23,Yucatan,0
2024-07-01,Zacatecas,2
2024-07-02,Zacatecas,0
2024-07-03,Zacatecas,1
2024-07-04,Zacatecas,0
2024-07-05,Zacatecas,1
2024-07-06,Zacatecas,1
2024-07-07,Zacatecas,1
2024-07-08,Zacatecas,2
2024-07-09,Zacatecas,0
2024-07-10,Zacatecas,3
2024-07-11,Zacatecas,0
2024-07-12,Zacatecas,0
2024-07-13,Zacatecas,0
2024-07-14,Zacatecas,0
2024-07-15,Zacatecas,1
2024-07-16,Zacatecas,0
2024-07-17,Zacatecas,3
2024-07-18,Zacatecas,0
2024-07-19,Zacatecas,1
2024-07-20,Zacatecas,0
2024-07-21,Zacatecas,0
2024-07-22,Zacatecas,2
2024-07-23,Zacatecas,0
2024-07-24,Zacatecas,1
2024-07-25,Zacatecas,0
2024-07-26,Zacatecas,2
2024-07-27,Zacatecas,0
2024-07-28,Zacatecas,0
2024-07-29,Zacatecas,1
2024-07-30,Zacatecas,0
2024-07-31,Zacatecas,0
2024-08-01,Zacatecas,1
2024-08-02,Zacatecas,0
2024-08-03,Zacatecas,2
2024-08-04,Zacatecas,0
2024-08-05,Zacatecas,1
2024-08-06,Zacatecas,1
2024-08-07,Zacatecas,1
2024-08-08,Zacatecas,0
2024-08-09,Zacatecas,0
2024-08-10,Zacatecas,0
2024-08-11,Zacatecas,1
2024-08-12,Zacatecas,1
2024-08-13,Zacatecas,1
2024-08-14,Zacatecas,1
2024-08-15,Zacatecas,1
2024-08-16,Zacatecas,2
2024-08-17,Zacatecas,2
2024-08-18,Zacatecas,0
2024-08-19,Zacatecas,1
2024-08-20,Zacatecas,3
2024-08-21,Zacatecas,0
2024-08-22,Zacatecas,0
2024-08-23,Zacatecas,3
2024-08-24,Zacatecas,0
2024-08-25,Zacatecas,0
2024-08-26,Zacatecas,1
2024-08-27,Zacatecas,2
2024-08-28,Zacatecas,0
2024-08-29,Zacatecas,2
2024-08-30,Zacatecas,2
2024-08-31,Zacatecas,1
2024-09-01,Zacatecas,2
2024-09-02,Zacatecas,1
2024-09-03,Zacatecas,1
2024-09-04,Zacatecas,1
2024-09-05,Zacatecas,1
2024-09-06,Zacatecas,2
2024-09-07,Zacatecas,0
2024-09-08,Zacatecas,0
2024-09-09,Zacatecas,0
2024-09-10,Zacatecas,1
2024-09-11,Zacatecas,1
2024-09-12,Zacatecas,1
2024-09-13,Zacatecas,2
2024-09-14,Zacatecas,0
2024-09-15,Zacatecas,0
2024-09-16,Zacatecas,0
2024-09-17,Zacatecas,3
2024-09-18,Zacatecas,0
2024-09-19,Zacatecas,0
2024-09-20,Zacatecas,2
2024-09-21,Zacatecas,0
2024-09-22,Zacatecas,0
2024-09-23,Zacatecas,1
2024-09-24,Zacatecas,3
2024-09-25,Zacatecas,0
2024-09-26,Zacatecas,0
2024-09-27,Zacatecas,1
2024-09-28,Zacatecas,2
2024-09-29,Zacatecas,1
2024-09-30,Zacatecas,4
2024-10-01,Zacatecas,9
2024-10-02,Zacatecas,0
2024-10-03,Zacatecas,0
2024-10-04,Zacatecas,0
2024-10-05,Zacatecas,0
2024-10-06,Zacatecas,0
2024-10-07,Zacatecas,0
2024-10-08,Zacatecas,0
2024-10-09,Zacatecas,0
2024-10-10,Zacatecas,1
2024-10-11,Zacatecas,0
2024-10-12,Zacatecas,0
2024-10-13,Zacatecas,0
2024-10-14,Zacatecas,0
2024-10-15,Zacatecas,1
2024-10-16,Zacatecas,1
2024-10-17,Zacatecas,0
2024-10-18,Zacatecas,0
2024-10-19,Zacatecas,0
2024-10-20,Zacatecas,0
2024-10-21,Zacatecas,0
2024-10-22,Zacatecas,0
2024-10-23,Zacatecas,1
2024-10-24,Zacatecas,0
2024-10-25,Zacatecas,0
2024-10-26,Zacatecas,0
2024-10-27,Zacatecas,0
2024-10-28,Zacatecas,1
2024-10-29,Zacatecas,0
2024-10-30,Zacatecas,2
2024-10-31,Zacatecas,2
2024-11-01,Zacatecas,0
2024-11-02,Zacatecas,0
2024-11-03,Zacatecas,0
2024-11-04,Zacatecas,1
2024-11-05,Zacatecas,1
2024-11-06,Zacatecas,0
2024-11-07,Zacatecas,0
2024-11-08,Zacatecas,0
2024-11-09,Zacatecas,1
2024-11-10,Zacatecas,0
2024-11-11,Zacatecas,4
2024-11-12,Zacatecas,0
2024-11-13,Zacatecas,0
2024-11-14,Zacatecas,1
2024-11-15,Zacatecas,1
2024-11-16,Zacatecas,0
2024-11-17,Zacatecas,0
2024-11-18,Zacatecas,1
2024-11-19,Zacatecas,2
2024-11-20,Zacatecas,1
2024-11-21,Zacatecas,1
2024-11-22,Zacatecas,1
2024-11-23,Zacatecas,0
2024-11-24,Zacatecas,0
2024-11-25,Zacatecas,0
2024-11-26,Zacatecas,0
2024-11-27,Zacatecas,0
2024-11-28,Zacatecas,1
2024-11-29,Zacatecas,0
2024-11-30,Zacatecas,1
2024-12-01,Zacatecas,0
2024-12-02,Zacatecas,0
2024-12-03,Zacatecas,0
2024-12-04,Zacatecas,0
2024-12-05,Zacatecas,0
2024-12-06,Zacatecas,0
2024-12-07,Zacatecas,0
2024-12-08,Zacatecas,0
2024-12-09,Zacatecas,1
2024-12-10,Zacatecas,1
2024-12-11,Zacatecas,1
2024-12-12,Zacatecas,1
2024-12-13,Zacatecas,0
2024-12-14,Zacatecas,0
2024-12-15,Zacatecas,0
2024-12-16,Zacatecas,1
2024-12-17,Zacatecas,1
2024-12-18,Zacatecas,0
2024-12-19,Zacatecas,0
2024-12-20,Zacatecas,1
2024-12-21,Zacatecas,0
2024-12-22,Zacatecas,0
2024-12-23,Zacatecas,2
2024-12-24,Zacatecas,1
2024-12-25,Zacatecas,0
2024-12-26,Zacatecas,0
2024-12-27,Zacatecas,1
2024-12-28,Zacatecas,1
2024-12-29,Zacatecas,1
2024-12-30,Zacatecas,1
2024-12-31,Zacatecas,0
2025-01-01,Zacatecas,1
2025-01-02,Zacatecas,3
2025-01-03,Zacatecas,0
2025-01-04,Zacatecas,0
2025-01-05,Zacatecas,0
2025-01-06,Zacatecas,0
2025-01-07,Zacatecas,0
2025-01-08,Zacatecas,0
2025-01-09,Zacatecas,0
2025-01-10,Zacatecas,3
2025-01-11,Zacatecas,0
2025-01-12,Zacatecas,0
2025-01-13,Zacatecas,1
2025-01-14,Zacatecas,0
2025-01-15,Zacatecas,1
2025-01-16,Zacatecas,1
2025-01-17,Zacatecas,1
2025-01-18,Zacatecas,0
2025-01-19,Zacatecas,0
2025-01-20,Zacatecas,0
2025-01-21,Zacatecas,0
2025-01-22,Zacatecas,1
2025-01-23,Zacatecas,0
