2025-09-17 22:50:35 | INFO     | __main__:<module>:153 | user isaac@entropy.tech logged in
2025-09-17 22:50:47 | INFO     | __main__:<module>:153 | user isaac@entropy.tech logged in
2025-09-17 22:50:53 | INFO     | __main__:<module>:153 | user isaac@entropy.tech logged in
2025-09-17 22:50:56 | INFO     | __main__:<module>:153 | user isaac@entropy.tech logged in
2025-09-17 22:51:03 | INFO     | __main__:<module>:153 | user isaac@entropy.tech logged in
2025-09-17 22:51:04 | INFO     | __main__:<module>:153 | user isaac@entropy.tech logged in
2025-09-17 22:51:11 | INFO     | __main__:<module>:153 | user isaac@entropy.tech logged in
2025-09-17 22:51:14 | INFO     | __main__:<module>:153 | user isaac@entropy.tech logged in
2025-09-17 22:51:16 | INFO     | __main__:<module>:153 | user isaac@entropy.tech logged in
2025-09-17 22:51:18 | INFO     | __main__:<module>:153 | user isaac@entropy.tech logged in
2025-09-17 22:51:22 | INFO     | __main__:<module>:153 | user isaac@entropy.tech logged in
2025-09-17 22:51:24 | INFO     | __main__:<module>:153 | user isaac@entropy.tech logged in
2025-09-17 22:51:26 | INFO     | __main__:<module>:153 | user isaac@entropy.tech logged in
2025-09-17 22:51:29 | INFO     | __main__:<module>:153 | user isaac@entropy.tech logged in
2025-09-17 22:51:31 | INFO     | __main__:<module>:153 | user isaac@entropy.tech logged in
2025-09-17 22:51:33 | INFO     | __main__:<module>:153 | user isaac@entropy.tech logged in
2025-09-17 22:51:38 | INFO     | __main__:<module>:153 | user isaac@entropy.tech logged in
2025-09-17 22:51:40 | INFO     | __main__:<module>:153 | user isaac@entropy.tech logged in
2025-09-17 22:51:40 | INFO     | Murray.metrics:update_metrics:59 | New record added: {'timestamp': '2025-09-17 22:51:40', 'section': 'experimental_evaluation', 'date': '2025-09-17', 'day_of_week': 'Wednesday', 'hour': 22}
2025-09-17 22:51:40 | INFO     | Murray.post_analysis:run_geo_evaluation:21 | Starting run_geo_evaluation
2025-09-17 22:51:40 | INFO     | Murray.post_analysis:run_geo_evaluation:22 | Input data shape: (11392, 11)
2025-09-17 22:51:40 | INFO     | Murray.post_analysis:run_geo_evaluation:23 | Treatment group: ['aguascalientes', 'campeche', 'chihuahua', 'guanajuato', 'jalisco', 'oaxaca', 'quintana roo', 'tabasco', 'yucatan']
2025-09-17 22:51:40 | INFO     | Murray.post_analysis:run_geo_evaluation:24 | Start treatment: 2025-07-16 00:00:00, End treatment: 2025-09-06 00:00:00
2025-09-17 22:51:40 | INFO     | Murray.post_analysis:run_geo_evaluation:25 | n_permutations: 50000, significance_level: 0.1
2025-09-17 22:51:40 | INFO     | Murray.post_analysis:run_geo_evaluation:40 | Treatment period positions: 303 to 356
2025-09-17 22:51:40 | INFO     | Murray.post_analysis:run_geo_evaluation:49 | Generating correlation matrix...
2025-09-17 22:51:40 | INFO     | Murray.post_analysis:run_geo_evaluation:52 | Selecting control group...
2025-09-17 22:51:40 | INFO     | Murray.post_analysis:run_geo_evaluation:58 | Control group selected: ['mexico city', 'nayarit', 'morelos', 'state of mexico']
2025-09-17 22:51:40 | INFO     | Murray.post_analysis:run_geo_evaluation:68 | Pivot table shape: (356, 32)
2025-09-17 22:51:40 | INFO     | Murray.post_analysis:run_geo_evaluation:81 | Scaling data...
2025-09-17 22:51:40 | INFO     | Murray.post_analysis:run_geo_evaluation:101 | Fitting synthetic control model...
2025-09-17 22:51:40 | INFO     | Murray.post_analysis:run_geo_evaluation:104 | Model fitted successfully
2025-09-17 22:51:40 | INFO     | Murray.post_analysis:run_geo_evaluation:106 | Making predictions...
2025-09-17 22:51:40 | INFO     | Murray.post_analysis:run_geo_evaluation:137 | Calculating metrics...
2025-09-17 22:51:40 | INFO     | Murray.post_analysis:run_geo_evaluation:138 | Data shapes - treatment: (356,), counterfactual: (356,)
2025-09-17 22:51:40 | INFO     | Murray.post_analysis:run_geo_evaluation:148 | Treatment period sum: 390673
2025-09-17 22:51:40 | INFO     | Murray.post_analysis:run_geo_evaluation:149 | Counterfactual period sum: 436217.8721879248
2025-09-17 22:51:40 | INFO     | Murray.post_analysis:run_geo_evaluation:150 | Lift difference (treatment - counterfactual): -45544.872187924804
2025-09-17 22:51:40 | INFO     | Murray.post_analysis:run_geo_evaluation:164 | Observed statistic (sum of residuals): -45544.87218792478
2025-09-17 22:51:40 | INFO     | Murray.post_analysis:run_geo_evaluation:165 | Manual verification - observed_stat should equal lift_difference: -45544.872187924804
2025-09-17 22:51:40 | INFO     | Murray.post_analysis:run_geo_evaluation:167 | Starting permutation test with 50000 permutations...
2025-09-17 22:51:40 | INFO     | Murray.post_analysis:run_geo_evaluation:172 | Completed 10000/50000 permutations
2025-09-17 22:51:40 | INFO     | Murray.post_analysis:run_geo_evaluation:172 | Completed 20000/50000 permutations
2025-09-17 22:51:40 | INFO     | Murray.post_analysis:run_geo_evaluation:172 | Completed 30000/50000 permutations
2025-09-17 22:51:40 | INFO     | Murray.post_analysis:run_geo_evaluation:172 | Completed 40000/50000 permutations
2025-09-17 22:51:40 | INFO     | Murray.post_analysis:run_geo_evaluation:178 | Permutation test completed, calculating p-value and power...
2025-09-17 22:51:40 | INFO     | Murray.post_analysis:run_geo_evaluation:184 | Final results:
2025-09-17 22:51:40 | INFO     | Murray.post_analysis:run_geo_evaluation:185 |   MAPE: 26.5220
2025-09-17 22:51:40 | INFO     | Murray.post_analysis:run_geo_evaluation:186 |   SMAPE: 24.1728
2025-09-17 22:51:40 | INFO     | Murray.post_analysis:run_geo_evaluation:187 |   Percentage lift: -10.4409%
2025-09-17 22:51:40 | INFO     | Murray.post_analysis:run_geo_evaluation:188 |   P-value: 0.050580
2025-09-17 22:51:40 | INFO     | Murray.post_analysis:run_geo_evaluation:189 |   Power: 1.0000
2025-09-17 22:51:40 | INFO     | Murray.post_analysis:run_geo_evaluation:216 | run_geo_evaluation completed successfully
2025-09-17 22:51:53 | INFO     | __main__:<module>:153 | user isaac@entropy.tech logged in
2025-09-17 22:51:55 | INFO     | __main__:<module>:153 | user isaac@entropy.tech logged in
2025-09-17 22:51:56 | INFO     | Murray.metrics:update_metrics:59 | New record added: {'timestamp': '2025-09-17 22:51:56', 'section': 'experimental_evaluation', 'date': '2025-09-17', 'day_of_week': 'Wednesday', 'hour': 22}
2025-09-17 22:51:56 | INFO     | Murray.post_analysis:run_geo_evaluation:21 | Starting run_geo_evaluation
2025-09-17 22:51:56 | INFO     | Murray.post_analysis:run_geo_evaluation:22 | Input data shape: (11392, 11)
2025-09-17 22:51:56 | INFO     | Murray.post_analysis:run_geo_evaluation:23 | Treatment group: ['aguascalientes', 'campeche', 'chihuahua', 'guanajuato', 'jalisco', 'oaxaca', 'quintana roo', 'tabasco', 'yucatan']
2025-09-17 22:51:56 | INFO     | Murray.post_analysis:run_geo_evaluation:24 | Start treatment: 2025-07-16 00:00:00, End treatment: 2025-09-06 00:00:00
2025-09-17 22:51:56 | INFO     | Murray.post_analysis:run_geo_evaluation:25 | n_permutations: 50000, significance_level: 0.1
2025-09-17 22:51:56 | INFO     | Murray.post_analysis:run_geo_evaluation:40 | Treatment period positions: 303 to 356
2025-09-17 22:51:56 | INFO     | Murray.post_analysis:run_geo_evaluation:49 | Generating correlation matrix...
2025-09-17 22:51:56 | INFO     | Murray.post_analysis:run_geo_evaluation:52 | Selecting control group...
2025-09-17 22:51:56 | INFO     | Murray.post_analysis:run_geo_evaluation:58 | Control group selected: ['veracruz', 'state of mexico', 'san luis potosi', 'hidalgo', 'guerrero', 'zacatecas', 'sinaloa', 'michoacan', 'queretaro', 'nuevo leon', 'chiapas', 'coahuila', 'sonora', 'morelos', 'tamaulipas', 'puebla', 'nayarit', 'baja california', 'mexico city']
2025-09-17 22:51:56 | INFO     | Murray.post_analysis:run_geo_evaluation:68 | Pivot table shape: (356, 32)
2025-09-17 22:51:56 | INFO     | Murray.post_analysis:run_geo_evaluation:81 | Scaling data...
2025-09-17 22:51:56 | INFO     | Murray.post_analysis:run_geo_evaluation:101 | Fitting synthetic control model...
2025-09-17 22:51:56 | INFO     | Murray.post_analysis:run_geo_evaluation:104 | Model fitted successfully
2025-09-17 22:51:56 | INFO     | Murray.post_analysis:run_geo_evaluation:106 | Making predictions...
2025-09-17 22:51:56 | INFO     | Murray.post_analysis:run_geo_evaluation:137 | Calculating metrics...
2025-09-17 22:51:56 | INFO     | Murray.post_analysis:run_geo_evaluation:138 | Data shapes - treatment: (356,), counterfactual: (356,)
2025-09-17 22:51:56 | INFO     | Murray.post_analysis:run_geo_evaluation:148 | Treatment period sum: 7968822
2025-09-17 22:51:56 | INFO     | Murray.post_analysis:run_geo_evaluation:149 | Counterfactual period sum: 8008375.351264725
2025-09-17 22:51:56 | INFO     | Murray.post_analysis:run_geo_evaluation:150 | Lift difference (treatment - counterfactual): -39553.35126472544
2025-09-17 22:51:56 | INFO     | Murray.post_analysis:run_geo_evaluation:164 | Observed statistic (sum of residuals): -39553.35126472516
2025-09-17 22:51:56 | INFO     | Murray.post_analysis:run_geo_evaluation:165 | Manual verification - observed_stat should equal lift_difference: -39553.35126472544
2025-09-17 22:51:56 | INFO     | Murray.post_analysis:run_geo_evaluation:167 | Starting permutation test with 50000 permutations...
2025-09-17 22:51:56 | INFO     | Murray.post_analysis:run_geo_evaluation:172 | Completed 10000/50000 permutations
2025-09-17 22:51:56 | INFO     | Murray.post_analysis:run_geo_evaluation:172 | Completed 20000/50000 permutations
2025-09-17 22:51:56 | INFO     | Murray.post_analysis:run_geo_evaluation:172 | Completed 30000/50000 permutations
2025-09-17 22:51:56 | INFO     | Murray.post_analysis:run_geo_evaluation:172 | Completed 40000/50000 permutations
2025-09-17 22:51:56 | INFO     | Murray.post_analysis:run_geo_evaluation:178 | Permutation test completed, calculating p-value and power...
2025-09-17 22:51:56 | INFO     | Murray.post_analysis:run_geo_evaluation:184 | Final results:
2025-09-17 22:51:56 | INFO     | Murray.post_analysis:run_geo_evaluation:185 |   MAPE: 5.6690
2025-09-17 22:51:56 | INFO     | Murray.post_analysis:run_geo_evaluation:186 |   SMAPE: 5.5965
2025-09-17 22:51:56 | INFO     | Murray.post_analysis:run_geo_evaluation:187 |   Percentage lift: -0.4939%
2025-09-17 22:51:56 | INFO     | Murray.post_analysis:run_geo_evaluation:188 |   P-value: 0.606680
2025-09-17 22:51:56 | INFO     | Murray.post_analysis:run_geo_evaluation:189 |   Power: 0.0000
2025-09-17 22:51:56 | INFO     | Murray.post_analysis:run_geo_evaluation:216 | run_geo_evaluation completed successfully
2025-09-17 22:52:07 | INFO     | __main__:<module>:153 | user isaac@entropy.tech logged in
2025-09-17 22:52:10 | INFO     | __main__:<module>:153 | user isaac@entropy.tech logged in
2025-09-17 22:52:11 | INFO     | Murray.metrics:update_metrics:59 | New record added: {'timestamp': '2025-09-17 22:52:11', 'section': 'experimental_evaluation', 'date': '2025-09-17', 'day_of_week': 'Wednesday', 'hour': 22}
2025-09-17 22:52:11 | INFO     | Murray.post_analysis:run_geo_evaluation:21 | Starting run_geo_evaluation
2025-09-17 22:52:11 | INFO     | Murray.post_analysis:run_geo_evaluation:22 | Input data shape: (11392, 11)
2025-09-17 22:52:11 | INFO     | Murray.post_analysis:run_geo_evaluation:23 | Treatment group: ['aguascalientes', 'campeche', 'chihuahua', 'guanajuato', 'jalisco', 'oaxaca', 'quintana roo', 'tabasco', 'yucatan']
2025-09-17 22:52:11 | INFO     | Murray.post_analysis:run_geo_evaluation:24 | Start treatment: 2025-07-16 00:00:00, End treatment: 2025-09-06 00:00:00
2025-09-17 22:52:11 | INFO     | Murray.post_analysis:run_geo_evaluation:25 | n_permutations: 50000, significance_level: 0.1
2025-09-17 22:52:11 | INFO     | Murray.post_analysis:run_geo_evaluation:40 | Treatment period positions: 303 to 356
2025-09-17 22:52:11 | INFO     | Murray.post_analysis:run_geo_evaluation:49 | Generating correlation matrix...
2025-09-17 22:52:11 | INFO     | Murray.post_analysis:run_geo_evaluation:52 | Selecting control group...
2025-09-17 22:52:11 | INFO     | Murray.post_analysis:run_geo_evaluation:58 | Control group selected: ['zacatecas', 'morelos', 'mexico city', 'michoacan', 'queretaro', 'puebla']
2025-09-17 22:52:11 | INFO     | Murray.post_analysis:run_geo_evaluation:68 | Pivot table shape: (356, 32)
2025-09-17 22:52:11 | INFO     | Murray.post_analysis:run_geo_evaluation:81 | Scaling data...
2025-09-17 22:52:11 | INFO     | Murray.post_analysis:run_geo_evaluation:101 | Fitting synthetic control model...
2025-09-17 22:52:11 | INFO     | Murray.post_analysis:run_geo_evaluation:104 | Model fitted successfully
2025-09-17 22:52:11 | INFO     | Murray.post_analysis:run_geo_evaluation:106 | Making predictions...
2025-09-17 22:52:11 | INFO     | Murray.post_analysis:run_geo_evaluation:137 | Calculating metrics...
2025-09-17 22:52:11 | INFO     | Murray.post_analysis:run_geo_evaluation:138 | Data shapes - treatment: (356,), counterfactual: (356,)
2025-09-17 22:52:11 | INFO     | Murray.post_analysis:run_geo_evaluation:148 | Treatment period sum: 91859
2025-09-17 22:52:11 | INFO     | Murray.post_analysis:run_geo_evaluation:149 | Counterfactual period sum: 88985.11408438336
2025-09-17 22:52:11 | INFO     | Murray.post_analysis:run_geo_evaluation:150 | Lift difference (treatment - counterfactual): 2873.8859156166436
2025-09-17 22:52:11 | INFO     | Murray.post_analysis:run_geo_evaluation:164 | Observed statistic (sum of residuals): 2873.8859156166463
2025-09-17 22:52:11 | INFO     | Murray.post_analysis:run_geo_evaluation:165 | Manual verification - observed_stat should equal lift_difference: 2873.8859156166436
2025-09-17 22:52:11 | INFO     | Murray.post_analysis:run_geo_evaluation:167 | Starting permutation test with 50000 permutations...
2025-09-17 22:52:11 | INFO     | Murray.post_analysis:run_geo_evaluation:172 | Completed 10000/50000 permutations
2025-09-17 22:52:11 | INFO     | Murray.post_analysis:run_geo_evaluation:172 | Completed 20000/50000 permutations
2025-09-17 22:52:11 | INFO     | Murray.post_analysis:run_geo_evaluation:172 | Completed 30000/50000 permutations
2025-09-17 22:52:11 | INFO     | Murray.post_analysis:run_geo_evaluation:172 | Completed 40000/50000 permutations
2025-09-17 22:52:11 | INFO     | Murray.post_analysis:run_geo_evaluation:178 | Permutation test completed, calculating p-value and power...
2025-09-17 22:52:11 | INFO     | Murray.post_analysis:run_geo_evaluation:184 | Final results:
2025-09-17 22:52:11 | INFO     | Murray.post_analysis:run_geo_evaluation:185 |   MAPE: 67.0481
2025-09-17 22:52:11 | INFO     | Murray.post_analysis:run_geo_evaluation:186 |   SMAPE: 49.2739
2025-09-17 22:52:11 | INFO     | Murray.post_analysis:run_geo_evaluation:187 |   Percentage lift: 3.2296%
2025-09-17 22:52:11 | INFO     | Murray.post_analysis:run_geo_evaluation:188 |   P-value: 0.757700
2025-09-17 22:52:11 | INFO     | Murray.post_analysis:run_geo_evaluation:189 |   Power: 0.0000
2025-09-17 22:52:11 | INFO     | Murray.post_analysis:run_geo_evaluation:216 | run_geo_evaluation completed successfully
2025-09-17 22:52:21 | INFO     | __main__:<module>:153 | user isaac@entropy.tech logged in
2025-09-17 22:52:31 | INFO     | __main__:<module>:153 | user isaac@entropy.tech logged in
2025-09-17 22:52:31 | INFO     | Murray.metrics:update_metrics:59 | New record added: {'timestamp': '2025-09-17 22:52:31', 'section': 'experimental_evaluation', 'date': '2025-09-17', 'day_of_week': 'Wednesday', 'hour': 22}
2025-09-17 22:52:31 | INFO     | Murray.post_analysis:run_geo_evaluation:21 | Starting run_geo_evaluation
2025-09-17 22:52:31 | INFO     | Murray.post_analysis:run_geo_evaluation:22 | Input data shape: (11392, 11)
2025-09-17 22:52:31 | INFO     | Murray.post_analysis:run_geo_evaluation:23 | Treatment group: ['aguascalientes', 'campeche', 'chihuahua', 'guanajuato', 'jalisco', 'oaxaca', 'quintana roo', 'tabasco', 'yucatan']
2025-09-17 22:52:31 | INFO     | Murray.post_analysis:run_geo_evaluation:24 | Start treatment: 2025-07-16 00:00:00, End treatment: 2025-09-06 00:00:00
2025-09-17 22:52:31 | INFO     | Murray.post_analysis:run_geo_evaluation:25 | n_permutations: 50000, significance_level: 0.1
2025-09-17 22:52:31 | INFO     | Murray.post_analysis:run_geo_evaluation:40 | Treatment period positions: 303 to 356
2025-09-17 22:52:31 | INFO     | Murray.post_analysis:run_geo_evaluation:49 | Generating correlation matrix...
2025-09-17 22:52:31 | INFO     | Murray.post_analysis:run_geo_evaluation:52 | Selecting control group...
2025-09-17 22:52:31 | INFO     | Murray.post_analysis:run_geo_evaluation:58 | Control group selected: ['veracruz', 'state of mexico', 'san luis potosi', 'durango', 'hidalgo', 'guerrero', 'zacatecas', 'michoacan', 'queretaro', 'tlaxcala', 'nuevo leon', 'chiapas', 'coahuila', 'sonora', 'morelos', 'tamaulipas', 'puebla', 'nayarit', 'baja california', 'mexico city', 'baja california sur']
2025-09-17 22:52:31 | INFO     | Murray.post_analysis:run_geo_evaluation:68 | Pivot table shape: (356, 32)
2025-09-17 22:52:31 | INFO     | Murray.post_analysis:run_geo_evaluation:81 | Scaling data...
2025-09-17 22:52:31 | INFO     | Murray.post_analysis:run_geo_evaluation:101 | Fitting synthetic control model...
2025-09-17 22:52:31 | INFO     | Murray.post_analysis:run_geo_evaluation:104 | Model fitted successfully
2025-09-17 22:52:31 | INFO     | Murray.post_analysis:run_geo_evaluation:106 | Making predictions...
2025-09-17 22:52:31 | INFO     | Murray.post_analysis:run_geo_evaluation:137 | Calculating metrics...
2025-09-17 22:52:31 | INFO     | Murray.post_analysis:run_geo_evaluation:138 | Data shapes - treatment: (356,), counterfactual: (356,)
2025-09-17 22:52:31 | INFO     | Murray.post_analysis:run_geo_evaluation:148 | Treatment period sum: 5701362
2025-09-17 22:52:31 | INFO     | Murray.post_analysis:run_geo_evaluation:149 | Counterfactual period sum: 5747108.621395762
2025-09-17 22:52:31 | INFO     | Murray.post_analysis:run_geo_evaluation:150 | Lift difference (treatment - counterfactual): -45746.62139576208
2025-09-17 22:52:31 | INFO     | Murray.post_analysis:run_geo_evaluation:164 | Observed statistic (sum of residuals): -45746.62139576247
2025-09-17 22:52:31 | INFO     | Murray.post_analysis:run_geo_evaluation:165 | Manual verification - observed_stat should equal lift_difference: -45746.62139576208
2025-09-17 22:52:31 | INFO     | Murray.post_analysis:run_geo_evaluation:167 | Starting permutation test with 50000 permutations...
2025-09-17 22:52:31 | INFO     | Murray.post_analysis:run_geo_evaluation:172 | Completed 10000/50000 permutations
2025-09-17 22:52:31 | INFO     | Murray.post_analysis:run_geo_evaluation:172 | Completed 20000/50000 permutations
2025-09-17 22:52:31 | INFO     | Murray.post_analysis:run_geo_evaluation:172 | Completed 30000/50000 permutations
2025-09-17 22:52:31 | INFO     | Murray.post_analysis:run_geo_evaluation:172 | Completed 40000/50000 permutations
2025-09-17 22:52:31 | INFO     | Murray.post_analysis:run_geo_evaluation:178 | Permutation test completed, calculating p-value and power...
2025-09-17 22:52:31 | INFO     | Murray.post_analysis:run_geo_evaluation:184 | Final results:
2025-09-17 22:52:31 | INFO     | Murray.post_analysis:run_geo_evaluation:185 |   MAPE: 3.3673
2025-09-17 22:52:31 | INFO     | Murray.post_analysis:run_geo_evaluation:186 |   SMAPE: 3.3466
2025-09-17 22:52:31 | INFO     | Murray.post_analysis:run_geo_evaluation:187 |   Percentage lift: -0.7960%
2025-09-17 22:52:31 | INFO     | Murray.post_analysis:run_geo_evaluation:188 |   P-value: 0.167440
2025-09-17 22:52:31 | INFO     | Murray.post_analysis:run_geo_evaluation:189 |   Power: 0.0000
2025-09-17 22:52:31 | INFO     | Murray.post_analysis:run_geo_evaluation:216 | run_geo_evaluation completed successfully
2025-09-17 22:52:45 | INFO     | __main__:<module>:153 | user isaac@entropy.tech logged in
2025-09-17 22:52:47 | INFO     | __main__:<module>:153 | user isaac@entropy.tech logged in
2025-09-17 22:52:47 | INFO     | Murray.metrics:update_metrics:59 | New record added: {'timestamp': '2025-09-17 22:52:47', 'section': 'experimental_evaluation', 'date': '2025-09-17', 'day_of_week': 'Wednesday', 'hour': 22}
2025-09-17 22:52:47 | INFO     | Murray.post_analysis:run_geo_evaluation:21 | Starting run_geo_evaluation
2025-09-17 22:52:47 | INFO     | Murray.post_analysis:run_geo_evaluation:22 | Input data shape: (11392, 11)
2025-09-17 22:52:47 | INFO     | Murray.post_analysis:run_geo_evaluation:23 | Treatment group: ['aguascalientes', 'campeche', 'chihuahua', 'guanajuato', 'jalisco', 'oaxaca', 'quintana roo', 'tabasco', 'yucatan']
2025-09-17 22:52:47 | INFO     | Murray.post_analysis:run_geo_evaluation:24 | Start treatment: 2025-07-16 00:00:00, End treatment: 2025-09-06 00:00:00
2025-09-17 22:52:47 | INFO     | Murray.post_analysis:run_geo_evaluation:25 | n_permutations: 50000, significance_level: 0.1
2025-09-17 22:52:47 | INFO     | Murray.post_analysis:run_geo_evaluation:40 | Treatment period positions: 303 to 356
2025-09-17 22:52:47 | INFO     | Murray.post_analysis:run_geo_evaluation:49 | Generating correlation matrix...
2025-09-17 22:52:47 | INFO     | Murray.post_analysis:run_geo_evaluation:52 | Selecting control group...
2025-09-17 22:52:47 | INFO     | Murray.post_analysis:run_geo_evaluation:58 | Control group selected: ['nuevo leon', 'mexico city', 'state of mexico']
2025-09-17 22:52:47 | INFO     | Murray.post_analysis:run_geo_evaluation:68 | Pivot table shape: (356, 32)
2025-09-17 22:52:47 | INFO     | Murray.post_analysis:run_geo_evaluation:81 | Scaling data...
2025-09-17 22:52:47 | INFO     | Murray.post_analysis:run_geo_evaluation:101 | Fitting synthetic control model...
2025-09-17 22:52:47 | INFO     | Murray.post_analysis:run_geo_evaluation:104 | Model fitted successfully
2025-09-17 22:52:47 | INFO     | Murray.post_analysis:run_geo_evaluation:106 | Making predictions...
2025-09-17 22:52:47 | INFO     | Murray.post_analysis:run_geo_evaluation:137 | Calculating metrics...
2025-09-17 22:52:47 | INFO     | Murray.post_analysis:run_geo_evaluation:138 | Data shapes - treatment: (356,), counterfactual: (356,)
2025-09-17 22:52:47 | INFO     | Murray.post_analysis:run_geo_evaluation:148 | Treatment period sum: 17051
2025-09-17 22:52:47 | INFO     | Murray.post_analysis:run_geo_evaluation:149 | Counterfactual period sum: 16408.649111995936
2025-09-17 22:52:47 | INFO     | Murray.post_analysis:run_geo_evaluation:150 | Lift difference (treatment - counterfactual): 642.3508880040645
2025-09-17 22:52:47 | INFO     | Murray.post_analysis:run_geo_evaluation:164 | Observed statistic (sum of residuals): 642.3508880040656
2025-09-17 22:52:47 | INFO     | Murray.post_analysis:run_geo_evaluation:165 | Manual verification - observed_stat should equal lift_difference: 642.3508880040645
2025-09-17 22:52:47 | INFO     | Murray.post_analysis:run_geo_evaluation:167 | Starting permutation test with 50000 permutations...
2025-09-17 22:52:48 | INFO     | Murray.post_analysis:run_geo_evaluation:172 | Completed 10000/50000 permutations
2025-09-17 22:52:48 | INFO     | Murray.post_analysis:run_geo_evaluation:172 | Completed 20000/50000 permutations
2025-09-17 22:52:48 | INFO     | Murray.post_analysis:run_geo_evaluation:172 | Completed 30000/50000 permutations
2025-09-17 22:52:48 | INFO     | Murray.post_analysis:run_geo_evaluation:172 | Completed 40000/50000 permutations
2025-09-17 22:52:48 | INFO     | Murray.post_analysis:run_geo_evaluation:178 | Permutation test completed, calculating p-value and power...
2025-09-17 22:52:48 | INFO     | Murray.post_analysis:run_geo_evaluation:184 | Final results:
2025-09-17 22:52:48 | INFO     | Murray.post_analysis:run_geo_evaluation:185 |   MAPE: 2512670578528.2178
2025-09-17 22:52:48 | INFO     | Murray.post_analysis:run_geo_evaluation:186 |   SMAPE: 39.7092
2025-09-17 22:52:48 | INFO     | Murray.post_analysis:run_geo_evaluation:187 |   Percentage lift: 3.9147%
2025-09-17 22:52:48 | INFO     | Murray.post_analysis:run_geo_evaluation:188 |   P-value: 0.657980
2025-09-17 22:52:48 | INFO     | Murray.post_analysis:run_geo_evaluation:189 |   Power: 0.0000
2025-09-17 22:52:48 | INFO     | Murray.post_analysis:run_geo_evaluation:216 | run_geo_evaluation completed successfully
2025-09-17 22:53:02 | INFO     | __main__:<module>:153 | user isaac@entropy.tech logged in
2025-09-17 22:54:02 | INFO     | __main__:<module>:153 | user isaac@entropy.tech logged in
2025-09-17 22:54:02 | INFO     | Murray.metrics:update_metrics:59 | New record added: {'timestamp': '2025-09-17 22:54:02', 'section': 'experimental_evaluation', 'date': '2025-09-17', 'day_of_week': 'Wednesday', 'hour': 22}
2025-09-17 22:54:02 | INFO     | Murray.post_analysis:run_geo_evaluation:21 | Starting run_geo_evaluation
2025-09-17 22:54:02 | INFO     | Murray.post_analysis:run_geo_evaluation:22 | Input data shape: (11392, 11)
2025-09-17 22:54:02 | INFO     | Murray.post_analysis:run_geo_evaluation:23 | Treatment group: ['aguascalientes', 'campeche', 'chihuahua', 'guanajuato', 'jalisco', 'oaxaca', 'quintana roo', 'tabasco', 'yucatan']
2025-09-17 22:54:02 | INFO     | Murray.post_analysis:run_geo_evaluation:24 | Start treatment: 2025-07-16 00:00:00, End treatment: 2025-09-06 00:00:00
2025-09-17 22:54:02 | INFO     | Murray.post_analysis:run_geo_evaluation:25 | n_permutations: 50000, significance_level: 0.1
2025-09-17 22:54:02 | INFO     | Murray.post_analysis:run_geo_evaluation:40 | Treatment period positions: 303 to 356
2025-09-17 22:54:02 | INFO     | Murray.post_analysis:run_geo_evaluation:49 | Generating correlation matrix...
2025-09-17 22:54:02 | INFO     | Murray.post_analysis:run_geo_evaluation:52 | Selecting control group...
2025-09-17 22:54:02 | INFO     | Murray.post_analysis:run_geo_evaluation:58 | Control group selected: ['queretaro', 'mexico city', 'state of mexico', 'baja california']
2025-09-17 22:54:02 | INFO     | Murray.post_analysis:run_geo_evaluation:68 | Pivot table shape: (356, 32)
2025-09-17 22:54:02 | INFO     | Murray.post_analysis:run_geo_evaluation:81 | Scaling data...
2025-09-17 22:54:02 | INFO     | Murray.post_analysis:run_geo_evaluation:101 | Fitting synthetic control model...
2025-09-17 22:54:02 | INFO     | Murray.post_analysis:run_geo_evaluation:104 | Model fitted successfully
2025-09-17 22:54:02 | INFO     | Murray.post_analysis:run_geo_evaluation:106 | Making predictions...
2025-09-17 22:54:02 | INFO     | Murray.post_analysis:run_geo_evaluation:137 | Calculating metrics...
2025-09-17 22:54:02 | INFO     | Murray.post_analysis:run_geo_evaluation:138 | Data shapes - treatment: (356,), counterfactual: (356,)
2025-09-17 22:54:02 | INFO     | Murray.post_analysis:run_geo_evaluation:148 | Treatment period sum: 261089522.39199
2025-09-17 22:54:02 | INFO     | Murray.post_analysis:run_geo_evaluation:149 | Counterfactual period sum: 268793698.1456726
2025-09-17 22:54:02 | INFO     | Murray.post_analysis:run_geo_evaluation:150 | Lift difference (treatment - counterfactual): -7704175.753682613
2025-09-17 22:54:02 | INFO     | Murray.post_analysis:run_geo_evaluation:164 | Observed statistic (sum of residuals): -7704175.753682646
2025-09-17 22:54:02 | INFO     | Murray.post_analysis:run_geo_evaluation:165 | Manual verification - observed_stat should equal lift_difference: -7704175.753682613
2025-09-17 22:54:02 | INFO     | Murray.post_analysis:run_geo_evaluation:167 | Starting permutation test with 50000 permutations...
2025-09-17 22:54:02 | INFO     | Murray.post_analysis:run_geo_evaluation:172 | Completed 10000/50000 permutations
2025-09-17 22:54:02 | INFO     | Murray.post_analysis:run_geo_evaluation:172 | Completed 20000/50000 permutations
2025-09-17 22:54:02 | INFO     | Murray.post_analysis:run_geo_evaluation:172 | Completed 30000/50000 permutations
2025-09-17 22:54:03 | INFO     | Murray.post_analysis:run_geo_evaluation:172 | Completed 40000/50000 permutations
2025-09-17 22:54:03 | INFO     | Murray.post_analysis:run_geo_evaluation:178 | Permutation test completed, calculating p-value and power...
2025-09-17 22:54:03 | INFO     | Murray.post_analysis:run_geo_evaluation:184 | Final results:
2025-09-17 22:54:03 | INFO     | Murray.post_analysis:run_geo_evaluation:185 |   MAPE: 93.3874
2025-09-17 22:54:03 | INFO     | Murray.post_analysis:run_geo_evaluation:186 |   SMAPE: 56.9203
2025-09-17 22:54:03 | INFO     | Murray.post_analysis:run_geo_evaluation:187 |   Percentage lift: -2.8662%
2025-09-17 22:54:03 | INFO     | Murray.post_analysis:run_geo_evaluation:188 |   P-value: 0.770540
2025-09-17 22:54:03 | INFO     | Murray.post_analysis:run_geo_evaluation:189 |   Power: 0.0000
2025-09-17 22:54:03 | INFO     | Murray.post_analysis:run_geo_evaluation:216 | run_geo_evaluation completed successfully
2025-09-17 22:54:42 | INFO     | __main__:<module>:153 | user isaac@entropy.tech logged in
2025-09-17 22:54:45 | INFO     | __main__:<module>:153 | user isaac@entropy.tech logged in
2025-09-17 22:54:45 | INFO     | Murray.metrics:update_metrics:59 | New record added: {'timestamp': '2025-09-17 22:54:45', 'section': 'experimental_evaluation', 'date': '2025-09-17', 'day_of_week': 'Wednesday', 'hour': 22}
2025-09-17 22:54:45 | INFO     | Murray.post_analysis:run_geo_evaluation:21 | Starting run_geo_evaluation
2025-09-17 22:54:45 | INFO     | Murray.post_analysis:run_geo_evaluation:22 | Input data shape: (11392, 11)
2025-09-17 22:54:45 | INFO     | Murray.post_analysis:run_geo_evaluation:23 | Treatment group: ['aguascalientes', 'campeche', 'chihuahua', 'guanajuato', 'jalisco', 'oaxaca', 'quintana roo', 'tabasco', 'yucatan']
2025-09-17 22:54:45 | INFO     | Murray.post_analysis:run_geo_evaluation:24 | Start treatment: 2025-07-16 00:00:00, End treatment: 2025-09-06 00:00:00
2025-09-17 22:54:45 | INFO     | Murray.post_analysis:run_geo_evaluation:25 | n_permutations: 50000, significance_level: 0.1
2025-09-17 22:54:45 | INFO     | Murray.post_analysis:run_geo_evaluation:40 | Treatment period positions: 303 to 356
2025-09-17 22:54:45 | INFO     | Murray.post_analysis:run_geo_evaluation:49 | Generating correlation matrix...
2025-09-17 22:54:45 | INFO     | Murray.post_analysis:run_geo_evaluation:52 | Selecting control group...
2025-09-17 22:54:45 | INFO     | Murray.post_analysis:run_geo_evaluation:58 | Control group selected: ['veracruz', 'state of mexico', 'san luis potosi', 'durango', 'hidalgo', 'guerrero', 'sinaloa', 'michoacan', 'queretaro', 'tlaxcala', 'nuevo leon', 'chiapas', 'coahuila', 'sonora', 'morelos', 'tamaulipas', 'puebla', 'nayarit', 'baja california', 'mexico city', 'baja california sur']
2025-09-17 22:54:45 | INFO     | Murray.post_analysis:run_geo_evaluation:68 | Pivot table shape: (356, 32)
2025-09-17 22:54:45 | INFO     | Murray.post_analysis:run_geo_evaluation:81 | Scaling data...
2025-09-17 22:54:45 | INFO     | Murray.post_analysis:run_geo_evaluation:101 | Fitting synthetic control model...
2025-09-17 22:54:45 | INFO     | Murray.post_analysis:run_geo_evaluation:104 | Model fitted successfully
2025-09-17 22:54:45 | INFO     | Murray.post_analysis:run_geo_evaluation:106 | Making predictions...
2025-09-17 22:54:45 | INFO     | Murray.post_analysis:run_geo_evaluation:137 | Calculating metrics...
2025-09-17 22:54:45 | INFO     | Murray.post_analysis:run_geo_evaluation:138 | Data shapes - treatment: (356,), counterfactual: (356,)
2025-09-17 22:54:45 | INFO     | Murray.post_analysis:run_geo_evaluation:148 | Treatment period sum: 7798547
2025-09-17 22:54:45 | INFO     | Murray.post_analysis:run_geo_evaluation:149 | Counterfactual period sum: 7899584.5435533775
2025-09-17 22:54:45 | INFO     | Murray.post_analysis:run_geo_evaluation:150 | Lift difference (treatment - counterfactual): -101037.5435533775
2025-09-17 22:54:45 | INFO     | Murray.post_analysis:run_geo_evaluation:164 | Observed statistic (sum of residuals): -101037.54355337744
2025-09-17 22:54:45 | INFO     | Murray.post_analysis:run_geo_evaluation:165 | Manual verification - observed_stat should equal lift_difference: -101037.5435533775
2025-09-17 22:54:45 | INFO     | Murray.post_analysis:run_geo_evaluation:167 | Starting permutation test with 50000 permutations...
2025-09-17 22:54:45 | INFO     | Murray.post_analysis:run_geo_evaluation:172 | Completed 10000/50000 permutations
2025-09-17 22:54:45 | INFO     | Murray.post_analysis:run_geo_evaluation:172 | Completed 20000/50000 permutations
2025-09-17 22:54:45 | INFO     | Murray.post_analysis:run_geo_evaluation:172 | Completed 30000/50000 permutations
2025-09-17 22:54:45 | INFO     | Murray.post_analysis:run_geo_evaluation:172 | Completed 40000/50000 permutations
2025-09-17 22:54:45 | INFO     | Murray.post_analysis:run_geo_evaluation:178 | Permutation test completed, calculating p-value and power...
2025-09-17 22:54:45 | INFO     | Murray.post_analysis:run_geo_evaluation:184 | Final results:
2025-09-17 22:54:45 | INFO     | Murray.post_analysis:run_geo_evaluation:185 |   MAPE: 3.4127
2025-09-17 22:54:45 | INFO     | Murray.post_analysis:run_geo_evaluation:186 |   SMAPE: 3.3912
2025-09-17 22:54:45 | INFO     | Murray.post_analysis:run_geo_evaluation:187 |   Percentage lift: -1.2790%
2025-09-17 22:54:45 | INFO     | Murray.post_analysis:run_geo_evaluation:188 |   P-value: 0.026380
2025-09-17 22:54:45 | INFO     | Murray.post_analysis:run_geo_evaluation:189 |   Power: 1.0000
2025-09-17 22:54:45 | INFO     | Murray.post_analysis:run_geo_evaluation:216 | run_geo_evaluation completed successfully
2025-09-17 23:08:37 | INFO     | __main__:<module>:153 | user isaac@entropy.tech logged in
2025-09-17 23:08:39 | INFO     | __main__:<module>:153 | user isaac@entropy.tech logged in
2025-09-17 23:08:39 | INFO     | Murray.metrics:update_metrics:59 | New record added: {'timestamp': '2025-09-17 23:08:39', 'section': 'experimental_evaluation', 'date': '2025-09-17', 'day_of_week': 'Wednesday', 'hour': 23}
2025-09-17 23:08:39 | INFO     | Murray.post_analysis:run_geo_evaluation:21 | Starting run_geo_evaluation
2025-09-17 23:08:39 | INFO     | Murray.post_analysis:run_geo_evaluation:22 | Input data shape: (11392, 11)
2025-09-17 23:08:39 | INFO     | Murray.post_analysis:run_geo_evaluation:23 | Treatment group: ['aguascalientes', 'campeche', 'chihuahua', 'guanajuato', 'jalisco', 'oaxaca', 'quintana roo', 'tabasco', 'yucatan']
2025-09-17 23:08:39 | INFO     | Murray.post_analysis:run_geo_evaluation:24 | Start treatment: 2025-07-16 00:00:00, End treatment: 2025-09-06 00:00:00
2025-09-17 23:08:39 | INFO     | Murray.post_analysis:run_geo_evaluation:25 | n_permutations: 50000, significance_level: 0.1
2025-09-17 23:08:39 | INFO     | Murray.post_analysis:run_geo_evaluation:40 | Treatment period positions: 303 to 356
2025-09-17 23:08:39 | INFO     | Murray.post_analysis:run_geo_evaluation:49 | Generating correlation matrix...
2025-09-17 23:08:39 | INFO     | Murray.post_analysis:run_geo_evaluation:52 | Selecting control group...
2025-09-17 23:08:39 | INFO     | Murray.post_analysis:run_geo_evaluation:58 | Control group selected: ['nayarit', 'mexico city', 'state of mexico']
2025-09-17 23:08:39 | INFO     | Murray.post_analysis:run_geo_evaluation:68 | Pivot table shape: (356, 32)
2025-09-17 23:08:39 | INFO     | Murray.post_analysis:run_geo_evaluation:81 | Scaling data...
2025-09-17 23:08:39 | INFO     | Murray.post_analysis:run_geo_evaluation:101 | Fitting synthetic control model...
2025-09-17 23:08:39 | INFO     | Murray.post_analysis:run_geo_evaluation:104 | Model fitted successfully
2025-09-17 23:08:39 | INFO     | Murray.post_analysis:run_geo_evaluation:106 | Making predictions...
2025-09-17 23:08:39 | INFO     | Murray.post_analysis:run_geo_evaluation:137 | Calculating metrics...
2025-09-17 23:08:39 | INFO     | Murray.post_analysis:run_geo_evaluation:138 | Data shapes - treatment: (356,), counterfactual: (356,)
2025-09-17 23:08:39 | INFO     | Murray.post_analysis:run_geo_evaluation:148 | Treatment period sum: 386717
2025-09-17 23:08:39 | INFO     | Murray.post_analysis:run_geo_evaluation:149 | Counterfactual period sum: 393399.9937448269
2025-09-17 23:08:39 | INFO     | Murray.post_analysis:run_geo_evaluation:150 | Lift difference (treatment - counterfactual): -6682.993744826876
2025-09-17 23:08:39 | INFO     | Murray.post_analysis:run_geo_evaluation:164 | Observed statistic (sum of residuals): -6682.993744826837
2025-09-17 23:08:39 | INFO     | Murray.post_analysis:run_geo_evaluation:165 | Manual verification - observed_stat should equal lift_difference: -6682.993744826876
2025-09-17 23:08:39 | INFO     | Murray.post_analysis:run_geo_evaluation:167 | Starting permutation test with 50000 permutations...
2025-09-17 23:08:39 | INFO     | Murray.post_analysis:run_geo_evaluation:172 | Completed 10000/50000 permutations
2025-09-17 23:08:39 | INFO     | Murray.post_analysis:run_geo_evaluation:172 | Completed 20000/50000 permutations
2025-09-17 23:08:39 | INFO     | Murray.post_analysis:run_geo_evaluation:172 | Completed 30000/50000 permutations
2025-09-17 23:08:39 | INFO     | Murray.post_analysis:run_geo_evaluation:172 | Completed 40000/50000 permutations
2025-09-17 23:08:39 | INFO     | Murray.post_analysis:run_geo_evaluation:178 | Permutation test completed, calculating p-value and power...
2025-09-17 23:08:39 | INFO     | Murray.post_analysis:run_geo_evaluation:184 | Final results:
2025-09-17 23:08:39 | INFO     | Murray.post_analysis:run_geo_evaluation:185 |   MAPE: 22.3196
2025-09-17 23:08:39 | INFO     | Murray.post_analysis:run_geo_evaluation:186 |   SMAPE: 20.8374
2025-09-17 23:08:39 | INFO     | Murray.post_analysis:run_geo_evaluation:187 |   Percentage lift: -1.6988%
2025-09-17 23:08:39 | INFO     | Murray.post_analysis:run_geo_evaluation:188 |   P-value: 0.611640
2025-09-17 23:08:39 | INFO     | Murray.post_analysis:run_geo_evaluation:189 |   Power: 0.0000
2025-09-17 23:08:39 | INFO     | Murray.post_analysis:run_geo_evaluation:216 | run_geo_evaluation completed successfully
2025-09-18 07:54:49 | INFO     | __main__:<module>:153 | user isaac@entropy.tech logged in
2025-09-18 07:54:51 | INFO     | __main__:<module>:153 | user isaac@entropy.tech logged in
2025-09-18 07:54:54 | INFO     | __main__:<module>:153 | user isaac@entropy.tech logged in
2025-09-18 07:54:58 | INFO     | __main__:<module>:153 | user isaac@entropy.tech logged in
2025-09-18 07:55:23 | INFO     | __main__:<module>:153 | user isaac@entropy.tech logged in
2025-09-18 07:56:29 | INFO     | __main__:<module>:153 | user isaac@entropy.tech logged in
2025-09-18 07:56:31 | INFO     | __main__:<module>:153 | user isaac@entropy.tech logged in
2025-09-18 07:56:34 | INFO     | __main__:<module>:153 | user isaac@entropy.tech logged in
2025-09-18 07:56:37 | INFO     | __main__:<module>:153 | user isaac@entropy.tech logged in
2025-09-18 07:56:38 | INFO     | __main__:<module>:153 | user isaac@entropy.tech logged in
2025-09-18 07:56:41 | INFO     | __main__:<module>:153 | user isaac@entropy.tech logged in
2025-09-18 07:56:42 | INFO     | __main__:<module>:153 | user isaac@entropy.tech logged in
2025-09-18 07:56:44 | INFO     | __main__:<module>:153 | user isaac@entropy.tech logged in
2025-09-18 07:56:46 | INFO     | __main__:<module>:153 | user isaac@entropy.tech logged in
2025-09-18 07:56:48 | INFO     | __main__:<module>:153 | user isaac@entropy.tech logged in
2025-09-18 07:56:48 | INFO     | Murray.metrics:update_metrics:59 | New record added: {'timestamp': '2025-09-18 07:56:48', 'section': 'experimental_evaluation', 'date': '2025-09-18', 'day_of_week': 'Thursday', 'hour': 7}
2025-09-18 07:56:48 | INFO     | Murray.post_analysis:run_geo_evaluation:21 | Starting run_geo_evaluation
2025-09-18 07:56:49 | INFO     | Murray.post_analysis:run_geo_evaluation:22 | Input data shape: (11392, 12)
2025-09-18 07:56:49 | INFO     | Murray.post_analysis:run_geo_evaluation:23 | Treatment group: ['aguascalientes', 'campeche', 'chihuahua', 'guanajuato', 'jalisco', 'oaxaca', 'quintana roo', 'tabasco', 'yucatan']
2025-09-18 07:56:49 | INFO     | Murray.post_analysis:run_geo_evaluation:24 | Start treatment: 2025-07-16 00:00:00, End treatment: 2025-09-06 00:00:00
2025-09-18 07:56:49 | INFO     | Murray.post_analysis:run_geo_evaluation:25 | n_permutations: 50000, significance_level: 0.1
2025-09-18 07:56:49 | INFO     | Murray.post_analysis:run_geo_evaluation:40 | Treatment period positions: 303 to 356
2025-09-18 07:56:49 | INFO     | Murray.post_analysis:run_geo_evaluation:49 | Generating correlation matrix...
2025-09-18 07:56:49 | INFO     | Murray.post_analysis:run_geo_evaluation:52 | Selecting control group...
2025-09-18 07:56:49 | INFO     | Murray.post_analysis:run_geo_evaluation:58 | Control group selected: ['queretaro', 'mexico city', 'state of mexico', 'baja california']
2025-09-18 07:56:49 | INFO     | Murray.post_analysis:run_geo_evaluation:68 | Pivot table shape: (356, 32)
2025-09-18 07:56:49 | INFO     | Murray.post_analysis:run_geo_evaluation:81 | Scaling data...
2025-09-18 07:56:49 | INFO     | Murray.post_analysis:run_geo_evaluation:101 | Fitting synthetic control model...
2025-09-18 07:56:49 | INFO     | Murray.post_analysis:run_geo_evaluation:104 | Model fitted successfully
2025-09-18 07:56:49 | INFO     | Murray.post_analysis:run_geo_evaluation:106 | Making predictions...
2025-09-18 07:56:49 | INFO     | Murray.post_analysis:run_geo_evaluation:137 | Calculating metrics...
2025-09-18 07:56:49 | INFO     | Murray.post_analysis:run_geo_evaluation:138 | Data shapes - treatment: (356,), counterfactual: (356,)
2025-09-18 07:56:49 | INFO     | Murray.post_analysis:run_geo_evaluation:148 | Treatment period sum: 261089522.39199
2025-09-18 07:56:49 | INFO     | Murray.post_analysis:run_geo_evaluation:149 | Counterfactual period sum: 268793698.1456726
2025-09-18 07:56:49 | INFO     | Murray.post_analysis:run_geo_evaluation:150 | Lift difference (treatment - counterfactual): -7704175.753682613
2025-09-18 07:56:49 | INFO     | Murray.post_analysis:run_geo_evaluation:164 | Observed statistic (sum of residuals): -7704175.753682646
2025-09-18 07:56:49 | INFO     | Murray.post_analysis:run_geo_evaluation:165 | Manual verification - observed_stat should equal lift_difference: -7704175.753682613
2025-09-18 07:56:49 | INFO     | Murray.post_analysis:run_geo_evaluation:167 | Starting permutation test with 50000 permutations...
2025-09-18 07:56:49 | INFO     | Murray.post_analysis:run_geo_evaluation:172 | Completed 10000/50000 permutations
2025-09-18 07:56:49 | INFO     | Murray.post_analysis:run_geo_evaluation:172 | Completed 20000/50000 permutations
2025-09-18 07:56:49 | INFO     | Murray.post_analysis:run_geo_evaluation:172 | Completed 30000/50000 permutations
2025-09-18 07:56:49 | INFO     | Murray.post_analysis:run_geo_evaluation:172 | Completed 40000/50000 permutations
2025-09-18 07:56:49 | INFO     | Murray.post_analysis:run_geo_evaluation:178 | Permutation test completed, calculating p-value and power...
2025-09-18 07:56:49 | INFO     | Murray.post_analysis:run_geo_evaluation:184 | Final results:
2025-09-18 07:56:49 | INFO     | Murray.post_analysis:run_geo_evaluation:185 |   MAPE: 93.3874
2025-09-18 07:56:49 | INFO     | Murray.post_analysis:run_geo_evaluation:186 |   SMAPE: 56.9203
2025-09-18 07:56:49 | INFO     | Murray.post_analysis:run_geo_evaluation:187 |   Percentage lift: -2.8662%
2025-09-18 07:56:49 | INFO     | Murray.post_analysis:run_geo_evaluation:188 |   P-value: 0.770540
2025-09-18 07:56:49 | INFO     | Murray.post_analysis:run_geo_evaluation:189 |   Power: 0.0000
2025-09-18 07:56:49 | INFO     | Murray.post_analysis:run_geo_evaluation:216 | run_geo_evaluation completed successfully
2025-09-18 08:05:37 | INFO     | __main__:<module>:153 | user isaac@entropy.tech logged in
2025-09-18 08:05:41 | INFO     | __main__:<module>:153 | user isaac@entropy.tech logged in
2025-09-18 08:05:42 | INFO     | Murray.metrics:update_metrics:59 | New record added: {'timestamp': '2025-09-18 08:05:42', 'section': 'experimental_evaluation', 'date': '2025-09-18', 'day_of_week': 'Thursday', 'hour': 8}
2025-09-18 08:05:42 | INFO     | Murray.post_analysis:run_geo_evaluation:21 | Starting run_geo_evaluation
2025-09-18 08:05:42 | INFO     | Murray.post_analysis:run_geo_evaluation:22 | Input data shape: (11392, 12)
2025-09-18 08:05:42 | INFO     | Murray.post_analysis:run_geo_evaluation:23 | Treatment group: ['aguascalientes', 'campeche', 'chihuahua', 'guanajuato', 'jalisco', 'oaxaca', 'quintana roo', 'tabasco', 'yucatan']
2025-09-18 08:05:42 | INFO     | Murray.post_analysis:run_geo_evaluation:24 | Start treatment: 2025-07-16 00:00:00, End treatment: 2025-09-06 00:00:00
2025-09-18 08:05:42 | INFO     | Murray.post_analysis:run_geo_evaluation:25 | n_permutations: 50000, significance_level: 0.1
2025-09-18 08:05:42 | INFO     | Murray.post_analysis:run_geo_evaluation:40 | Treatment period positions: 303 to 356
2025-09-18 08:05:42 | INFO     | Murray.post_analysis:run_geo_evaluation:49 | Generating correlation matrix...
2025-09-18 08:05:42 | INFO     | Murray.post_analysis:run_geo_evaluation:52 | Selecting control group...
2025-09-18 08:05:42 | INFO     | Murray.post_analysis:run_geo_evaluation:58 | Control group selected: ['veracruz', 'state of mexico', 'san luis potosi', 'durango', 'hidalgo', 'guerrero', 'sinaloa', 'michoacan', 'queretaro', 'tlaxcala', 'nuevo leon', 'chiapas', 'coahuila', 'sonora', 'morelos', 'tamaulipas', 'puebla', 'nayarit', 'baja california', 'mexico city', 'baja california sur']
2025-09-18 08:05:42 | INFO     | Murray.post_analysis:run_geo_evaluation:68 | Pivot table shape: (356, 32)
2025-09-18 08:05:42 | INFO     | Murray.post_analysis:run_geo_evaluation:81 | Scaling data...
2025-09-18 08:05:42 | INFO     | Murray.post_analysis:run_geo_evaluation:101 | Fitting synthetic control model...
2025-09-18 08:05:42 | INFO     | Murray.post_analysis:run_geo_evaluation:104 | Model fitted successfully
2025-09-18 08:05:42 | INFO     | Murray.post_analysis:run_geo_evaluation:106 | Making predictions...
2025-09-18 08:05:42 | INFO     | Murray.post_analysis:run_geo_evaluation:137 | Calculating metrics...
2025-09-18 08:05:42 | INFO     | Murray.post_analysis:run_geo_evaluation:138 | Data shapes - treatment: (356,), counterfactual: (356,)
2025-09-18 08:05:42 | INFO     | Murray.post_analysis:run_geo_evaluation:148 | Treatment period sum: 7798547
2025-09-18 08:05:42 | INFO     | Murray.post_analysis:run_geo_evaluation:149 | Counterfactual period sum: 7899584.5435533775
2025-09-18 08:05:42 | INFO     | Murray.post_analysis:run_geo_evaluation:150 | Lift difference (treatment - counterfactual): -101037.5435533775
2025-09-18 08:05:42 | INFO     | Murray.post_analysis:run_geo_evaluation:164 | Observed statistic (sum of residuals): -101037.54355337744
2025-09-18 08:05:42 | INFO     | Murray.post_analysis:run_geo_evaluation:165 | Manual verification - observed_stat should equal lift_difference: -101037.5435533775
2025-09-18 08:05:42 | INFO     | Murray.post_analysis:run_geo_evaluation:167 | Starting permutation test with 50000 permutations...
2025-09-18 08:05:42 | INFO     | Murray.post_analysis:run_geo_evaluation:172 | Completed 10000/50000 permutations
2025-09-18 08:05:42 | INFO     | Murray.post_analysis:run_geo_evaluation:172 | Completed 20000/50000 permutations
2025-09-18 08:05:42 | INFO     | Murray.post_analysis:run_geo_evaluation:172 | Completed 30000/50000 permutations
2025-09-18 08:05:42 | INFO     | Murray.post_analysis:run_geo_evaluation:172 | Completed 40000/50000 permutations
2025-09-18 08:05:42 | INFO     | Murray.post_analysis:run_geo_evaluation:178 | Permutation test completed, calculating p-value and power...
2025-09-18 08:05:42 | INFO     | Murray.post_analysis:run_geo_evaluation:184 | Final results:
2025-09-18 08:05:42 | INFO     | Murray.post_analysis:run_geo_evaluation:185 |   MAPE: 3.4127
2025-09-18 08:05:42 | INFO     | Murray.post_analysis:run_geo_evaluation:186 |   SMAPE: 3.3912
2025-09-18 08:05:42 | INFO     | Murray.post_analysis:run_geo_evaluation:187 |   Percentage lift: -1.2790%
2025-09-18 08:05:42 | INFO     | Murray.post_analysis:run_geo_evaluation:188 |   P-value: 0.026380
2025-09-18 08:05:42 | INFO     | Murray.post_analysis:run_geo_evaluation:189 |   Power: 1.0000
2025-09-18 08:05:42 | INFO     | Murray.post_analysis:run_geo_evaluation:216 | run_geo_evaluation completed successfully
2025-09-18 08:06:13 | INFO     | __main__:<module>:153 | user isaac@entropy.tech logged in
2025-09-18 08:06:16 | INFO     | __main__:<module>:153 | user isaac@entropy.tech logged in
2025-09-18 08:06:16 | INFO     | Murray.metrics:update_metrics:59 | New record added: {'timestamp': '2025-09-18 08:06:16', 'section': 'experimental_evaluation', 'date': '2025-09-18', 'day_of_week': 'Thursday', 'hour': 8}
2025-09-18 08:06:16 | INFO     | Murray.post_analysis:run_geo_evaluation:21 | Starting run_geo_evaluation
2025-09-18 08:06:16 | INFO     | Murray.post_analysis:run_geo_evaluation:22 | Input data shape: (11392, 12)
2025-09-18 08:06:16 | INFO     | Murray.post_analysis:run_geo_evaluation:23 | Treatment group: ['aguascalientes', 'campeche', 'chihuahua', 'guanajuato', 'jalisco', 'oaxaca', 'quintana roo', 'tabasco', 'yucatan']
2025-09-18 08:06:16 | INFO     | Murray.post_analysis:run_geo_evaluation:24 | Start treatment: 2025-07-16 00:00:00, End treatment: 2025-09-06 00:00:00
2025-09-18 08:06:16 | INFO     | Murray.post_analysis:run_geo_evaluation:25 | n_permutations: 50000, significance_level: 0.1
2025-09-18 08:06:16 | INFO     | Murray.post_analysis:run_geo_evaluation:40 | Treatment period positions: 303 to 356
2025-09-18 08:06:16 | INFO     | Murray.post_analysis:run_geo_evaluation:49 | Generating correlation matrix...
2025-09-18 08:06:16 | INFO     | Murray.post_analysis:run_geo_evaluation:52 | Selecting control group...
2025-09-18 08:06:16 | INFO     | Murray.post_analysis:run_geo_evaluation:58 | Control group selected: ['nayarit', 'mexico city', 'state of mexico']
2025-09-18 08:06:16 | INFO     | Murray.post_analysis:run_geo_evaluation:68 | Pivot table shape: (356, 32)
2025-09-18 08:06:16 | INFO     | Murray.post_analysis:run_geo_evaluation:81 | Scaling data...
2025-09-18 08:06:16 | INFO     | Murray.post_analysis:run_geo_evaluation:101 | Fitting synthetic control model...
2025-09-18 08:06:16 | INFO     | Murray.post_analysis:run_geo_evaluation:104 | Model fitted successfully
2025-09-18 08:06:16 | INFO     | Murray.post_analysis:run_geo_evaluation:106 | Making predictions...
2025-09-18 08:06:16 | INFO     | Murray.post_analysis:run_geo_evaluation:137 | Calculating metrics...
2025-09-18 08:06:16 | INFO     | Murray.post_analysis:run_geo_evaluation:138 | Data shapes - treatment: (356,), counterfactual: (356,)
2025-09-18 08:06:16 | INFO     | Murray.post_analysis:run_geo_evaluation:148 | Treatment period sum: 386717
2025-09-18 08:06:16 | INFO     | Murray.post_analysis:run_geo_evaluation:149 | Counterfactual period sum: 393399.9937448269
2025-09-18 08:06:16 | INFO     | Murray.post_analysis:run_geo_evaluation:150 | Lift difference (treatment - counterfactual): -6682.993744826876
2025-09-18 08:06:16 | INFO     | Murray.post_analysis:run_geo_evaluation:164 | Observed statistic (sum of residuals): -6682.993744826837
2025-09-18 08:06:16 | INFO     | Murray.post_analysis:run_geo_evaluation:165 | Manual verification - observed_stat should equal lift_difference: -6682.993744826876
2025-09-18 08:06:16 | INFO     | Murray.post_analysis:run_geo_evaluation:167 | Starting permutation test with 50000 permutations...
2025-09-18 08:06:16 | INFO     | Murray.post_analysis:run_geo_evaluation:172 | Completed 10000/50000 permutations
2025-09-18 08:06:16 | INFO     | Murray.post_analysis:run_geo_evaluation:172 | Completed 20000/50000 permutations
2025-09-18 08:06:16 | INFO     | Murray.post_analysis:run_geo_evaluation:172 | Completed 30000/50000 permutations
2025-09-18 08:06:17 | INFO     | Murray.post_analysis:run_geo_evaluation:172 | Completed 40000/50000 permutations
2025-09-18 08:06:17 | INFO     | Murray.post_analysis:run_geo_evaluation:178 | Permutation test completed, calculating p-value and power...
2025-09-18 08:06:17 | INFO     | Murray.post_analysis:run_geo_evaluation:184 | Final results:
2025-09-18 08:06:17 | INFO     | Murray.post_analysis:run_geo_evaluation:185 |   MAPE: 22.3196
2025-09-18 08:06:17 | INFO     | Murray.post_analysis:run_geo_evaluation:186 |   SMAPE: 20.8374
2025-09-18 08:06:17 | INFO     | Murray.post_analysis:run_geo_evaluation:187 |   Percentage lift: -1.6988%
2025-09-18 08:06:17 | INFO     | Murray.post_analysis:run_geo_evaluation:188 |   P-value: 0.611640
2025-09-18 08:06:17 | INFO     | Murray.post_analysis:run_geo_evaluation:189 |   Power: 0.0000
2025-09-18 08:06:17 | INFO     | Murray.post_analysis:run_geo_evaluation:216 | run_geo_evaluation completed successfully
2025-09-18 08:07:05 | INFO     | __main__:<module>:153 | user isaac@entropy.tech logged in
2025-09-18 08:07:08 | INFO     | __main__:<module>:153 | user isaac@entropy.tech logged in
2025-09-18 08:07:09 | INFO     | Murray.metrics:update_metrics:59 | New record added: {'timestamp': '2025-09-18 08:07:09', 'section': 'experimental_evaluation', 'date': '2025-09-18', 'day_of_week': 'Thursday', 'hour': 8}
2025-09-18 08:07:09 | INFO     | Murray.post_analysis:run_geo_evaluation:21 | Starting run_geo_evaluation
2025-09-18 08:07:09 | INFO     | Murray.post_analysis:run_geo_evaluation:22 | Input data shape: (11392, 12)
2025-09-18 08:07:09 | INFO     | Murray.post_analysis:run_geo_evaluation:23 | Treatment group: ['aguascalientes', 'campeche', 'chihuahua', 'guanajuato', 'jalisco', 'oaxaca', 'quintana roo', 'tabasco', 'yucatan']
2025-09-18 08:07:09 | INFO     | Murray.post_analysis:run_geo_evaluation:24 | Start treatment: 2025-07-16 00:00:00, End treatment: 2025-09-06 00:00:00
2025-09-18 08:07:09 | INFO     | Murray.post_analysis:run_geo_evaluation:25 | n_permutations: 50000, significance_level: 0.1
2025-09-18 08:07:09 | INFO     | Murray.post_analysis:run_geo_evaluation:40 | Treatment period positions: 303 to 356
2025-09-18 08:07:09 | INFO     | Murray.post_analysis:run_geo_evaluation:49 | Generating correlation matrix...
2025-09-18 08:07:09 | INFO     | Murray.post_analysis:run_geo_evaluation:52 | Selecting control group...
2025-09-18 08:07:09 | INFO     | Murray.post_analysis:run_geo_evaluation:58 | Control group selected: ['nuevo leon', 'mexico city', 'state of mexico']
2025-09-18 08:07:09 | INFO     | Murray.post_analysis:run_geo_evaluation:68 | Pivot table shape: (356, 32)
2025-09-18 08:07:09 | INFO     | Murray.post_analysis:run_geo_evaluation:81 | Scaling data...
2025-09-18 08:07:09 | INFO     | Murray.post_analysis:run_geo_evaluation:101 | Fitting synthetic control model...
2025-09-18 08:07:09 | INFO     | Murray.post_analysis:run_geo_evaluation:104 | Model fitted successfully
2025-09-18 08:07:09 | INFO     | Murray.post_analysis:run_geo_evaluation:106 | Making predictions...
2025-09-18 08:07:09 | INFO     | Murray.post_analysis:run_geo_evaluation:137 | Calculating metrics...
2025-09-18 08:07:09 | INFO     | Murray.post_analysis:run_geo_evaluation:138 | Data shapes - treatment: (356,), counterfactual: (356,)
2025-09-18 08:07:09 | INFO     | Murray.post_analysis:run_geo_evaluation:148 | Treatment period sum: 50848
2025-09-18 08:07:09 | INFO     | Murray.post_analysis:run_geo_evaluation:149 | Counterfactual period sum: 59030.29245703282
2025-09-18 08:07:09 | INFO     | Murray.post_analysis:run_geo_evaluation:150 | Lift difference (treatment - counterfactual): -8182.292457032818
2025-09-18 08:07:09 | INFO     | Murray.post_analysis:run_geo_evaluation:164 | Observed statistic (sum of residuals): -8182.292457032816
2025-09-18 08:07:09 | INFO     | Murray.post_analysis:run_geo_evaluation:165 | Manual verification - observed_stat should equal lift_difference: -8182.292457032818
2025-09-18 08:07:09 | INFO     | Murray.post_analysis:run_geo_evaluation:167 | Starting permutation test with 50000 permutations...
2025-09-18 08:07:09 | INFO     | Murray.post_analysis:run_geo_evaluation:172 | Completed 10000/50000 permutations
2025-09-18 08:07:09 | INFO     | Murray.post_analysis:run_geo_evaluation:172 | Completed 20000/50000 permutations
2025-09-18 08:07:09 | INFO     | Murray.post_analysis:run_geo_evaluation:172 | Completed 30000/50000 permutations
2025-09-18 08:07:09 | INFO     | Murray.post_analysis:run_geo_evaluation:172 | Completed 40000/50000 permutations
2025-09-18 08:07:10 | INFO     | Murray.post_analysis:run_geo_evaluation:178 | Permutation test completed, calculating p-value and power...
2025-09-18 08:07:10 | INFO     | Murray.post_analysis:run_geo_evaluation:184 | Final results:
2025-09-18 08:07:10 | INFO     | Murray.post_analysis:run_geo_evaluation:185 |   MAPE: 34.8098
2025-09-18 08:07:10 | INFO     | Murray.post_analysis:run_geo_evaluation:186 |   SMAPE: 29.0830
2025-09-18 08:07:10 | INFO     | Murray.post_analysis:run_geo_evaluation:187 |   Percentage lift: -13.8612%
2025-09-18 08:07:10 | INFO     | Murray.post_analysis:run_geo_evaluation:188 |   P-value: 0.002480
2025-09-18 08:07:10 | INFO     | Murray.post_analysis:run_geo_evaluation:189 |   Power: 1.0000
2025-09-18 08:07:10 | INFO     | Murray.post_analysis:run_geo_evaluation:216 | run_geo_evaluation completed successfully
2025-09-18 08:08:06 | INFO     | __main__:<module>:153 | user isaac@entropy.tech logged in
2025-09-18 08:08:08 | INFO     | __main__:<module>:153 | user isaac@entropy.tech logged in
2025-09-18 08:08:08 | INFO     | Murray.metrics:update_metrics:59 | New record added: {'timestamp': '2025-09-18 08:08:08', 'section': 'experimental_evaluation', 'date': '2025-09-18', 'day_of_week': 'Thursday', 'hour': 8}
2025-09-18 08:08:08 | INFO     | Murray.post_analysis:run_geo_evaluation:21 | Starting run_geo_evaluation
2025-09-18 08:08:08 | INFO     | Murray.post_analysis:run_geo_evaluation:22 | Input data shape: (11392, 12)
2025-09-18 08:08:08 | INFO     | Murray.post_analysis:run_geo_evaluation:23 | Treatment group: ['aguascalientes', 'campeche', 'chihuahua', 'guanajuato', 'jalisco', 'oaxaca', 'quintana roo', 'tabasco', 'yucatan']
2025-09-18 08:08:08 | INFO     | Murray.post_analysis:run_geo_evaluation:24 | Start treatment: 2025-07-16 00:00:00, End treatment: 2025-09-06 00:00:00
2025-09-18 08:08:08 | INFO     | Murray.post_analysis:run_geo_evaluation:25 | n_permutations: 50000, significance_level: 0.1
2025-09-18 08:08:08 | INFO     | Murray.post_analysis:run_geo_evaluation:40 | Treatment period positions: 303 to 356
2025-09-18 08:08:08 | INFO     | Murray.post_analysis:run_geo_evaluation:49 | Generating correlation matrix...
2025-09-18 08:08:08 | INFO     | Murray.post_analysis:run_geo_evaluation:52 | Selecting control group...
2025-09-18 08:08:08 | INFO     | Murray.post_analysis:run_geo_evaluation:58 | Control group selected: ['mexico city', 'nayarit', 'morelos', 'state of mexico']
2025-09-18 08:08:08 | INFO     | Murray.post_analysis:run_geo_evaluation:68 | Pivot table shape: (356, 32)
2025-09-18 08:08:08 | INFO     | Murray.post_analysis:run_geo_evaluation:81 | Scaling data...
2025-09-18 08:08:08 | INFO     | Murray.post_analysis:run_geo_evaluation:101 | Fitting synthetic control model...
2025-09-18 08:08:08 | INFO     | Murray.post_analysis:run_geo_evaluation:104 | Model fitted successfully
2025-09-18 08:08:08 | INFO     | Murray.post_analysis:run_geo_evaluation:106 | Making predictions...
2025-09-18 08:08:08 | INFO     | Murray.post_analysis:run_geo_evaluation:137 | Calculating metrics...
2025-09-18 08:08:08 | INFO     | Murray.post_analysis:run_geo_evaluation:138 | Data shapes - treatment: (356,), counterfactual: (356,)
2025-09-18 08:08:08 | INFO     | Murray.post_analysis:run_geo_evaluation:148 | Treatment period sum: 390673
2025-09-18 08:08:08 | INFO     | Murray.post_analysis:run_geo_evaluation:149 | Counterfactual period sum: 436217.8721879248
2025-09-18 08:08:08 | INFO     | Murray.post_analysis:run_geo_evaluation:150 | Lift difference (treatment - counterfactual): -45544.872187924804
2025-09-18 08:08:08 | INFO     | Murray.post_analysis:run_geo_evaluation:164 | Observed statistic (sum of residuals): -45544.87218792478
2025-09-18 08:08:08 | INFO     | Murray.post_analysis:run_geo_evaluation:165 | Manual verification - observed_stat should equal lift_difference: -45544.872187924804
2025-09-18 08:08:08 | INFO     | Murray.post_analysis:run_geo_evaluation:167 | Starting permutation test with 50000 permutations...
2025-09-18 08:08:08 | INFO     | Murray.post_analysis:run_geo_evaluation:172 | Completed 10000/50000 permutations
2025-09-18 08:08:09 | INFO     | Murray.post_analysis:run_geo_evaluation:172 | Completed 20000/50000 permutations
2025-09-18 08:08:09 | INFO     | Murray.post_analysis:run_geo_evaluation:172 | Completed 30000/50000 permutations
2025-09-18 08:08:09 | INFO     | Murray.post_analysis:run_geo_evaluation:172 | Completed 40000/50000 permutations
2025-09-18 08:08:09 | INFO     | Murray.post_analysis:run_geo_evaluation:178 | Permutation test completed, calculating p-value and power...
2025-09-18 08:08:09 | INFO     | Murray.post_analysis:run_geo_evaluation:184 | Final results:
2025-09-18 08:08:09 | INFO     | Murray.post_analysis:run_geo_evaluation:185 |   MAPE: 26.5220
2025-09-18 08:08:09 | INFO     | Murray.post_analysis:run_geo_evaluation:186 |   SMAPE: 24.1728
2025-09-18 08:08:09 | INFO     | Murray.post_analysis:run_geo_evaluation:187 |   Percentage lift: -10.4409%
2025-09-18 08:08:09 | INFO     | Murray.post_analysis:run_geo_evaluation:188 |   P-value: 0.048960
2025-09-18 08:08:09 | INFO     | Murray.post_analysis:run_geo_evaluation:189 |   Power: 1.0000
2025-09-18 08:08:09 | INFO     | Murray.post_analysis:run_geo_evaluation:216 | run_geo_evaluation completed successfully
2025-09-18 08:08:24 | INFO     | __main__:<module>:153 | user isaac@entropy.tech logged in
2025-09-18 08:08:37 | INFO     | __main__:<module>:153 | user isaac@entropy.tech logged in
2025-09-18 08:08:37 | INFO     | Murray.metrics:update_metrics:59 | New record added: {'timestamp': '2025-09-18 08:08:37', 'section': 'experimental_evaluation', 'date': '2025-09-18', 'day_of_week': 'Thursday', 'hour': 8}
2025-09-18 08:08:37 | INFO     | Murray.post_analysis:run_geo_evaluation:21 | Starting run_geo_evaluation
2025-09-18 08:08:37 | INFO     | Murray.post_analysis:run_geo_evaluation:22 | Input data shape: (11392, 12)
2025-09-18 08:08:37 | INFO     | Murray.post_analysis:run_geo_evaluation:23 | Treatment group: ['aguascalientes', 'campeche', 'chihuahua', 'guanajuato', 'jalisco', 'oaxaca', 'quintana roo', 'tabasco', 'yucatan']
2025-09-18 08:08:37 | INFO     | Murray.post_analysis:run_geo_evaluation:24 | Start treatment: 2025-07-16 00:00:00, End treatment: 2025-09-06 00:00:00
2025-09-18 08:08:37 | INFO     | Murray.post_analysis:run_geo_evaluation:25 | n_permutations: 50000, significance_level: 0.1
2025-09-18 08:08:37 | INFO     | Murray.post_analysis:run_geo_evaluation:40 | Treatment period positions: 303 to 356
2025-09-18 08:08:37 | INFO     | Murray.post_analysis:run_geo_evaluation:49 | Generating correlation matrix...
2025-09-18 08:08:37 | INFO     | Murray.post_analysis:run_geo_evaluation:52 | Selecting control group...
2025-09-18 08:08:37 | INFO     | Murray.post_analysis:run_geo_evaluation:58 | Control group selected: ['veracruz', 'state of mexico', 'san luis potosi', 'hidalgo', 'guerrero', 'zacatecas', 'sinaloa', 'michoacan', 'queretaro', 'nuevo leon', 'chiapas', 'coahuila', 'sonora', 'morelos', 'tamaulipas', 'puebla', 'nayarit', 'baja california', 'mexico city']
2025-09-18 08:08:37 | INFO     | Murray.post_analysis:run_geo_evaluation:68 | Pivot table shape: (356, 32)
2025-09-18 08:08:37 | INFO     | Murray.post_analysis:run_geo_evaluation:81 | Scaling data...
2025-09-18 08:08:37 | INFO     | Murray.post_analysis:run_geo_evaluation:101 | Fitting synthetic control model...
2025-09-18 08:08:37 | INFO     | Murray.post_analysis:run_geo_evaluation:104 | Model fitted successfully
2025-09-18 08:08:37 | INFO     | Murray.post_analysis:run_geo_evaluation:106 | Making predictions...
2025-09-18 08:08:37 | INFO     | Murray.post_analysis:run_geo_evaluation:137 | Calculating metrics...
2025-09-18 08:08:37 | INFO     | Murray.post_analysis:run_geo_evaluation:138 | Data shapes - treatment: (356,), counterfactual: (356,)
2025-09-18 08:08:37 | INFO     | Murray.post_analysis:run_geo_evaluation:148 | Treatment period sum: 7968822
2025-09-18 08:08:37 | INFO     | Murray.post_analysis:run_geo_evaluation:149 | Counterfactual period sum: 8008375.351264725
2025-09-18 08:08:37 | INFO     | Murray.post_analysis:run_geo_evaluation:150 | Lift difference (treatment - counterfactual): -39553.35126472544
2025-09-18 08:08:37 | INFO     | Murray.post_analysis:run_geo_evaluation:164 | Observed statistic (sum of residuals): -39553.35126472516
2025-09-18 08:08:37 | INFO     | Murray.post_analysis:run_geo_evaluation:165 | Manual verification - observed_stat should equal lift_difference: -39553.35126472544
2025-09-18 08:08:37 | INFO     | Murray.post_analysis:run_geo_evaluation:167 | Starting permutation test with 50000 permutations...
2025-09-18 08:08:38 | INFO     | Murray.post_analysis:run_geo_evaluation:172 | Completed 10000/50000 permutations
2025-09-18 08:08:38 | INFO     | Murray.post_analysis:run_geo_evaluation:172 | Completed 20000/50000 permutations
2025-09-18 08:08:38 | INFO     | Murray.post_analysis:run_geo_evaluation:172 | Completed 30000/50000 permutations
2025-09-18 08:08:38 | INFO     | Murray.post_analysis:run_geo_evaluation:172 | Completed 40000/50000 permutations
2025-09-18 08:08:38 | INFO     | Murray.post_analysis:run_geo_evaluation:178 | Permutation test completed, calculating p-value and power...
2025-09-18 08:08:38 | INFO     | Murray.post_analysis:run_geo_evaluation:184 | Final results:
2025-09-18 08:08:38 | INFO     | Murray.post_analysis:run_geo_evaluation:185 |   MAPE: 5.6690
2025-09-18 08:08:38 | INFO     | Murray.post_analysis:run_geo_evaluation:186 |   SMAPE: 5.5965
2025-09-18 08:08:38 | INFO     | Murray.post_analysis:run_geo_evaluation:187 |   Percentage lift: -0.4939%
2025-09-18 08:08:38 | INFO     | Murray.post_analysis:run_geo_evaluation:188 |   P-value: 0.606680
2025-09-18 08:08:38 | INFO     | Murray.post_analysis:run_geo_evaluation:189 |   Power: 0.0000
2025-09-18 08:08:38 | INFO     | Murray.post_analysis:run_geo_evaluation:216 | run_geo_evaluation completed successfully
2025-09-18 08:08:53 | INFO     | __main__:<module>:153 | user isaac@entropy.tech logged in
2025-09-18 08:08:57 | INFO     | __main__:<module>:153 | user isaac@entropy.tech logged in
2025-09-18 08:08:57 | INFO     | Murray.metrics:update_metrics:59 | New record added: {'timestamp': '2025-09-18 08:08:57', 'section': 'experimental_evaluation', 'date': '2025-09-18', 'day_of_week': 'Thursday', 'hour': 8}
2025-09-18 08:08:57 | INFO     | Murray.post_analysis:run_geo_evaluation:21 | Starting run_geo_evaluation
2025-09-18 08:08:57 | INFO     | Murray.post_analysis:run_geo_evaluation:22 | Input data shape: (11392, 12)
2025-09-18 08:08:57 | INFO     | Murray.post_analysis:run_geo_evaluation:23 | Treatment group: ['aguascalientes', 'campeche', 'chihuahua', 'guanajuato', 'jalisco', 'oaxaca', 'quintana roo', 'tabasco', 'yucatan']
2025-09-18 08:08:57 | INFO     | Murray.post_analysis:run_geo_evaluation:24 | Start treatment: 2025-07-16 00:00:00, End treatment: 2025-09-06 00:00:00
2025-09-18 08:08:57 | INFO     | Murray.post_analysis:run_geo_evaluation:25 | n_permutations: 50000, significance_level: 0.1
2025-09-18 08:08:57 | INFO     | Murray.post_analysis:run_geo_evaluation:40 | Treatment period positions: 303 to 356
2025-09-18 08:08:57 | INFO     | Murray.post_analysis:run_geo_evaluation:49 | Generating correlation matrix...
2025-09-18 08:08:57 | INFO     | Murray.post_analysis:run_geo_evaluation:52 | Selecting control group...
2025-09-18 08:08:57 | INFO     | Murray.post_analysis:run_geo_evaluation:58 | Control group selected: ['zacatecas', 'morelos', 'mexico city', 'michoacan', 'queretaro', 'puebla']
2025-09-18 08:08:57 | INFO     | Murray.post_analysis:run_geo_evaluation:68 | Pivot table shape: (356, 32)
2025-09-18 08:08:57 | INFO     | Murray.post_analysis:run_geo_evaluation:81 | Scaling data...
2025-09-18 08:08:57 | INFO     | Murray.post_analysis:run_geo_evaluation:101 | Fitting synthetic control model...
2025-09-18 08:08:57 | INFO     | Murray.post_analysis:run_geo_evaluation:104 | Model fitted successfully
2025-09-18 08:08:57 | INFO     | Murray.post_analysis:run_geo_evaluation:106 | Making predictions...
2025-09-18 08:08:57 | INFO     | Murray.post_analysis:run_geo_evaluation:137 | Calculating metrics...
2025-09-18 08:08:57 | INFO     | Murray.post_analysis:run_geo_evaluation:138 | Data shapes - treatment: (356,), counterfactual: (356,)
2025-09-18 08:08:57 | INFO     | Murray.post_analysis:run_geo_evaluation:148 | Treatment period sum: 91859
2025-09-18 08:08:57 | INFO     | Murray.post_analysis:run_geo_evaluation:149 | Counterfactual period sum: 88985.11408438336
2025-09-18 08:08:57 | INFO     | Murray.post_analysis:run_geo_evaluation:150 | Lift difference (treatment - counterfactual): 2873.8859156166436
2025-09-18 08:08:57 | INFO     | Murray.post_analysis:run_geo_evaluation:164 | Observed statistic (sum of residuals): 2873.8859156166463
2025-09-18 08:08:57 | INFO     | Murray.post_analysis:run_geo_evaluation:165 | Manual verification - observed_stat should equal lift_difference: 2873.8859156166436
2025-09-18 08:08:57 | INFO     | Murray.post_analysis:run_geo_evaluation:167 | Starting permutation test with 50000 permutations...
2025-09-18 08:08:57 | INFO     | Murray.post_analysis:run_geo_evaluation:172 | Completed 10000/50000 permutations
2025-09-18 08:08:58 | INFO     | Murray.post_analysis:run_geo_evaluation:172 | Completed 20000/50000 permutations
2025-09-18 08:08:58 | INFO     | Murray.post_analysis:run_geo_evaluation:172 | Completed 30000/50000 permutations
2025-09-18 08:08:58 | INFO     | Murray.post_analysis:run_geo_evaluation:172 | Completed 40000/50000 permutations
2025-09-18 08:08:58 | INFO     | Murray.post_analysis:run_geo_evaluation:178 | Permutation test completed, calculating p-value and power...
2025-09-18 08:08:58 | INFO     | Murray.post_analysis:run_geo_evaluation:184 | Final results:
2025-09-18 08:08:58 | INFO     | Murray.post_analysis:run_geo_evaluation:185 |   MAPE: 67.0481
2025-09-18 08:08:58 | INFO     | Murray.post_analysis:run_geo_evaluation:186 |   SMAPE: 49.2739
2025-09-18 08:08:58 | INFO     | Murray.post_analysis:run_geo_evaluation:187 |   Percentage lift: 3.2296%
2025-09-18 08:08:58 | INFO     | Murray.post_analysis:run_geo_evaluation:188 |   P-value: 0.757700
2025-09-18 08:08:58 | INFO     | Murray.post_analysis:run_geo_evaluation:189 |   Power: 0.0000
2025-09-18 08:08:58 | INFO     | Murray.post_analysis:run_geo_evaluation:216 | run_geo_evaluation completed successfully
2025-09-18 08:10:19 | INFO     | __main__:<module>:153 | user isaac@entropy.tech logged in
2025-09-18 08:10:22 | INFO     | __main__:<module>:153 | user isaac@entropy.tech logged in
2025-09-18 08:10:22 | INFO     | Murray.metrics:update_metrics:59 | New record added: {'timestamp': '2025-09-18 08:10:22', 'section': 'experimental_evaluation', 'date': '2025-09-18', 'day_of_week': 'Thursday', 'hour': 8}
2025-09-18 08:10:22 | INFO     | Murray.post_analysis:run_geo_evaluation:21 | Starting run_geo_evaluation
2025-09-18 08:10:22 | INFO     | Murray.post_analysis:run_geo_evaluation:22 | Input data shape: (11392, 12)
2025-09-18 08:10:22 | INFO     | Murray.post_analysis:run_geo_evaluation:23 | Treatment group: ['aguascalientes', 'campeche', 'chihuahua', 'guanajuato', 'jalisco', 'oaxaca', 'quintana roo', 'tabasco', 'yucatan']
2025-09-18 08:10:22 | INFO     | Murray.post_analysis:run_geo_evaluation:24 | Start treatment: 2025-07-16 00:00:00, End treatment: 2025-09-06 00:00:00
2025-09-18 08:10:22 | INFO     | Murray.post_analysis:run_geo_evaluation:25 | n_permutations: 50000, significance_level: 0.1
2025-09-18 08:10:22 | INFO     | Murray.post_analysis:run_geo_evaluation:40 | Treatment period positions: 303 to 356
2025-09-18 08:10:22 | INFO     | Murray.post_analysis:run_geo_evaluation:49 | Generating correlation matrix...
2025-09-18 08:10:22 | INFO     | Murray.post_analysis:run_geo_evaluation:52 | Selecting control group...
2025-09-18 08:10:22 | INFO     | Murray.post_analysis:run_geo_evaluation:58 | Control group selected: ['veracruz', 'state of mexico', 'san luis potosi', 'durango', 'hidalgo', 'guerrero', 'zacatecas', 'michoacan', 'queretaro', 'tlaxcala', 'nuevo leon', 'chiapas', 'coahuila', 'sonora', 'morelos', 'tamaulipas', 'puebla', 'nayarit', 'baja california', 'mexico city', 'baja california sur']
2025-09-18 08:10:22 | INFO     | Murray.post_analysis:run_geo_evaluation:68 | Pivot table shape: (356, 32)
2025-09-18 08:10:22 | INFO     | Murray.post_analysis:run_geo_evaluation:81 | Scaling data...
2025-09-18 08:10:22 | INFO     | Murray.post_analysis:run_geo_evaluation:101 | Fitting synthetic control model...
2025-09-18 08:10:22 | INFO     | Murray.post_analysis:run_geo_evaluation:104 | Model fitted successfully
2025-09-18 08:10:22 | INFO     | Murray.post_analysis:run_geo_evaluation:106 | Making predictions...
2025-09-18 08:10:22 | INFO     | Murray.post_analysis:run_geo_evaluation:137 | Calculating metrics...
2025-09-18 08:10:22 | INFO     | Murray.post_analysis:run_geo_evaluation:138 | Data shapes - treatment: (356,), counterfactual: (356,)
2025-09-18 08:10:22 | INFO     | Murray.post_analysis:run_geo_evaluation:148 | Treatment period sum: 5701362
2025-09-18 08:10:22 | INFO     | Murray.post_analysis:run_geo_evaluation:149 | Counterfactual period sum: 5747108.621395762
2025-09-18 08:10:22 | INFO     | Murray.post_analysis:run_geo_evaluation:150 | Lift difference (treatment - counterfactual): -45746.62139576208
2025-09-18 08:10:22 | INFO     | Murray.post_analysis:run_geo_evaluation:164 | Observed statistic (sum of residuals): -45746.62139576247
2025-09-18 08:10:22 | INFO     | Murray.post_analysis:run_geo_evaluation:165 | Manual verification - observed_stat should equal lift_difference: -45746.62139576208
2025-09-18 08:10:22 | INFO     | Murray.post_analysis:run_geo_evaluation:167 | Starting permutation test with 50000 permutations...
2025-09-18 08:10:22 | INFO     | Murray.post_analysis:run_geo_evaluation:172 | Completed 10000/50000 permutations
2025-09-18 08:10:22 | INFO     | Murray.post_analysis:run_geo_evaluation:172 | Completed 20000/50000 permutations
2025-09-18 08:10:22 | INFO     | Murray.post_analysis:run_geo_evaluation:172 | Completed 30000/50000 permutations
2025-09-18 08:10:22 | INFO     | Murray.post_analysis:run_geo_evaluation:172 | Completed 40000/50000 permutations
2025-09-18 08:10:23 | INFO     | Murray.post_analysis:run_geo_evaluation:178 | Permutation test completed, calculating p-value and power...
2025-09-18 08:10:23 | INFO     | Murray.post_analysis:run_geo_evaluation:184 | Final results:
2025-09-18 08:10:23 | INFO     | Murray.post_analysis:run_geo_evaluation:185 |   MAPE: 3.3673
2025-09-18 08:10:23 | INFO     | Murray.post_analysis:run_geo_evaluation:186 |   SMAPE: 3.3466
2025-09-18 08:10:23 | INFO     | Murray.post_analysis:run_geo_evaluation:187 |   Percentage lift: -0.7960%
2025-09-18 08:10:23 | INFO     | Murray.post_analysis:run_geo_evaluation:188 |   P-value: 0.167440
2025-09-18 08:10:23 | INFO     | Murray.post_analysis:run_geo_evaluation:189 |   Power: 0.0000
2025-09-18 08:10:23 | INFO     | Murray.post_analysis:run_geo_evaluation:216 | run_geo_evaluation completed successfully
2025-09-18 08:10:45 | INFO     | __main__:<module>:153 | user isaac@entropy.tech logged in
2025-09-18 08:10:48 | INFO     | __main__:<module>:153 | user isaac@entropy.tech logged in
2025-09-18 08:10:48 | INFO     | Murray.metrics:update_metrics:59 | New record added: {'timestamp': '2025-09-18 08:10:48', 'section': 'experimental_evaluation', 'date': '2025-09-18', 'day_of_week': 'Thursday', 'hour': 8}
2025-09-18 08:10:48 | INFO     | Murray.post_analysis:run_geo_evaluation:21 | Starting run_geo_evaluation
2025-09-18 08:10:48 | INFO     | Murray.post_analysis:run_geo_evaluation:22 | Input data shape: (11392, 12)
2025-09-18 08:10:48 | INFO     | Murray.post_analysis:run_geo_evaluation:23 | Treatment group: ['aguascalientes', 'campeche', 'chihuahua', 'guanajuato', 'jalisco', 'oaxaca', 'quintana roo', 'tabasco', 'yucatan']
2025-09-18 08:10:48 | INFO     | Murray.post_analysis:run_geo_evaluation:24 | Start treatment: 2025-07-16 00:00:00, End treatment: 2025-09-06 00:00:00
2025-09-18 08:10:48 | INFO     | Murray.post_analysis:run_geo_evaluation:25 | n_permutations: 50000, significance_level: 0.1
2025-09-18 08:10:48 | INFO     | Murray.post_analysis:run_geo_evaluation:40 | Treatment period positions: 303 to 356
2025-09-18 08:10:48 | INFO     | Murray.post_analysis:run_geo_evaluation:49 | Generating correlation matrix...
2025-09-18 08:10:48 | INFO     | Murray.post_analysis:run_geo_evaluation:52 | Selecting control group...
2025-09-18 08:10:48 | INFO     | Murray.post_analysis:run_geo_evaluation:58 | Control group selected: ['nuevo leon', 'mexico city', 'state of mexico']
2025-09-18 08:10:48 | INFO     | Murray.post_analysis:run_geo_evaluation:68 | Pivot table shape: (356, 32)
2025-09-18 08:10:48 | INFO     | Murray.post_analysis:run_geo_evaluation:81 | Scaling data...
2025-09-18 08:10:48 | INFO     | Murray.post_analysis:run_geo_evaluation:101 | Fitting synthetic control model...
2025-09-18 08:10:48 | INFO     | Murray.post_analysis:run_geo_evaluation:104 | Model fitted successfully
2025-09-18 08:10:48 | INFO     | Murray.post_analysis:run_geo_evaluation:106 | Making predictions...
2025-09-18 08:10:48 | INFO     | Murray.post_analysis:run_geo_evaluation:137 | Calculating metrics...
2025-09-18 08:10:48 | INFO     | Murray.post_analysis:run_geo_evaluation:138 | Data shapes - treatment: (356,), counterfactual: (356,)
2025-09-18 08:10:48 | INFO     | Murray.post_analysis:run_geo_evaluation:148 | Treatment period sum: 17051
2025-09-18 08:10:48 | INFO     | Murray.post_analysis:run_geo_evaluation:149 | Counterfactual period sum: 16408.649111995936
2025-09-18 08:10:48 | INFO     | Murray.post_analysis:run_geo_evaluation:150 | Lift difference (treatment - counterfactual): 642.3508880040645
2025-09-18 08:10:48 | INFO     | Murray.post_analysis:run_geo_evaluation:164 | Observed statistic (sum of residuals): 642.3508880040656
2025-09-18 08:10:48 | INFO     | Murray.post_analysis:run_geo_evaluation:165 | Manual verification - observed_stat should equal lift_difference: 642.3508880040645
2025-09-18 08:10:48 | INFO     | Murray.post_analysis:run_geo_evaluation:167 | Starting permutation test with 50000 permutations...
2025-09-18 08:10:48 | INFO     | Murray.post_analysis:run_geo_evaluation:172 | Completed 10000/50000 permutations
2025-09-18 08:10:48 | INFO     | Murray.post_analysis:run_geo_evaluation:172 | Completed 20000/50000 permutations
2025-09-18 08:10:48 | INFO     | Murray.post_analysis:run_geo_evaluation:172 | Completed 30000/50000 permutations
2025-09-18 08:10:48 | INFO     | Murray.post_analysis:run_geo_evaluation:172 | Completed 40000/50000 permutations
2025-09-18 08:10:49 | INFO     | Murray.post_analysis:run_geo_evaluation:178 | Permutation test completed, calculating p-value and power...
2025-09-18 08:10:49 | INFO     | Murray.post_analysis:run_geo_evaluation:184 | Final results:
2025-09-18 08:10:49 | INFO     | Murray.post_analysis:run_geo_evaluation:185 |   MAPE: 2512670578528.2178
2025-09-18 08:10:49 | INFO     | Murray.post_analysis:run_geo_evaluation:186 |   SMAPE: 39.7092
2025-09-18 08:10:49 | INFO     | Murray.post_analysis:run_geo_evaluation:187 |   Percentage lift: 3.9147%
2025-09-18 08:10:49 | INFO     | Murray.post_analysis:run_geo_evaluation:188 |   P-value: 0.657980
2025-09-18 08:10:49 | INFO     | Murray.post_analysis:run_geo_evaluation:189 |   Power: 0.0000
2025-09-18 08:10:49 | INFO     | Murray.post_analysis:run_geo_evaluation:216 | run_geo_evaluation completed successfully
2025-09-18 08:13:07 | INFO     | __main__:<module>:153 | user isaac@entropy.tech logged in
2025-09-18 08:13:09 | INFO     | __main__:<module>:153 | user isaac@entropy.tech logged in
2025-09-18 08:13:09 | INFO     | Murray.metrics:update_metrics:59 | New record added: {'timestamp': '2025-09-18 08:13:09', 'section': 'experimental_evaluation', 'date': '2025-09-18', 'day_of_week': 'Thursday', 'hour': 8}
2025-09-18 08:13:09 | INFO     | Murray.post_analysis:run_geo_evaluation:21 | Starting run_geo_evaluation
2025-09-18 08:13:09 | INFO     | Murray.post_analysis:run_geo_evaluation:22 | Input data shape: (11392, 12)
2025-09-18 08:13:09 | INFO     | Murray.post_analysis:run_geo_evaluation:23 | Treatment group: ['aguascalientes', 'campeche', 'chihuahua', 'guanajuato', 'jalisco', 'oaxaca', 'quintana roo', 'tabasco', 'yucatan']
2025-09-18 08:13:09 | INFO     | Murray.post_analysis:run_geo_evaluation:24 | Start treatment: 2025-07-16 00:00:00, End treatment: 2025-09-06 00:00:00
2025-09-18 08:13:09 | INFO     | Murray.post_analysis:run_geo_evaluation:25 | n_permutations: 50000, significance_level: 0.1
2025-09-18 08:13:09 | INFO     | Murray.post_analysis:run_geo_evaluation:40 | Treatment period positions: 303 to 356
2025-09-18 08:13:09 | INFO     | Murray.post_analysis:run_geo_evaluation:49 | Generating correlation matrix...
2025-09-18 08:13:09 | INFO     | Murray.post_analysis:run_geo_evaluation:52 | Selecting control group...
2025-09-18 08:13:09 | INFO     | Murray.post_analysis:run_geo_evaluation:58 | Control group selected: ['nuevo leon', 'chiapas', 'coahuila', 'sonora', 'zacatecas', 'morelos', 'michoacan', 'durango']
2025-09-18 08:13:09 | INFO     | Murray.post_analysis:run_geo_evaluation:68 | Pivot table shape: (356, 32)
2025-09-18 08:13:09 | INFO     | Murray.post_analysis:run_geo_evaluation:81 | Scaling data...
2025-09-18 08:13:09 | INFO     | Murray.post_analysis:run_geo_evaluation:101 | Fitting synthetic control model...
2025-09-18 08:13:09 | INFO     | Murray.post_analysis:run_geo_evaluation:104 | Model fitted successfully
2025-09-18 08:13:09 | INFO     | Murray.post_analysis:run_geo_evaluation:106 | Making predictions...
2025-09-18 08:13:09 | INFO     | Murray.post_analysis:run_geo_evaluation:137 | Calculating metrics...
2025-09-18 08:13:09 | INFO     | Murray.post_analysis:run_geo_evaluation:138 | Data shapes - treatment: (356,), counterfactual: (356,)
2025-09-18 08:13:09 | INFO     | Murray.post_analysis:run_geo_evaluation:148 | Treatment period sum: 94752
2025-09-18 08:13:09 | INFO     | Murray.post_analysis:run_geo_evaluation:149 | Counterfactual period sum: 81255.7147701679
2025-09-18 08:13:09 | INFO     | Murray.post_analysis:run_geo_evaluation:150 | Lift difference (treatment - counterfactual): 13496.285229832094
2025-09-18 08:13:09 | INFO     | Murray.post_analysis:run_geo_evaluation:164 | Observed statistic (sum of residuals): 13496.285229832105
2025-09-18 08:13:09 | INFO     | Murray.post_analysis:run_geo_evaluation:165 | Manual verification - observed_stat should equal lift_difference: 13496.285229832094
2025-09-18 08:13:09 | INFO     | Murray.post_analysis:run_geo_evaluation:167 | Starting permutation test with 50000 permutations...
2025-09-18 08:13:09 | INFO     | Murray.post_analysis:run_geo_evaluation:172 | Completed 10000/50000 permutations
2025-09-18 08:13:10 | INFO     | Murray.post_analysis:run_geo_evaluation:172 | Completed 20000/50000 permutations
2025-09-18 08:13:10 | INFO     | Murray.post_analysis:run_geo_evaluation:172 | Completed 30000/50000 permutations
2025-09-18 08:13:10 | INFO     | Murray.post_analysis:run_geo_evaluation:172 | Completed 40000/50000 permutations
2025-09-18 08:13:10 | INFO     | Murray.post_analysis:run_geo_evaluation:178 | Permutation test completed, calculating p-value and power...
2025-09-18 08:13:10 | INFO     | Murray.post_analysis:run_geo_evaluation:184 | Final results:
2025-09-18 08:13:10 | INFO     | Murray.post_analysis:run_geo_evaluation:185 |   MAPE: 89.4892
2025-09-18 08:13:10 | INFO     | Murray.post_analysis:run_geo_evaluation:186 |   SMAPE: 58.9864
2025-09-18 08:13:10 | INFO     | Murray.post_analysis:run_geo_evaluation:187 |   Percentage lift: 16.6096%
2025-09-18 08:13:10 | INFO     | Murray.post_analysis:run_geo_evaluation:188 |   P-value: 0.268060
2025-09-18 08:13:10 | INFO     | Murray.post_analysis:run_geo_evaluation:189 |   Power: 0.0000
2025-09-18 08:13:10 | INFO     | Murray.post_analysis:run_geo_evaluation:216 | run_geo_evaluation completed successfully
2025-09-18 08:41:04 | INFO     | __main__:<module>:153 | user isaac@entropy.tech logged in
2025-09-18 08:41:07 | INFO     | __main__:<module>:153 | user isaac@entropy.tech logged in
2025-09-18 08:41:07 | INFO     | Murray.metrics:update_metrics:59 | New record added: {'timestamp': '2025-09-18 08:41:07', 'section': 'experimental_evaluation', 'date': '2025-09-18', 'day_of_week': 'Thursday', 'hour': 8}
2025-09-18 08:41:07 | INFO     | Murray.post_analysis:run_geo_evaluation:21 | Starting run_geo_evaluation
2025-09-18 08:41:07 | INFO     | Murray.post_analysis:run_geo_evaluation:22 | Input data shape: (11392, 12)
2025-09-18 08:41:07 | INFO     | Murray.post_analysis:run_geo_evaluation:23 | Treatment group: ['aguascalientes', 'campeche', 'chihuahua', 'guanajuato', 'jalisco', 'oaxaca', 'quintana roo', 'tabasco', 'yucatan']
2025-09-18 08:41:07 | INFO     | Murray.post_analysis:run_geo_evaluation:24 | Start treatment: 2025-07-16 00:00:00, End treatment: 2025-09-06 00:00:00
2025-09-18 08:41:07 | INFO     | Murray.post_analysis:run_geo_evaluation:25 | n_permutations: 50000, significance_level: 0.1
2025-09-18 08:41:07 | INFO     | Murray.post_analysis:run_geo_evaluation:40 | Treatment period positions: 303 to 356
2025-09-18 08:41:07 | INFO     | Murray.post_analysis:run_geo_evaluation:49 | Generating correlation matrix...
2025-09-18 08:41:07 | INFO     | Murray.post_analysis:run_geo_evaluation:52 | Selecting control group...
2025-09-18 08:41:07 | INFO     | Murray.post_analysis:run_geo_evaluation:58 | Control group selected: ['mexico city', 'nayarit', 'morelos', 'state of mexico']
2025-09-18 08:41:07 | INFO     | Murray.post_analysis:run_geo_evaluation:68 | Pivot table shape: (356, 32)
2025-09-18 08:41:07 | INFO     | Murray.post_analysis:run_geo_evaluation:81 | Scaling data...
2025-09-18 08:41:07 | INFO     | Murray.post_analysis:run_geo_evaluation:101 | Fitting synthetic control model...
2025-09-18 08:41:07 | INFO     | Murray.post_analysis:run_geo_evaluation:104 | Model fitted successfully
2025-09-18 08:41:07 | INFO     | Murray.post_analysis:run_geo_evaluation:106 | Making predictions...
2025-09-18 08:41:07 | INFO     | Murray.post_analysis:run_geo_evaluation:137 | Calculating metrics...
2025-09-18 08:41:07 | INFO     | Murray.post_analysis:run_geo_evaluation:138 | Data shapes - treatment: (356,), counterfactual: (356,)
2025-09-18 08:41:07 | INFO     | Murray.post_analysis:run_geo_evaluation:148 | Treatment period sum: 390673
2025-09-18 08:41:07 | INFO     | Murray.post_analysis:run_geo_evaluation:149 | Counterfactual period sum: 436217.8721879248
2025-09-18 08:41:07 | INFO     | Murray.post_analysis:run_geo_evaluation:150 | Lift difference (treatment - counterfactual): -45544.872187924804
2025-09-18 08:41:07 | INFO     | Murray.post_analysis:run_geo_evaluation:164 | Observed statistic (sum of residuals): -45544.87218792478
2025-09-18 08:41:07 | INFO     | Murray.post_analysis:run_geo_evaluation:165 | Manual verification - observed_stat should equal lift_difference: -45544.872187924804
2025-09-18 08:41:07 | INFO     | Murray.post_analysis:run_geo_evaluation:167 | Starting permutation test with 50000 permutations...
2025-09-18 08:41:07 | INFO     | Murray.post_analysis:run_geo_evaluation:172 | Completed 10000/50000 permutations
2025-09-18 08:41:07 | INFO     | Murray.post_analysis:run_geo_evaluation:172 | Completed 20000/50000 permutations
2025-09-18 08:41:08 | INFO     | Murray.post_analysis:run_geo_evaluation:172 | Completed 30000/50000 permutations
2025-09-18 08:41:08 | INFO     | Murray.post_analysis:run_geo_evaluation:172 | Completed 40000/50000 permutations
2025-09-18 08:41:08 | INFO     | Murray.post_analysis:run_geo_evaluation:178 | Permutation test completed, calculating p-value and power...
2025-09-18 08:41:08 | INFO     | Murray.post_analysis:run_geo_evaluation:184 | Final results:
2025-09-18 08:41:08 | INFO     | Murray.post_analysis:run_geo_evaluation:185 |   MAPE: 26.5220
2025-09-18 08:41:08 | INFO     | Murray.post_analysis:run_geo_evaluation:186 |   SMAPE: 24.1728
2025-09-18 08:41:08 | INFO     | Murray.post_analysis:run_geo_evaluation:187 |   Percentage lift: -10.4409%
2025-09-18 08:41:08 | INFO     | Murray.post_analysis:run_geo_evaluation:188 |   P-value: 0.048960
2025-09-18 08:41:08 | INFO     | Murray.post_analysis:run_geo_evaluation:189 |   Power: 1.0000
2025-09-18 08:41:08 | INFO     | Murray.post_analysis:run_geo_evaluation:216 | run_geo_evaluation completed successfully
2025-09-18 08:47:46 | INFO     | __main__:<module>:153 | user isaac@entropy.tech logged in
2025-09-18 08:47:52 | INFO     | __main__:<module>:153 | user isaac@entropy.tech logged in
2025-09-18 08:48:06 | INFO     | __main__:<module>:153 | user isaac@entropy.tech logged in
2025-09-18 08:48:06 | INFO     | Murray.metrics:update_metrics:59 | New record added: {'timestamp': '2025-09-18 08:48:06', 'section': 'experimental_evaluation', 'date': '2025-09-18', 'day_of_week': 'Thursday', 'hour': 8}
2025-09-18 08:48:07 | INFO     | Murray.post_analysis:run_geo_evaluation:21 | Starting run_geo_evaluation
2025-09-18 08:48:07 | INFO     | Murray.post_analysis:run_geo_evaluation:22 | Input data shape: (11392, 12)
2025-09-18 08:48:07 | INFO     | Murray.post_analysis:run_geo_evaluation:23 | Treatment group: ['aguascalientes', 'campeche', 'chihuahua', 'guanajuato', 'jalisco', 'oaxaca', 'quintana roo', 'tabasco', 'yucatan']
2025-09-18 08:48:07 | INFO     | Murray.post_analysis:run_geo_evaluation:24 | Start treatment: 2025-07-16 00:00:00, End treatment: 2025-09-06 00:00:00
2025-09-18 08:48:07 | INFO     | Murray.post_analysis:run_geo_evaluation:25 | n_permutations: 50000, significance_level: 0.1
2025-09-18 08:48:07 | INFO     | Murray.post_analysis:run_geo_evaluation:40 | Treatment period positions: 303 to 356
2025-09-18 08:48:07 | INFO     | Murray.post_analysis:run_geo_evaluation:49 | Generating correlation matrix...
2025-09-18 08:48:07 | INFO     | Murray.post_analysis:run_geo_evaluation:52 | Selecting control group...
2025-09-18 08:48:07 | INFO     | Murray.post_analysis:run_geo_evaluation:58 | Control group selected: ['veracruz', 'state of mexico', 'san luis potosi', 'hidalgo', 'guerrero', 'zacatecas', 'sinaloa', 'michoacan', 'queretaro', 'nuevo leon', 'chiapas', 'coahuila', 'sonora', 'morelos', 'tamaulipas', 'puebla', 'nayarit', 'baja california', 'mexico city']
2025-09-18 08:48:07 | INFO     | Murray.post_analysis:run_geo_evaluation:68 | Pivot table shape: (356, 32)
2025-09-18 08:48:07 | INFO     | Murray.post_analysis:run_geo_evaluation:81 | Scaling data...
2025-09-18 08:48:07 | INFO     | Murray.post_analysis:run_geo_evaluation:101 | Fitting synthetic control model...
2025-09-18 08:48:07 | INFO     | Murray.post_analysis:run_geo_evaluation:104 | Model fitted successfully
2025-09-18 08:48:07 | INFO     | Murray.post_analysis:run_geo_evaluation:106 | Making predictions...
2025-09-18 08:48:07 | INFO     | Murray.post_analysis:run_geo_evaluation:137 | Calculating metrics...
2025-09-18 08:48:07 | INFO     | Murray.post_analysis:run_geo_evaluation:138 | Data shapes - treatment: (356,), counterfactual: (356,)
2025-09-18 08:48:07 | INFO     | Murray.post_analysis:run_geo_evaluation:148 | Treatment period sum: 7968822
2025-09-18 08:48:07 | INFO     | Murray.post_analysis:run_geo_evaluation:149 | Counterfactual period sum: 8008375.351264725
2025-09-18 08:48:07 | INFO     | Murray.post_analysis:run_geo_evaluation:150 | Lift difference (treatment - counterfactual): -39553.35126472544
2025-09-18 08:48:07 | INFO     | Murray.post_analysis:run_geo_evaluation:164 | Observed statistic (sum of residuals): -39553.35126472516
2025-09-18 08:48:07 | INFO     | Murray.post_analysis:run_geo_evaluation:165 | Manual verification - observed_stat should equal lift_difference: -39553.35126472544
2025-09-18 08:48:07 | INFO     | Murray.post_analysis:run_geo_evaluation:167 | Starting permutation test with 50000 permutations...
2025-09-18 08:48:07 | INFO     | Murray.post_analysis:run_geo_evaluation:172 | Completed 10000/50000 permutations
2025-09-18 08:48:07 | INFO     | Murray.post_analysis:run_geo_evaluation:172 | Completed 20000/50000 permutations
2025-09-18 08:48:07 | INFO     | Murray.post_analysis:run_geo_evaluation:172 | Completed 30000/50000 permutations
2025-09-18 08:48:07 | INFO     | Murray.post_analysis:run_geo_evaluation:172 | Completed 40000/50000 permutations
2025-09-18 08:48:07 | INFO     | Murray.post_analysis:run_geo_evaluation:178 | Permutation test completed, calculating p-value and power...
2025-09-18 08:48:07 | INFO     | Murray.post_analysis:run_geo_evaluation:184 | Final results:
2025-09-18 08:48:07 | INFO     | Murray.post_analysis:run_geo_evaluation:185 |   MAPE: 5.6690
2025-09-18 08:48:07 | INFO     | Murray.post_analysis:run_geo_evaluation:186 |   SMAPE: 5.5965
2025-09-18 08:48:07 | INFO     | Murray.post_analysis:run_geo_evaluation:187 |   Percentage lift: -0.4939%
2025-09-18 08:48:07 | INFO     | Murray.post_analysis:run_geo_evaluation:188 |   P-value: 0.606680
2025-09-18 08:48:07 | INFO     | Murray.post_analysis:run_geo_evaluation:189 |   Power: 0.0000
2025-09-18 08:48:07 | INFO     | Murray.post_analysis:run_geo_evaluation:216 | run_geo_evaluation completed successfully
2025-09-18 08:48:31 | INFO     | __main__:<module>:153 | user isaac@entropy.tech logged in
2025-09-18 08:48:33 | INFO     | __main__:<module>:153 | user isaac@entropy.tech logged in
2025-09-18 08:48:34 | INFO     | Murray.metrics:update_metrics:59 | New record added: {'timestamp': '2025-09-18 08:48:34', 'section': 'experimental_evaluation', 'date': '2025-09-18', 'day_of_week': 'Thursday', 'hour': 8}
2025-09-18 08:48:34 | INFO     | Murray.post_analysis:run_geo_evaluation:21 | Starting run_geo_evaluation
2025-09-18 08:48:34 | INFO     | Murray.post_analysis:run_geo_evaluation:22 | Input data shape: (11392, 12)
2025-09-18 08:48:34 | INFO     | Murray.post_analysis:run_geo_evaluation:23 | Treatment group: ['aguascalientes', 'campeche', 'chihuahua', 'guanajuato', 'jalisco', 'oaxaca', 'quintana roo', 'tabasco', 'yucatan']
2025-09-18 08:48:34 | INFO     | Murray.post_analysis:run_geo_evaluation:24 | Start treatment: 2025-07-16 00:00:00, End treatment: 2025-09-06 00:00:00
2025-09-18 08:48:34 | INFO     | Murray.post_analysis:run_geo_evaluation:25 | n_permutations: 50000, significance_level: 0.1
2025-09-18 08:48:34 | INFO     | Murray.post_analysis:run_geo_evaluation:40 | Treatment period positions: 303 to 356
2025-09-18 08:48:34 | INFO     | Murray.post_analysis:run_geo_evaluation:49 | Generating correlation matrix...
2025-09-18 08:48:34 | INFO     | Murray.post_analysis:run_geo_evaluation:52 | Selecting control group...
2025-09-18 08:48:34 | INFO     | Murray.post_analysis:run_geo_evaluation:58 | Control group selected: ['zacatecas', 'morelos', 'mexico city', 'michoacan', 'queretaro', 'puebla']
2025-09-18 08:48:34 | INFO     | Murray.post_analysis:run_geo_evaluation:68 | Pivot table shape: (356, 32)
2025-09-18 08:48:34 | INFO     | Murray.post_analysis:run_geo_evaluation:81 | Scaling data...
2025-09-18 08:48:34 | INFO     | Murray.post_analysis:run_geo_evaluation:101 | Fitting synthetic control model...
2025-09-18 08:48:34 | INFO     | Murray.post_analysis:run_geo_evaluation:104 | Model fitted successfully
2025-09-18 08:48:34 | INFO     | Murray.post_analysis:run_geo_evaluation:106 | Making predictions...
2025-09-18 08:48:34 | INFO     | Murray.post_analysis:run_geo_evaluation:137 | Calculating metrics...
2025-09-18 08:48:34 | INFO     | Murray.post_analysis:run_geo_evaluation:138 | Data shapes - treatment: (356,), counterfactual: (356,)
2025-09-18 08:48:34 | INFO     | Murray.post_analysis:run_geo_evaluation:148 | Treatment period sum: 91859
2025-09-18 08:48:34 | INFO     | Murray.post_analysis:run_geo_evaluation:149 | Counterfactual period sum: 88985.11408438336
2025-09-18 08:48:34 | INFO     | Murray.post_analysis:run_geo_evaluation:150 | Lift difference (treatment - counterfactual): 2873.8859156166436
2025-09-18 08:48:34 | INFO     | Murray.post_analysis:run_geo_evaluation:164 | Observed statistic (sum of residuals): 2873.8859156166463
2025-09-18 08:48:34 | INFO     | Murray.post_analysis:run_geo_evaluation:165 | Manual verification - observed_stat should equal lift_difference: 2873.8859156166436
2025-09-18 08:48:34 | INFO     | Murray.post_analysis:run_geo_evaluation:167 | Starting permutation test with 50000 permutations...
2025-09-18 08:48:34 | INFO     | Murray.post_analysis:run_geo_evaluation:172 | Completed 10000/50000 permutations
2025-09-18 08:48:34 | INFO     | Murray.post_analysis:run_geo_evaluation:172 | Completed 20000/50000 permutations
2025-09-18 08:48:34 | INFO     | Murray.post_analysis:run_geo_evaluation:172 | Completed 30000/50000 permutations
2025-09-18 08:48:34 | INFO     | Murray.post_analysis:run_geo_evaluation:172 | Completed 40000/50000 permutations
2025-09-18 08:48:34 | INFO     | Murray.post_analysis:run_geo_evaluation:178 | Permutation test completed, calculating p-value and power...
2025-09-18 08:48:34 | INFO     | Murray.post_analysis:run_geo_evaluation:184 | Final results:
2025-09-18 08:48:34 | INFO     | Murray.post_analysis:run_geo_evaluation:185 |   MAPE: 67.0481
2025-09-18 08:48:34 | INFO     | Murray.post_analysis:run_geo_evaluation:186 |   SMAPE: 49.2739
2025-09-18 08:48:34 | INFO     | Murray.post_analysis:run_geo_evaluation:187 |   Percentage lift: 3.2296%
2025-09-18 08:48:34 | INFO     | Murray.post_analysis:run_geo_evaluation:188 |   P-value: 0.757700
2025-09-18 08:48:34 | INFO     | Murray.post_analysis:run_geo_evaluation:189 |   Power: 0.0000
2025-09-18 08:48:34 | INFO     | Murray.post_analysis:run_geo_evaluation:216 | run_geo_evaluation completed successfully
2025-09-18 08:48:47 | INFO     | __main__:<module>:153 | user isaac@entropy.tech logged in
2025-09-18 08:48:49 | INFO     | __main__:<module>:153 | user isaac@entropy.tech logged in
2025-09-18 08:48:50 | INFO     | Murray.metrics:update_metrics:59 | New record added: {'timestamp': '2025-09-18 08:48:50', 'section': 'experimental_evaluation', 'date': '2025-09-18', 'day_of_week': 'Thursday', 'hour': 8}
2025-09-18 08:48:50 | INFO     | Murray.post_analysis:run_geo_evaluation:21 | Starting run_geo_evaluation
2025-09-18 08:48:50 | INFO     | Murray.post_analysis:run_geo_evaluation:22 | Input data shape: (11392, 12)
2025-09-18 08:48:50 | INFO     | Murray.post_analysis:run_geo_evaluation:23 | Treatment group: ['aguascalientes', 'campeche', 'chihuahua', 'guanajuato', 'jalisco', 'oaxaca', 'quintana roo', 'tabasco', 'yucatan']
2025-09-18 08:48:50 | INFO     | Murray.post_analysis:run_geo_evaluation:24 | Start treatment: 2025-07-16 00:00:00, End treatment: 2025-09-06 00:00:00
2025-09-18 08:48:50 | INFO     | Murray.post_analysis:run_geo_evaluation:25 | n_permutations: 50000, significance_level: 0.1
2025-09-18 08:48:50 | INFO     | Murray.post_analysis:run_geo_evaluation:40 | Treatment period positions: 303 to 356
2025-09-18 08:48:50 | INFO     | Murray.post_analysis:run_geo_evaluation:49 | Generating correlation matrix...
2025-09-18 08:48:50 | INFO     | Murray.post_analysis:run_geo_evaluation:52 | Selecting control group...
2025-09-18 08:48:50 | INFO     | Murray.post_analysis:run_geo_evaluation:58 | Control group selected: ['nuevo leon', 'mexico city', 'state of mexico']
2025-09-18 08:48:50 | INFO     | Murray.post_analysis:run_geo_evaluation:68 | Pivot table shape: (356, 32)
2025-09-18 08:48:50 | INFO     | Murray.post_analysis:run_geo_evaluation:81 | Scaling data...
2025-09-18 08:48:50 | INFO     | Murray.post_analysis:run_geo_evaluation:101 | Fitting synthetic control model...
2025-09-18 08:48:50 | INFO     | Murray.post_analysis:run_geo_evaluation:104 | Model fitted successfully
2025-09-18 08:48:50 | INFO     | Murray.post_analysis:run_geo_evaluation:106 | Making predictions...
2025-09-18 08:48:50 | INFO     | Murray.post_analysis:run_geo_evaluation:137 | Calculating metrics...
2025-09-18 08:48:50 | INFO     | Murray.post_analysis:run_geo_evaluation:138 | Data shapes - treatment: (356,), counterfactual: (356,)
2025-09-18 08:48:50 | INFO     | Murray.post_analysis:run_geo_evaluation:148 | Treatment period sum: 17051
2025-09-18 08:48:50 | INFO     | Murray.post_analysis:run_geo_evaluation:149 | Counterfactual period sum: 16408.649111995936
2025-09-18 08:48:50 | INFO     | Murray.post_analysis:run_geo_evaluation:150 | Lift difference (treatment - counterfactual): 642.3508880040645
2025-09-18 08:48:50 | INFO     | Murray.post_analysis:run_geo_evaluation:164 | Observed statistic (sum of residuals): 642.3508880040656
2025-09-18 08:48:50 | INFO     | Murray.post_analysis:run_geo_evaluation:165 | Manual verification - observed_stat should equal lift_difference: 642.3508880040645
2025-09-18 08:48:50 | INFO     | Murray.post_analysis:run_geo_evaluation:167 | Starting permutation test with 50000 permutations...
2025-09-18 08:48:50 | INFO     | Murray.post_analysis:run_geo_evaluation:172 | Completed 10000/50000 permutations
2025-09-18 08:48:50 | INFO     | Murray.post_analysis:run_geo_evaluation:172 | Completed 20000/50000 permutations
2025-09-18 08:48:50 | INFO     | Murray.post_analysis:run_geo_evaluation:172 | Completed 30000/50000 permutations
2025-09-18 08:48:50 | INFO     | Murray.post_analysis:run_geo_evaluation:172 | Completed 40000/50000 permutations
2025-09-18 08:48:50 | INFO     | Murray.post_analysis:run_geo_evaluation:178 | Permutation test completed, calculating p-value and power...
2025-09-18 08:48:50 | INFO     | Murray.post_analysis:run_geo_evaluation:184 | Final results:
2025-09-18 08:48:50 | INFO     | Murray.post_analysis:run_geo_evaluation:185 |   MAPE: 2512670578528.2178
2025-09-18 08:48:50 | INFO     | Murray.post_analysis:run_geo_evaluation:186 |   SMAPE: 39.7092
2025-09-18 08:48:50 | INFO     | Murray.post_analysis:run_geo_evaluation:187 |   Percentage lift: 3.9147%
2025-09-18 08:48:50 | INFO     | Murray.post_analysis:run_geo_evaluation:188 |   P-value: 0.657980
2025-09-18 08:48:50 | INFO     | Murray.post_analysis:run_geo_evaluation:189 |   Power: 0.0000
2025-09-18 08:48:50 | INFO     | Murray.post_analysis:run_geo_evaluation:216 | run_geo_evaluation completed successfully
2025-09-18 08:49:18 | INFO     | __main__:<module>:153 | user isaac@entropy.tech logged in
2025-09-18 08:49:21 | INFO     | __main__:<module>:153 | user isaac@entropy.tech logged in
2025-09-18 08:49:21 | INFO     | Murray.metrics:update_metrics:59 | New record added: {'timestamp': '2025-09-18 08:49:21', 'section': 'experimental_evaluation', 'date': '2025-09-18', 'day_of_week': 'Thursday', 'hour': 8}
2025-09-18 08:49:21 | INFO     | Murray.post_analysis:run_geo_evaluation:21 | Starting run_geo_evaluation
2025-09-18 08:49:21 | INFO     | Murray.post_analysis:run_geo_evaluation:22 | Input data shape: (11392, 12)
2025-09-18 08:49:21 | INFO     | Murray.post_analysis:run_geo_evaluation:23 | Treatment group: ['aguascalientes', 'campeche', 'chihuahua', 'guanajuato', 'jalisco', 'oaxaca', 'quintana roo', 'tabasco', 'yucatan']
2025-09-18 08:49:21 | INFO     | Murray.post_analysis:run_geo_evaluation:24 | Start treatment: 2025-07-16 00:00:00, End treatment: 2025-09-06 00:00:00
2025-09-18 08:49:21 | INFO     | Murray.post_analysis:run_geo_evaluation:25 | n_permutations: 50000, significance_level: 0.1
2025-09-18 08:49:21 | INFO     | Murray.post_analysis:run_geo_evaluation:40 | Treatment period positions: 303 to 356
2025-09-18 08:49:21 | INFO     | Murray.post_analysis:run_geo_evaluation:49 | Generating correlation matrix...
2025-09-18 08:49:21 | INFO     | Murray.post_analysis:run_geo_evaluation:52 | Selecting control group...
2025-09-18 08:49:21 | INFO     | Murray.post_analysis:run_geo_evaluation:58 | Control group selected: ['nuevo leon', 'chiapas', 'coahuila', 'sonora', 'zacatecas', 'morelos', 'michoacan', 'durango']
2025-09-18 08:49:21 | INFO     | Murray.post_analysis:run_geo_evaluation:68 | Pivot table shape: (356, 32)
2025-09-18 08:49:21 | INFO     | Murray.post_analysis:run_geo_evaluation:81 | Scaling data...
2025-09-18 08:49:21 | INFO     | Murray.post_analysis:run_geo_evaluation:101 | Fitting synthetic control model...
2025-09-18 08:49:21 | INFO     | Murray.post_analysis:run_geo_evaluation:104 | Model fitted successfully
2025-09-18 08:49:21 | INFO     | Murray.post_analysis:run_geo_evaluation:106 | Making predictions...
2025-09-18 08:49:21 | INFO     | Murray.post_analysis:run_geo_evaluation:137 | Calculating metrics...
2025-09-18 08:49:21 | INFO     | Murray.post_analysis:run_geo_evaluation:138 | Data shapes - treatment: (356,), counterfactual: (356,)
2025-09-18 08:49:21 | INFO     | Murray.post_analysis:run_geo_evaluation:148 | Treatment period sum: 94752
2025-09-18 08:49:21 | INFO     | Murray.post_analysis:run_geo_evaluation:149 | Counterfactual period sum: 81255.7147701679
2025-09-18 08:49:21 | INFO     | Murray.post_analysis:run_geo_evaluation:150 | Lift difference (treatment - counterfactual): 13496.285229832094
2025-09-18 08:49:21 | INFO     | Murray.post_analysis:run_geo_evaluation:164 | Observed statistic (sum of residuals): 13496.285229832105
2025-09-18 08:49:21 | INFO     | Murray.post_analysis:run_geo_evaluation:165 | Manual verification - observed_stat should equal lift_difference: 13496.285229832094
2025-09-18 08:49:21 | INFO     | Murray.post_analysis:run_geo_evaluation:167 | Starting permutation test with 50000 permutations...
2025-09-18 08:49:21 | INFO     | Murray.post_analysis:run_geo_evaluation:172 | Completed 10000/50000 permutations
2025-09-18 08:49:21 | INFO     | Murray.post_analysis:run_geo_evaluation:172 | Completed 20000/50000 permutations
2025-09-18 08:49:21 | INFO     | Murray.post_analysis:run_geo_evaluation:172 | Completed 30000/50000 permutations
2025-09-18 08:49:21 | INFO     | Murray.post_analysis:run_geo_evaluation:172 | Completed 40000/50000 permutations
2025-09-18 08:49:22 | INFO     | Murray.post_analysis:run_geo_evaluation:178 | Permutation test completed, calculating p-value and power...
2025-09-18 08:49:22 | INFO     | Murray.post_analysis:run_geo_evaluation:184 | Final results:
2025-09-18 08:49:22 | INFO     | Murray.post_analysis:run_geo_evaluation:185 |   MAPE: 89.4892
2025-09-18 08:49:22 | INFO     | Murray.post_analysis:run_geo_evaluation:186 |   SMAPE: 58.9864
2025-09-18 08:49:22 | INFO     | Murray.post_analysis:run_geo_evaluation:187 |   Percentage lift: 16.6096%
2025-09-18 08:49:22 | INFO     | Murray.post_analysis:run_geo_evaluation:188 |   P-value: 0.268060
2025-09-18 08:49:22 | INFO     | Murray.post_analysis:run_geo_evaluation:189 |   Power: 0.0000
2025-09-18 08:49:22 | INFO     | Murray.post_analysis:run_geo_evaluation:216 | run_geo_evaluation completed successfully
2025-09-18 13:22:02 | INFO     | __main__:<module>:153 | user isaac@entropy.tech logged in
2025-09-18 13:22:03 | INFO     | __main__:<module>:153 | user isaac@entropy.tech logged in
2025-09-18 13:22:04 | INFO     | __main__:<module>:153 | user isaac@entropy.tech logged in
2025-09-18 13:22:10 | INFO     | __main__:<module>:153 | user isaac@entropy.tech logged in
2025-09-18 13:22:16 | INFO     | __main__:<module>:153 | user isaac@entropy.tech logged in
2025-09-18 13:22:17 | INFO     | __main__:<module>:153 | user isaac@entropy.tech logged in
2025-09-18 13:22:17 | INFO     | __main__:<module>:153 | user isaac@entropy.tech logged in
2025-09-18 13:22:18 | INFO     | __main__:<module>:153 | user isaac@entropy.tech logged in
2025-09-18 13:22:18 | INFO     | __main__:<module>:153 | user isaac@entropy.tech logged in
2025-09-18 13:22:19 | INFO     | __main__:<module>:153 | user isaac@entropy.tech logged in
2025-09-18 13:22:19 | INFO     | Murray.metrics:update_metrics:59 | New record added: {'timestamp': '2025-09-18 13:22:19', 'section': 'experimental_evaluation', 'date': '2025-09-18', 'day_of_week': 'Thursday', 'hour': 13}
2025-09-18 13:22:19 | INFO     | Murray.post_analysis:run_geo_evaluation:21 | Starting run_geo_evaluation
2025-09-18 13:22:19 | INFO     | Murray.post_analysis:run_geo_evaluation:22 | Input data shape: (2880, 3)
2025-09-18 13:22:19 | INFO     | Murray.post_analysis:run_geo_evaluation:23 | Treatment group: ['chihuahua', 'michoacán', 'durango', 'sinaloa']
2025-09-18 13:22:19 | INFO     | Murray.post_analysis:run_geo_evaluation:24 | Start treatment: 2024-08-15 00:00:00, End treatment: 2024-09-01 00:00:00
2025-09-18 13:22:19 | INFO     | Murray.post_analysis:run_geo_evaluation:25 | n_permutations: 50000, significance_level: 0.1
2025-09-18 13:22:19 | INFO     | Murray.post_analysis:run_geo_evaluation:40 | Treatment period positions: 72 to 90
2025-09-18 13:22:19 | INFO     | Murray.post_analysis:run_geo_evaluation:49 | Generating correlation matrix...
2025-09-18 13:22:19 | INFO     | Murray.post_analysis:run_geo_evaluation:52 | Selecting control group...
2025-09-18 13:22:19 | INFO     | Murray.post_analysis:run_geo_evaluation:58 | Control group selected: ['querétaro', 'yucatán', 'coahuila', 'tlaxcala']
2025-09-18 13:22:19 | INFO     | Murray.post_analysis:run_geo_evaluation:68 | Pivot table shape: (90, 32)
2025-09-18 13:22:19 | INFO     | Murray.post_analysis:run_geo_evaluation:81 | Scaling data...
2025-09-18 13:22:19 | INFO     | Murray.post_analysis:run_geo_evaluation:101 | Fitting synthetic control model...
2025-09-18 13:22:19 | INFO     | Murray.post_analysis:run_geo_evaluation:104 | Model fitted successfully
2025-09-18 13:22:19 | INFO     | Murray.post_analysis:run_geo_evaluation:106 | Making predictions...
2025-09-18 13:22:19 | INFO     | Murray.post_analysis:run_geo_evaluation:137 | Calculating metrics...
2025-09-18 13:22:19 | INFO     | Murray.post_analysis:run_geo_evaluation:138 | Data shapes - treatment: (90,), counterfactual: (90,)
2025-09-18 13:22:19 | INFO     | Murray.post_analysis:run_geo_evaluation:148 | Treatment period sum: 509747.66000000003
2025-09-18 13:22:19 | INFO     | Murray.post_analysis:run_geo_evaluation:149 | Counterfactual period sum: 975552.8413525091
2025-09-18 13:22:19 | INFO     | Murray.post_analysis:run_geo_evaluation:150 | Lift difference (treatment - counterfactual): -465805.18135250907
2025-09-18 13:22:19 | INFO     | Murray.post_analysis:run_geo_evaluation:164 | Observed statistic (sum of residuals): -465805.1813525093
2025-09-18 13:22:19 | INFO     | Murray.post_analysis:run_geo_evaluation:165 | Manual verification - observed_stat should equal lift_difference: -465805.18135250907
2025-09-18 13:22:19 | INFO     | Murray.post_analysis:run_geo_evaluation:167 | Starting permutation test with 50000 permutations...
2025-09-18 13:22:19 | INFO     | Murray.post_analysis:run_geo_evaluation:172 | Completed 10000/50000 permutations
2025-09-18 13:22:19 | INFO     | Murray.post_analysis:run_geo_evaluation:172 | Completed 20000/50000 permutations
2025-09-18 13:22:19 | INFO     | Murray.post_analysis:run_geo_evaluation:172 | Completed 30000/50000 permutations
2025-09-18 13:22:19 | INFO     | Murray.post_analysis:run_geo_evaluation:172 | Completed 40000/50000 permutations
2025-09-18 13:22:19 | INFO     | Murray.post_analysis:run_geo_evaluation:178 | Permutation test completed, calculating p-value and power...
2025-09-18 13:22:19 | INFO     | Murray.post_analysis:run_geo_evaluation:184 | Final results:
2025-09-18 13:22:19 | INFO     | Murray.post_analysis:run_geo_evaluation:185 |   MAPE: 80.0497
2025-09-18 13:22:19 | INFO     | Murray.post_analysis:run_geo_evaluation:186 |   SMAPE: 52.0055
2025-09-18 13:22:19 | INFO     | Murray.post_analysis:run_geo_evaluation:187 |   Percentage lift: -47.7478%
2025-09-18 13:22:19 | INFO     | Murray.post_analysis:run_geo_evaluation:188 |   P-value: 0.000000
2025-09-18 13:22:19 | INFO     | Murray.post_analysis:run_geo_evaluation:189 |   Power: 1.0000
2025-09-18 13:22:19 | INFO     | Murray.post_analysis:run_geo_evaluation:216 | run_geo_evaluation completed successfully
2025-09-18 13:22:48 | INFO     | __main__:<module>:153 | user isaac@entropy.tech logged in
2025-09-18 13:23:03 | INFO     | __main__:<module>:153 | user isaac@entropy.tech logged in
2025-09-18 13:29:37 | INFO     | __main__:<module>:153 | user isaac@entropy.tech logged in
2025-09-18 13:29:47 | INFO     | __main__:<module>:153 | user isaac@entropy.tech logged in
2025-09-18 13:29:47 | INFO     | __main__:<module>:153 | user isaac@entropy.tech logged in
2025-09-18 13:29:49 | INFO     | __main__:<module>:153 | user isaac@entropy.tech logged in
2025-09-18 13:29:49 | INFO     | Murray.metrics:update_metrics:59 | New record added: {'timestamp': '2025-09-18 13:29:49', 'section': 'experimental_evaluation', 'date': '2025-09-18', 'day_of_week': 'Thursday', 'hour': 13}
2025-09-18 13:29:49 | INFO     | Murray.post_analysis:run_geo_evaluation:21 | Starting run_geo_evaluation
2025-09-18 13:29:49 | INFO     | Murray.post_analysis:run_geo_evaluation:22 | Input data shape: (2880, 3)
2025-09-18 13:29:49 | INFO     | Murray.post_analysis:run_geo_evaluation:23 | Treatment group: ['chihuahua', 'michoacán', 'durango', 'sinaloa']
2025-09-18 13:29:49 | INFO     | Murray.post_analysis:run_geo_evaluation:24 | Start treatment: 2024-08-15 00:00:00, End treatment: 2024-09-01 00:00:00
2025-09-18 13:29:49 | INFO     | Murray.post_analysis:run_geo_evaluation:25 | n_permutations: 50000, significance_level: 0.1
2025-09-18 13:29:49 | INFO     | Murray.post_analysis:run_geo_evaluation:40 | Treatment period positions: 72 to 90
2025-09-18 13:29:49 | INFO     | Murray.post_analysis:run_geo_evaluation:49 | Generating correlation matrix...
2025-09-18 13:29:49 | INFO     | Murray.post_analysis:run_geo_evaluation:52 | Selecting control group...
2025-09-18 13:29:49 | INFO     | Murray.post_analysis:run_geo_evaluation:58 | Control group selected: ['querétaro', 'yucatán', 'coahuila', 'tlaxcala']
2025-09-18 13:29:49 | INFO     | Murray.post_analysis:run_geo_evaluation:68 | Pivot table shape: (90, 32)
2025-09-18 13:29:49 | INFO     | Murray.post_analysis:run_geo_evaluation:81 | Scaling data...
2025-09-18 13:29:49 | INFO     | Murray.post_analysis:run_geo_evaluation:101 | Fitting synthetic control model...
2025-09-18 13:29:49 | INFO     | Murray.post_analysis:run_geo_evaluation:104 | Model fitted successfully
2025-09-18 13:29:49 | INFO     | Murray.post_analysis:run_geo_evaluation:106 | Making predictions...
2025-09-18 13:29:49 | INFO     | Murray.post_analysis:run_geo_evaluation:137 | Calculating metrics...
2025-09-18 13:29:49 | INFO     | Murray.post_analysis:run_geo_evaluation:138 | Data shapes - treatment: (90,), counterfactual: (90,)
2025-09-18 13:29:49 | INFO     | Murray.post_analysis:run_geo_evaluation:148 | Treatment period sum: 509747.66000000003
2025-09-18 13:29:49 | INFO     | Murray.post_analysis:run_geo_evaluation:149 | Counterfactual period sum: 975552.8413525091
2025-09-18 13:29:49 | INFO     | Murray.post_analysis:run_geo_evaluation:150 | Lift difference (treatment - counterfactual): -465805.18135250907
2025-09-18 13:29:49 | INFO     | Murray.post_analysis:run_geo_evaluation:164 | Observed statistic (sum of residuals): -465805.1813525093
2025-09-18 13:29:49 | INFO     | Murray.post_analysis:run_geo_evaluation:165 | Manual verification - observed_stat should equal lift_difference: -465805.18135250907
2025-09-18 13:29:49 | INFO     | Murray.post_analysis:run_geo_evaluation:167 | Starting permutation test with 50000 permutations...
2025-09-18 13:29:49 | INFO     | Murray.post_analysis:run_geo_evaluation:172 | Completed 10000/50000 permutations
2025-09-18 13:29:49 | INFO     | Murray.post_analysis:run_geo_evaluation:172 | Completed 20000/50000 permutations
2025-09-18 13:29:49 | INFO     | Murray.post_analysis:run_geo_evaluation:172 | Completed 30000/50000 permutations
2025-09-18 13:29:49 | INFO     | Murray.post_analysis:run_geo_evaluation:172 | Completed 40000/50000 permutations
2025-09-18 13:29:49 | INFO     | Murray.post_analysis:run_geo_evaluation:178 | Permutation test completed, calculating p-value and power...
2025-09-18 13:29:49 | INFO     | Murray.post_analysis:run_geo_evaluation:184 | Final results:
2025-09-18 13:29:49 | INFO     | Murray.post_analysis:run_geo_evaluation:185 |   MAPE: 80.0497
2025-09-18 13:29:49 | INFO     | Murray.post_analysis:run_geo_evaluation:186 |   SMAPE: 52.0055
2025-09-18 13:29:49 | INFO     | Murray.post_analysis:run_geo_evaluation:187 |   Percentage lift: -47.7478%
2025-09-18 13:29:49 | INFO     | Murray.post_analysis:run_geo_evaluation:188 |   P-value: 0.000000
2025-09-18 13:29:49 | INFO     | Murray.post_analysis:run_geo_evaluation:189 |   Power: 1.0000
2025-09-18 13:29:49 | INFO     | Murray.post_analysis:run_geo_evaluation:216 | run_geo_evaluation completed successfully
2025-09-18 13:30:07 | INFO     | __main__:<module>:153 | user isaac@entropy.tech logged in
2025-09-18 13:30:08 | INFO     | __main__:<module>:153 | user isaac@entropy.tech logged in
2025-09-18 13:30:08 | INFO     | Murray.metrics:update_metrics:59 | New record added: {'timestamp': '2025-09-18 13:30:08', 'section': 'experimental_evaluation', 'date': '2025-09-18', 'day_of_week': 'Thursday', 'hour': 13}
2025-09-18 13:30:08 | INFO     | Murray.post_analysis:run_geo_evaluation:21 | Starting run_geo_evaluation
2025-09-18 13:30:08 | INFO     | Murray.post_analysis:run_geo_evaluation:22 | Input data shape: (2880, 3)
2025-09-18 13:30:08 | INFO     | Murray.post_analysis:run_geo_evaluation:23 | Treatment group: ['chihuahua', 'michoacán', 'durango']
2025-09-18 13:30:08 | INFO     | Murray.post_analysis:run_geo_evaluation:24 | Start treatment: 2024-08-15 00:00:00, End treatment: 2024-09-01 00:00:00
2025-09-18 13:30:08 | INFO     | Murray.post_analysis:run_geo_evaluation:25 | n_permutations: 50000, significance_level: 0.1
2025-09-18 13:30:08 | INFO     | Murray.post_analysis:run_geo_evaluation:40 | Treatment period positions: 72 to 90
2025-09-18 13:30:08 | INFO     | Murray.post_analysis:run_geo_evaluation:49 | Generating correlation matrix...
2025-09-18 13:30:08 | INFO     | Murray.post_analysis:run_geo_evaluation:52 | Selecting control group...
2025-09-18 13:30:08 | INFO     | Murray.post_analysis:run_geo_evaluation:58 | Control group selected: ['querétaro', 'yucatán', 'tlaxcala']
2025-09-18 13:30:08 | INFO     | Murray.post_analysis:run_geo_evaluation:68 | Pivot table shape: (90, 32)
2025-09-18 13:30:08 | INFO     | Murray.post_analysis:run_geo_evaluation:81 | Scaling data...
2025-09-18 13:30:08 | INFO     | Murray.post_analysis:run_geo_evaluation:101 | Fitting synthetic control model...
2025-09-18 13:30:08 | INFO     | Murray.post_analysis:run_geo_evaluation:104 | Model fitted successfully
2025-09-18 13:30:08 | INFO     | Murray.post_analysis:run_geo_evaluation:106 | Making predictions...
2025-09-18 13:30:08 | INFO     | Murray.post_analysis:run_geo_evaluation:137 | Calculating metrics...
2025-09-18 13:30:08 | INFO     | Murray.post_analysis:run_geo_evaluation:138 | Data shapes - treatment: (90,), counterfactual: (90,)
2025-09-18 13:30:08 | INFO     | Murray.post_analysis:run_geo_evaluation:148 | Treatment period sum: 374682.42999999993
2025-09-18 13:30:08 | INFO     | Murray.post_analysis:run_geo_evaluation:149 | Counterfactual period sum: 700854.0404653072
2025-09-18 13:30:08 | INFO     | Murray.post_analysis:run_geo_evaluation:150 | Lift difference (treatment - counterfactual): -326171.61046530725
2025-09-18 13:30:08 | INFO     | Murray.post_analysis:run_geo_evaluation:164 | Observed statistic (sum of residuals): -326171.61046530714
2025-09-18 13:30:08 | INFO     | Murray.post_analysis:run_geo_evaluation:165 | Manual verification - observed_stat should equal lift_difference: -326171.61046530725
2025-09-18 13:30:08 | INFO     | Murray.post_analysis:run_geo_evaluation:167 | Starting permutation test with 50000 permutations...
2025-09-18 13:30:08 | INFO     | Murray.post_analysis:run_geo_evaluation:172 | Completed 10000/50000 permutations
2025-09-18 13:30:08 | INFO     | Murray.post_analysis:run_geo_evaluation:172 | Completed 20000/50000 permutations
2025-09-18 13:30:08 | INFO     | Murray.post_analysis:run_geo_evaluation:172 | Completed 30000/50000 permutations
2025-09-18 13:30:08 | INFO     | Murray.post_analysis:run_geo_evaluation:172 | Completed 40000/50000 permutations
2025-09-18 13:30:08 | INFO     | Murray.post_analysis:run_geo_evaluation:178 | Permutation test completed, calculating p-value and power...
2025-09-18 13:30:08 | INFO     | Murray.post_analysis:run_geo_evaluation:184 | Final results:
2025-09-18 13:30:08 | INFO     | Murray.post_analysis:run_geo_evaluation:185 |   MAPE: 99.3369
2025-09-18 13:30:08 | INFO     | Murray.post_analysis:run_geo_evaluation:186 |   SMAPE: 59.9730
2025-09-18 13:30:08 | INFO     | Murray.post_analysis:run_geo_evaluation:187 |   Percentage lift: -46.5392%
2025-09-18 13:30:08 | INFO     | Murray.post_analysis:run_geo_evaluation:188 |   P-value: 0.000060
2025-09-18 13:30:08 | INFO     | Murray.post_analysis:run_geo_evaluation:189 |   Power: 1.0000
2025-09-18 13:30:08 | INFO     | Murray.post_analysis:run_geo_evaluation:216 | run_geo_evaluation completed successfully
2025-09-18 13:30:31 | INFO     | __main__:<module>:153 | user isaac@entropy.tech logged in
2025-09-18 13:30:33 | INFO     | __main__:<module>:153 | user isaac@entropy.tech logged in
2025-09-18 13:30:33 | INFO     | Murray.metrics:update_metrics:59 | New record added: {'timestamp': '2025-09-18 13:30:33', 'section': 'experimental_evaluation', 'date': '2025-09-18', 'day_of_week': 'Thursday', 'hour': 13}
2025-09-18 13:30:33 | INFO     | Murray.post_analysis:run_geo_evaluation:21 | Starting run_geo_evaluation
2025-09-18 13:30:33 | INFO     | Murray.post_analysis:run_geo_evaluation:22 | Input data shape: (2880, 3)
2025-09-18 13:30:33 | INFO     | Murray.post_analysis:run_geo_evaluation:23 | Treatment group: ['chihuahua', 'michoacán', 'durango', 'chiapas']
2025-09-18 13:30:33 | INFO     | Murray.post_analysis:run_geo_evaluation:24 | Start treatment: 2024-08-15 00:00:00, End treatment: 2024-09-01 00:00:00
2025-09-18 13:30:33 | INFO     | Murray.post_analysis:run_geo_evaluation:25 | n_permutations: 50000, significance_level: 0.1
2025-09-18 13:30:33 | INFO     | Murray.post_analysis:run_geo_evaluation:40 | Treatment period positions: 72 to 90
2025-09-18 13:30:33 | INFO     | Murray.post_analysis:run_geo_evaluation:49 | Generating correlation matrix...
2025-09-18 13:30:33 | INFO     | Murray.post_analysis:run_geo_evaluation:52 | Selecting control group...
2025-09-18 13:30:33 | INFO     | Murray.post_analysis:run_geo_evaluation:58 | Control group selected: ['querétaro', 'yucatán', 'tabasco', 'tlaxcala']
2025-09-18 13:30:33 | INFO     | Murray.post_analysis:run_geo_evaluation:68 | Pivot table shape: (90, 32)
2025-09-18 13:30:33 | INFO     | Murray.post_analysis:run_geo_evaluation:81 | Scaling data...
2025-09-18 13:30:33 | INFO     | Murray.post_analysis:run_geo_evaluation:101 | Fitting synthetic control model...
2025-09-18 13:30:33 | INFO     | Murray.post_analysis:run_geo_evaluation:104 | Model fitted successfully
2025-09-18 13:30:33 | INFO     | Murray.post_analysis:run_geo_evaluation:106 | Making predictions...
2025-09-18 13:30:33 | INFO     | Murray.post_analysis:run_geo_evaluation:137 | Calculating metrics...
2025-09-18 13:30:33 | INFO     | Murray.post_analysis:run_geo_evaluation:138 | Data shapes - treatment: (90,), counterfactual: (90,)
2025-09-18 13:30:33 | INFO     | Murray.post_analysis:run_geo_evaluation:148 | Treatment period sum: 509235.32999999996
2025-09-18 13:30:33 | INFO     | Murray.post_analysis:run_geo_evaluation:149 | Counterfactual period sum: 764372.9877144437
2025-09-18 13:30:33 | INFO     | Murray.post_analysis:run_geo_evaluation:150 | Lift difference (treatment - counterfactual): -255137.65771444375
2025-09-18 13:30:33 | INFO     | Murray.post_analysis:run_geo_evaluation:164 | Observed statistic (sum of residuals): -255137.65771444375
2025-09-18 13:30:33 | INFO     | Murray.post_analysis:run_geo_evaluation:165 | Manual verification - observed_stat should equal lift_difference: -255137.65771444375
2025-09-18 13:30:33 | INFO     | Murray.post_analysis:run_geo_evaluation:167 | Starting permutation test with 50000 permutations...
2025-09-18 13:30:33 | INFO     | Murray.post_analysis:run_geo_evaluation:172 | Completed 10000/50000 permutations
2025-09-18 13:30:33 | INFO     | Murray.post_analysis:run_geo_evaluation:172 | Completed 20000/50000 permutations
2025-09-18 13:30:33 | INFO     | Murray.post_analysis:run_geo_evaluation:172 | Completed 30000/50000 permutations
2025-09-18 13:30:33 | INFO     | Murray.post_analysis:run_geo_evaluation:172 | Completed 40000/50000 permutations
2025-09-18 13:30:33 | INFO     | Murray.post_analysis:run_geo_evaluation:178 | Permutation test completed, calculating p-value and power...
2025-09-18 13:30:33 | INFO     | Murray.post_analysis:run_geo_evaluation:184 | Final results:
2025-09-18 13:30:33 | INFO     | Murray.post_analysis:run_geo_evaluation:185 |   MAPE: 74.7715
2025-09-18 13:30:33 | INFO     | Murray.post_analysis:run_geo_evaluation:186 |   SMAPE: 50.3060
2025-09-18 13:30:33 | INFO     | Murray.post_analysis:run_geo_evaluation:187 |   Percentage lift: -33.3787%
2025-09-18 13:30:33 | INFO     | Murray.post_analysis:run_geo_evaluation:188 |   P-value: 0.002580
2025-09-18 13:30:33 | INFO     | Murray.post_analysis:run_geo_evaluation:189 |   Power: 1.0000
2025-09-18 13:30:33 | INFO     | Murray.post_analysis:run_geo_evaluation:216 | run_geo_evaluation completed successfully
2025-09-18 13:30:36 | INFO     | __main__:<module>:153 | user isaac@entropy.tech logged in
2025-09-18 13:30:37 | INFO     | __main__:<module>:153 | user isaac@entropy.tech logged in
2025-09-18 13:30:37 | INFO     | Murray.metrics:update_metrics:59 | New record added: {'timestamp': '2025-09-18 13:30:37', 'section': 'experimental_evaluation', 'date': '2025-09-18', 'day_of_week': 'Thursday', 'hour': 13}
2025-09-18 13:30:37 | INFO     | Murray.post_analysis:run_geo_evaluation:21 | Starting run_geo_evaluation
2025-09-18 13:30:37 | INFO     | Murray.post_analysis:run_geo_evaluation:22 | Input data shape: (2880, 3)
2025-09-18 13:30:37 | INFO     | Murray.post_analysis:run_geo_evaluation:23 | Treatment group: ['chihuahua', 'michoacán', 'durango']
2025-09-18 13:30:37 | INFO     | Murray.post_analysis:run_geo_evaluation:24 | Start treatment: 2024-08-15 00:00:00, End treatment: 2024-09-01 00:00:00
2025-09-18 13:30:37 | INFO     | Murray.post_analysis:run_geo_evaluation:25 | n_permutations: 50000, significance_level: 0.1
2025-09-18 13:30:37 | INFO     | Murray.post_analysis:run_geo_evaluation:40 | Treatment period positions: 72 to 90
2025-09-18 13:30:37 | INFO     | Murray.post_analysis:run_geo_evaluation:49 | Generating correlation matrix...
2025-09-18 13:30:37 | INFO     | Murray.post_analysis:run_geo_evaluation:52 | Selecting control group...
2025-09-18 13:30:37 | INFO     | Murray.post_analysis:run_geo_evaluation:58 | Control group selected: ['querétaro', 'yucatán', 'tlaxcala']
2025-09-18 13:30:37 | INFO     | Murray.post_analysis:run_geo_evaluation:68 | Pivot table shape: (90, 32)
2025-09-18 13:30:37 | INFO     | Murray.post_analysis:run_geo_evaluation:81 | Scaling data...
2025-09-18 13:30:37 | INFO     | Murray.post_analysis:run_geo_evaluation:101 | Fitting synthetic control model...
2025-09-18 13:30:37 | INFO     | Murray.post_analysis:run_geo_evaluation:104 | Model fitted successfully
2025-09-18 13:30:37 | INFO     | Murray.post_analysis:run_geo_evaluation:106 | Making predictions...
2025-09-18 13:30:37 | INFO     | Murray.post_analysis:run_geo_evaluation:137 | Calculating metrics...
2025-09-18 13:30:37 | INFO     | Murray.post_analysis:run_geo_evaluation:138 | Data shapes - treatment: (90,), counterfactual: (90,)
2025-09-18 13:30:37 | INFO     | Murray.post_analysis:run_geo_evaluation:148 | Treatment period sum: 374682.42999999993
2025-09-18 13:30:37 | INFO     | Murray.post_analysis:run_geo_evaluation:149 | Counterfactual period sum: 700854.0404653072
2025-09-18 13:30:37 | INFO     | Murray.post_analysis:run_geo_evaluation:150 | Lift difference (treatment - counterfactual): -326171.61046530725
2025-09-18 13:30:37 | INFO     | Murray.post_analysis:run_geo_evaluation:164 | Observed statistic (sum of residuals): -326171.61046530714
2025-09-18 13:30:37 | INFO     | Murray.post_analysis:run_geo_evaluation:165 | Manual verification - observed_stat should equal lift_difference: -326171.61046530725
2025-09-18 13:30:37 | INFO     | Murray.post_analysis:run_geo_evaluation:167 | Starting permutation test with 50000 permutations...
2025-09-18 13:30:37 | INFO     | Murray.post_analysis:run_geo_evaluation:172 | Completed 10000/50000 permutations
2025-09-18 13:30:37 | INFO     | Murray.post_analysis:run_geo_evaluation:172 | Completed 20000/50000 permutations
2025-09-18 13:30:37 | INFO     | Murray.post_analysis:run_geo_evaluation:172 | Completed 30000/50000 permutations
2025-09-18 13:30:38 | INFO     | Murray.post_analysis:run_geo_evaluation:172 | Completed 40000/50000 permutations
2025-09-18 13:30:38 | INFO     | Murray.post_analysis:run_geo_evaluation:178 | Permutation test completed, calculating p-value and power...
2025-09-18 13:30:38 | INFO     | Murray.post_analysis:run_geo_evaluation:184 | Final results:
2025-09-18 13:30:38 | INFO     | Murray.post_analysis:run_geo_evaluation:185 |   MAPE: 99.3369
2025-09-18 13:30:38 | INFO     | Murray.post_analysis:run_geo_evaluation:186 |   SMAPE: 59.9730
2025-09-18 13:30:38 | INFO     | Murray.post_analysis:run_geo_evaluation:187 |   Percentage lift: -46.5392%
2025-09-18 13:30:38 | INFO     | Murray.post_analysis:run_geo_evaluation:188 |   P-value: 0.000060
2025-09-18 13:30:38 | INFO     | Murray.post_analysis:run_geo_evaluation:189 |   Power: 1.0000
2025-09-18 13:30:38 | INFO     | Murray.post_analysis:run_geo_evaluation:216 | run_geo_evaluation completed successfully
2025-09-18 13:38:01 | INFO     | __main__:<module>:153 | user isaac@entropy.tech logged in
2025-09-18 13:38:03 | INFO     | __main__:<module>:153 | user isaac@entropy.tech logged in
2025-09-18 13:38:21 | INFO     | __main__:<module>:153 | user isaac@entropy.tech logged in
2025-09-18 13:38:27 | INFO     | __main__:<module>:153 | user isaac@entropy.tech logged in
2025-09-18 13:38:29 | INFO     | __main__:<module>:153 | user isaac@entropy.tech logged in
2025-09-18 13:38:31 | INFO     | __main__:<module>:153 | user isaac@entropy.tech logged in
2025-09-18 13:38:33 | INFO     | __main__:<module>:153 | user isaac@entropy.tech logged in
2025-09-18 13:38:35 | INFO     | __main__:<module>:153 | user isaac@entropy.tech logged in
2025-09-18 13:38:37 | INFO     | __main__:<module>:153 | user isaac@entropy.tech logged in
2025-09-18 13:38:37 | INFO     | __main__:<module>:153 | user isaac@entropy.tech logged in
2025-09-18 13:38:39 | INFO     | __main__:<module>:153 | user isaac@entropy.tech logged in
2025-09-18 13:38:41 | INFO     | __main__:<module>:153 | user isaac@entropy.tech logged in
2025-09-18 13:38:44 | INFO     | __main__:<module>:153 | user isaac@entropy.tech logged in
2025-09-18 13:38:47 | INFO     | __main__:<module>:153 | user isaac@entropy.tech logged in
2025-09-18 13:38:47 | INFO     | Murray.metrics:update_metrics:59 | New record added: {'timestamp': '2025-09-18 13:38:47', 'section': 'experimental_evaluation', 'date': '2025-09-18', 'day_of_week': 'Thursday', 'hour': 13}
2025-09-18 13:38:47 | INFO     | Murray.post_analysis:run_geo_evaluation:21 | Starting run_geo_evaluation
2025-09-18 13:38:47 | INFO     | Murray.post_analysis:run_geo_evaluation:22 | Input data shape: (7968, 6)
2025-09-18 13:38:47 | INFO     | Murray.post_analysis:run_geo_evaluation:23 | Treatment group: ['aguascalientes', 'campeche', 'chihuahua', 'guanajuato', 'jalisco', 'oaxaca', 'quintana roo', 'tabasco', 'yucatan']
2025-09-18 13:38:47 | INFO     | Murray.post_analysis:run_geo_evaluation:24 | Start treatment: 2025-07-16 00:00:00, End treatment: 2025-09-06 00:00:00
2025-09-18 13:38:47 | INFO     | Murray.post_analysis:run_geo_evaluation:25 | n_permutations: 50000, significance_level: 0.1
2025-09-18 13:38:47 | INFO     | Murray.post_analysis:run_geo_evaluation:40 | Treatment period positions: 196 to 249
2025-09-18 13:38:47 | INFO     | Murray.post_analysis:run_geo_evaluation:49 | Generating correlation matrix...
2025-09-18 13:38:47 | INFO     | Murray.post_analysis:run_geo_evaluation:52 | Selecting control group...
2025-09-18 13:38:47 | INFO     | Murray.post_analysis:run_geo_evaluation:58 | Control group selected: ['nuevo leon', 'tamaulipas', 'state of mexico', 'baja california', 'mexico city', 'michoacan']
2025-09-18 13:38:47 | INFO     | Murray.post_analysis:run_geo_evaluation:68 | Pivot table shape: (249, 32)
2025-09-18 13:38:47 | INFO     | Murray.post_analysis:run_geo_evaluation:81 | Scaling data...
2025-09-18 13:38:47 | INFO     | Murray.post_analysis:run_geo_evaluation:101 | Fitting synthetic control model...
2025-09-18 13:38:47 | INFO     | Murray.post_analysis:run_geo_evaluation:104 | Model fitted successfully
2025-09-18 13:38:47 | INFO     | Murray.post_analysis:run_geo_evaluation:106 | Making predictions...
2025-09-18 13:38:47 | INFO     | Murray.post_analysis:run_geo_evaluation:137 | Calculating metrics...
2025-09-18 13:38:47 | INFO     | Murray.post_analysis:run_geo_evaluation:138 | Data shapes - treatment: (249,), counterfactual: (249,)
2025-09-18 13:38:47 | INFO     | Murray.post_analysis:run_geo_evaluation:148 | Treatment period sum: 261089522.39199
2025-09-18 13:38:47 | INFO     | Murray.post_analysis:run_geo_evaluation:149 | Counterfactual period sum: 323252536.016042
2025-09-18 13:38:47 | INFO     | Murray.post_analysis:run_geo_evaluation:150 | Lift difference (treatment - counterfactual): -62163013.62405199
2025-09-18 13:38:47 | INFO     | Murray.post_analysis:run_geo_evaluation:164 | Observed statistic (sum of residuals): -62163013.62405198
2025-09-18 13:38:47 | INFO     | Murray.post_analysis:run_geo_evaluation:165 | Manual verification - observed_stat should equal lift_difference: -62163013.62405199
2025-09-18 13:38:47 | INFO     | Murray.post_analysis:run_geo_evaluation:167 | Starting permutation test with 50000 permutations...
2025-09-18 13:38:47 | INFO     | Murray.post_analysis:run_geo_evaluation:172 | Completed 10000/50000 permutations
2025-09-18 13:38:47 | INFO     | Murray.post_analysis:run_geo_evaluation:172 | Completed 20000/50000 permutations
2025-09-18 13:38:47 | INFO     | Murray.post_analysis:run_geo_evaluation:172 | Completed 30000/50000 permutations
2025-09-18 13:38:47 | INFO     | Murray.post_analysis:run_geo_evaluation:172 | Completed 40000/50000 permutations
2025-09-18 13:38:47 | INFO     | Murray.post_analysis:run_geo_evaluation:178 | Permutation test completed, calculating p-value and power...
2025-09-18 13:38:47 | INFO     | Murray.post_analysis:run_geo_evaluation:184 | Final results:
2025-09-18 13:38:47 | INFO     | Murray.post_analysis:run_geo_evaluation:185 |   MAPE: 116.5303
2025-09-18 13:38:47 | INFO     | Murray.post_analysis:run_geo_evaluation:186 |   SMAPE: 56.3602
2025-09-18 13:38:47 | INFO     | Murray.post_analysis:run_geo_evaluation:187 |   Percentage lift: -19.2305%
2025-09-18 13:38:47 | INFO     | Murray.post_analysis:run_geo_evaluation:188 |   P-value: 0.004020
2025-09-18 13:38:47 | INFO     | Murray.post_analysis:run_geo_evaluation:189 |   Power: 1.0000
2025-09-18 13:38:47 | INFO     | Murray.post_analysis:run_geo_evaluation:216 | run_geo_evaluation completed successfully
2025-09-18 13:38:53 | INFO     | __main__:<module>:153 | user isaac@entropy.tech logged in
2025-09-18 13:38:55 | INFO     | __main__:<module>:153 | user isaac@entropy.tech logged in
2025-09-18 13:38:55 | INFO     | Murray.metrics:update_metrics:59 | New record added: {'timestamp': '2025-09-18 13:38:55', 'section': 'experimental_evaluation', 'date': '2025-09-18', 'day_of_week': 'Thursday', 'hour': 13}
2025-09-18 13:38:55 | INFO     | Murray.post_analysis:run_geo_evaluation:21 | Starting run_geo_evaluation
2025-09-18 13:38:55 | INFO     | Murray.post_analysis:run_geo_evaluation:22 | Input data shape: (7968, 6)
2025-09-18 13:38:55 | INFO     | Murray.post_analysis:run_geo_evaluation:23 | Treatment group: ['aguascalientes', 'campeche', 'chihuahua', 'guanajuato', 'jalisco', 'oaxaca', 'quintana roo', 'tabasco', 'yucatan']
2025-09-18 13:38:55 | INFO     | Murray.post_analysis:run_geo_evaluation:24 | Start treatment: 2025-07-16 00:00:00, End treatment: 2025-09-06 00:00:00
2025-09-18 13:38:55 | INFO     | Murray.post_analysis:run_geo_evaluation:25 | n_permutations: 50000, significance_level: 0.1
2025-09-18 13:38:55 | INFO     | Murray.post_analysis:run_geo_evaluation:40 | Treatment period positions: 196 to 249
2025-09-18 13:38:55 | INFO     | Murray.post_analysis:run_geo_evaluation:49 | Generating correlation matrix...
2025-09-18 13:38:55 | INFO     | Murray.post_analysis:run_geo_evaluation:52 | Selecting control group...
2025-09-18 13:38:55 | INFO     | Murray.post_analysis:run_geo_evaluation:58 | Control group selected: ['nuevo leon', 'veracruz', 'hidalgo', 'coahuila', 'sonora', 'morelos', 'state of mexico', 'baja california', 'tamaulipas', 'mexico city', 'san luis potosi', 'michoacan', 'queretaro', 'puebla']
2025-09-18 13:38:55 | INFO     | Murray.post_analysis:run_geo_evaluation:68 | Pivot table shape: (249, 32)
2025-09-18 13:38:55 | INFO     | Murray.post_analysis:run_geo_evaluation:81 | Scaling data...
2025-09-18 13:38:55 | INFO     | Murray.post_analysis:run_geo_evaluation:101 | Fitting synthetic control model...
2025-09-18 13:38:55 | INFO     | Murray.post_analysis:run_geo_evaluation:104 | Model fitted successfully
2025-09-18 13:38:55 | INFO     | Murray.post_analysis:run_geo_evaluation:106 | Making predictions...
2025-09-18 13:38:55 | INFO     | Murray.post_analysis:run_geo_evaluation:137 | Calculating metrics...
2025-09-18 13:38:55 | INFO     | Murray.post_analysis:run_geo_evaluation:138 | Data shapes - treatment: (249,), counterfactual: (249,)
2025-09-18 13:38:55 | INFO     | Murray.post_analysis:run_geo_evaluation:148 | Treatment period sum: 7798547
2025-09-18 13:38:55 | INFO     | Murray.post_analysis:run_geo_evaluation:149 | Counterfactual period sum: 7996552.510302162
2025-09-18 13:38:55 | INFO     | Murray.post_analysis:run_geo_evaluation:150 | Lift difference (treatment - counterfactual): -198005.5103021618
2025-09-18 13:38:55 | INFO     | Murray.post_analysis:run_geo_evaluation:164 | Observed statistic (sum of residuals): -198005.51030216215
2025-09-18 13:38:55 | INFO     | Murray.post_analysis:run_geo_evaluation:165 | Manual verification - observed_stat should equal lift_difference: -198005.5103021618
2025-09-18 13:38:55 | INFO     | Murray.post_analysis:run_geo_evaluation:167 | Starting permutation test with 50000 permutations...
2025-09-18 13:38:55 | INFO     | Murray.post_analysis:run_geo_evaluation:172 | Completed 10000/50000 permutations
2025-09-18 13:38:55 | INFO     | Murray.post_analysis:run_geo_evaluation:172 | Completed 20000/50000 permutations
2025-09-18 13:38:55 | INFO     | Murray.post_analysis:run_geo_evaluation:172 | Completed 30000/50000 permutations
2025-09-18 13:38:56 | INFO     | Murray.post_analysis:run_geo_evaluation:172 | Completed 40000/50000 permutations
2025-09-18 13:38:56 | INFO     | Murray.post_analysis:run_geo_evaluation:178 | Permutation test completed, calculating p-value and power...
2025-09-18 13:38:56 | INFO     | Murray.post_analysis:run_geo_evaluation:184 | Final results:
2025-09-18 13:38:56 | INFO     | Murray.post_analysis:run_geo_evaluation:185 |   MAPE: 3.5703
2025-09-18 13:38:56 | INFO     | Murray.post_analysis:run_geo_evaluation:186 |   SMAPE: 3.5382
2025-09-18 13:38:56 | INFO     | Murray.post_analysis:run_geo_evaluation:187 |   Percentage lift: -2.4761%
2025-09-18 13:38:56 | INFO     | Murray.post_analysis:run_geo_evaluation:188 |   P-value: 0.000020
2025-09-18 13:38:56 | INFO     | Murray.post_analysis:run_geo_evaluation:189 |   Power: 1.0000
2025-09-18 13:38:56 | INFO     | Murray.post_analysis:run_geo_evaluation:216 | run_geo_evaluation completed successfully
2025-09-18 13:52:11 | INFO     | __main__:<module>:153 | user isaac@entropy.tech logged in
2025-09-18 13:52:14 | INFO     | __main__:<module>:153 | user isaac@entropy.tech logged in
2025-09-18 13:52:26 | INFO     | __main__:<module>:153 | user isaac@entropy.tech logged in
2025-09-18 13:52:29 | INFO     | __main__:<module>:153 | user isaac@entropy.tech logged in
2025-09-18 13:52:32 | INFO     | __main__:<module>:153 | user isaac@entropy.tech logged in
2025-09-18 13:54:22 | INFO     | __main__:<module>:153 | user isaac@entropy.tech logged in
2025-09-18 13:54:25 | INFO     | __main__:<module>:153 | user isaac@entropy.tech logged in
2025-09-18 13:54:25 | ERROR    | Murray.auxiliary:cleaned_data:138 | Data Cleaning Error: Some dates are invalid. Please check and correct them.
2025-09-18 13:54:59 | INFO     | __main__:<module>:153 | user isaac@entropy.tech logged in
2025-09-18 13:55:23 | INFO     | __main__:<module>:153 | user isaac@entropy.tech logged in
2025-09-18 13:55:23 | ERROR    | Murray.auxiliary:cleaned_data:138 | Data Cleaning Error: Some dates are invalid. Please check and correct them.
2025-09-18 13:55:29 | INFO     | __main__:<module>:153 | user isaac@entropy.tech logged in
2025-09-18 13:55:29 | ERROR    | Murray.auxiliary:cleaned_data:138 | Data Cleaning Error: Some dates are invalid. Please check and correct them.
2025-09-18 13:55:46 | INFO     | __main__:<module>:153 | user isaac@entropy.tech logged in
2025-09-18 13:55:50 | INFO     | __main__:<module>:153 | user isaac@entropy.tech logged in
2025-09-18 13:55:54 | INFO     | __main__:<module>:153 | user isaac@entropy.tech logged in
2025-09-18 13:56:42 | INFO     | __main__:<module>:153 | user isaac@entropy.tech logged in
2025-09-18 13:56:47 | INFO     | __main__:<module>:153 | user isaac@entropy.tech logged in
2025-09-18 13:56:47 | ERROR    | Murray.auxiliary:cleaned_data:138 | Data Cleaning Error: Some dates are invalid. Please check and correct them.
2025-09-18 14:13:41 | INFO     | __main__:<module>:153 | user isaac@entropy.tech logged in
2025-09-18 14:13:45 | INFO     | __main__:<module>:153 | user isaac@entropy.tech logged in
2025-09-18 14:13:46 | ERROR    | Murray.auxiliary:cleaned_data:138 | Data Cleaning Error: Some dates are invalid. Please check and correct them.
2025-09-18 14:14:37 | INFO     | __main__:<module>:153 | user isaac@entropy.tech logged in
2025-09-18 14:14:43 | INFO     | __main__:<module>:153 | user isaac@entropy.tech logged in
2025-09-18 14:14:43 | ERROR    | Murray.auxiliary:cleaned_data:138 | Data Cleaning Error: Some dates are invalid. Please check and correct them.
2025-09-18 14:14:45 | INFO     | __main__:<module>:153 | user isaac@entropy.tech logged in
2025-09-18 14:14:57 | INFO     | __main__:<module>:153 | user isaac@entropy.tech logged in
2025-09-18 14:15:11 | INFO     | __main__:<module>:153 | user isaac@entropy.tech logged in
2025-09-18 14:15:50 | INFO     | __main__:<module>:153 | user isaac@entropy.tech logged in
2025-09-18 14:15:53 | INFO     | __main__:<module>:153 | user isaac@entropy.tech logged in
2025-09-18 14:15:56 | INFO     | __main__:<module>:153 | user isaac@entropy.tech logged in
2025-09-18 14:15:57 | INFO     | __main__:<module>:153 | user isaac@entropy.tech logged in
2025-09-18 14:15:59 | INFO     | __main__:<module>:153 | user isaac@entropy.tech logged in
2025-09-18 14:16:00 | INFO     | __main__:<module>:153 | user isaac@entropy.tech logged in
2025-09-18 14:16:01 | INFO     | __main__:<module>:153 | user isaac@entropy.tech logged in
2025-09-18 14:16:03 | INFO     | __main__:<module>:153 | user isaac@entropy.tech logged in
2025-09-18 14:16:05 | INFO     | __main__:<module>:153 | user isaac@entropy.tech logged in
2025-09-18 14:16:07 | INFO     | __main__:<module>:153 | user isaac@entropy.tech logged in
2025-09-18 14:16:07 | INFO     | Murray.metrics:update_metrics:59 | New record added: {'timestamp': '2025-09-18 14:16:07', 'section': 'experimental_evaluation', 'date': '2025-09-18', 'day_of_week': 'Thursday', 'hour': 14}
2025-09-18 14:16:07 | INFO     | Murray.post_analysis:run_geo_evaluation:21 | Starting run_geo_evaluation
2025-09-18 14:16:07 | INFO     | Murray.post_analysis:run_geo_evaluation:22 | Input data shape: (11712, 4)
2025-09-18 14:16:07 | INFO     | Murray.post_analysis:run_geo_evaluation:23 | Treatment group: ['aguascalientes', 'campeche', 'chihuahua', 'guanajuato', 'jalisco', 'oaxaca', 'quintana roo', 'tabasco', 'yucatan']
2025-09-18 14:16:07 | INFO     | Murray.post_analysis:run_geo_evaluation:24 | Start treatment: 2025-07-16 00:00:00, End treatment: 2025-09-17 00:00:00
2025-09-18 14:16:07 | INFO     | Murray.post_analysis:run_geo_evaluation:25 | n_permutations: 50000, significance_level: 0.1
2025-09-18 14:16:07 | INFO     | Murray.post_analysis:run_geo_evaluation:40 | Treatment period positions: 302 to 366
2025-09-18 14:16:07 | INFO     | Murray.post_analysis:run_geo_evaluation:49 | Generating correlation matrix...
2025-09-18 14:16:07 | INFO     | Murray.post_analysis:run_geo_evaluation:52 | Selecting control group...
2025-09-18 14:16:07 | INFO     | Murray.post_analysis:run_geo_evaluation:58 | Control group selected: ['nuevo leon', 'mexico city', 'state of mexico']
2025-09-18 14:16:07 | INFO     | Murray.post_analysis:run_geo_evaluation:68 | Pivot table shape: (366, 32)
2025-09-18 14:16:07 | INFO     | Murray.post_analysis:run_geo_evaluation:81 | Scaling data...
2025-09-18 14:16:07 | INFO     | Murray.post_analysis:run_geo_evaluation:101 | Fitting synthetic control model...
2025-09-18 14:16:07 | INFO     | Murray.post_analysis:run_geo_evaluation:104 | Model fitted successfully
2025-09-18 14:16:07 | INFO     | Murray.post_analysis:run_geo_evaluation:106 | Making predictions...
2025-09-18 14:16:07 | INFO     | Murray.post_analysis:run_geo_evaluation:137 | Calculating metrics...
2025-09-18 14:16:07 | INFO     | Murray.post_analysis:run_geo_evaluation:138 | Data shapes - treatment: (366,), counterfactual: (366,)
2025-09-18 14:16:07 | INFO     | Murray.post_analysis:run_geo_evaluation:148 | Treatment period sum: 154270.0
2025-09-18 14:16:07 | INFO     | Murray.post_analysis:run_geo_evaluation:149 | Counterfactual period sum: 171508.6365844605
2025-09-18 14:16:07 | INFO     | Murray.post_analysis:run_geo_evaluation:150 | Lift difference (treatment - counterfactual): -17238.636584460502
2025-09-18 14:16:07 | INFO     | Murray.post_analysis:run_geo_evaluation:164 | Observed statistic (sum of residuals): -17238.636584460477
2025-09-18 14:16:07 | INFO     | Murray.post_analysis:run_geo_evaluation:165 | Manual verification - observed_stat should equal lift_difference: -17238.636584460502
2025-09-18 14:16:07 | INFO     | Murray.post_analysis:run_geo_evaluation:167 | Starting permutation test with 50000 permutations...
2025-09-18 14:16:07 | INFO     | Murray.post_analysis:run_geo_evaluation:172 | Completed 10000/50000 permutations
2025-09-18 14:16:07 | INFO     | Murray.post_analysis:run_geo_evaluation:172 | Completed 20000/50000 permutations
2025-09-18 14:16:07 | INFO     | Murray.post_analysis:run_geo_evaluation:172 | Completed 30000/50000 permutations
2025-09-18 14:16:07 | INFO     | Murray.post_analysis:run_geo_evaluation:172 | Completed 40000/50000 permutations
2025-09-18 14:16:07 | INFO     | Murray.post_analysis:run_geo_evaluation:178 | Permutation test completed, calculating p-value and power...
2025-09-18 14:16:07 | INFO     | Murray.post_analysis:run_geo_evaluation:184 | Final results:
2025-09-18 14:16:07 | INFO     | Murray.post_analysis:run_geo_evaluation:185 |   MAPE: 20.5832
2025-09-18 14:16:07 | INFO     | Murray.post_analysis:run_geo_evaluation:186 |   SMAPE: 18.4947
2025-09-18 14:16:07 | INFO     | Murray.post_analysis:run_geo_evaluation:187 |   Percentage lift: -10.0512%
2025-09-18 14:16:07 | INFO     | Murray.post_analysis:run_geo_evaluation:188 |   P-value: 0.000140
2025-09-18 14:16:07 | INFO     | Murray.post_analysis:run_geo_evaluation:189 |   Power: 1.0000
2025-09-18 14:16:07 | INFO     | Murray.post_analysis:run_geo_evaluation:216 | run_geo_evaluation completed successfully
2025-09-18 14:16:20 | INFO     | __main__:<module>:153 | user isaac@entropy.tech logged in
2025-09-18 14:16:21 | INFO     | __main__:<module>:153 | user isaac@entropy.tech logged in
2025-09-18 14:16:21 | INFO     | Murray.metrics:update_metrics:59 | New record added: {'timestamp': '2025-09-18 14:16:21', 'section': 'experimental_evaluation', 'date': '2025-09-18', 'day_of_week': 'Thursday', 'hour': 14}
2025-09-18 14:16:21 | INFO     | Murray.post_analysis:run_geo_evaluation:21 | Starting run_geo_evaluation
2025-09-18 14:16:21 | INFO     | Murray.post_analysis:run_geo_evaluation:22 | Input data shape: (11712, 4)
2025-09-18 14:16:21 | INFO     | Murray.post_analysis:run_geo_evaluation:23 | Treatment group: ['aguascalientes', 'campeche', 'chihuahua', 'guanajuato', 'jalisco', 'oaxaca', 'quintana roo', 'tabasco', 'yucatan']
2025-09-18 14:16:21 | INFO     | Murray.post_analysis:run_geo_evaluation:24 | Start treatment: 2025-07-16 00:00:00, End treatment: 2025-09-06 00:00:00
2025-09-18 14:16:21 | INFO     | Murray.post_analysis:run_geo_evaluation:25 | n_permutations: 50000, significance_level: 0.1
2025-09-18 14:16:21 | INFO     | Murray.post_analysis:run_geo_evaluation:40 | Treatment period positions: 302 to 355
2025-09-18 14:16:21 | INFO     | Murray.post_analysis:run_geo_evaluation:49 | Generating correlation matrix...
2025-09-18 14:16:21 | INFO     | Murray.post_analysis:run_geo_evaluation:52 | Selecting control group...
2025-09-18 14:16:21 | INFO     | Murray.post_analysis:run_geo_evaluation:58 | Control group selected: ['nuevo leon', 'mexico city', 'state of mexico']
2025-09-18 14:16:21 | INFO     | Murray.post_analysis:run_geo_evaluation:68 | Pivot table shape: (366, 32)
2025-09-18 14:16:21 | INFO     | Murray.post_analysis:run_geo_evaluation:81 | Scaling data...
2025-09-18 14:16:21 | INFO     | Murray.post_analysis:run_geo_evaluation:101 | Fitting synthetic control model...
2025-09-18 14:16:21 | INFO     | Murray.post_analysis:run_geo_evaluation:104 | Model fitted successfully
2025-09-18 14:16:21 | INFO     | Murray.post_analysis:run_geo_evaluation:106 | Making predictions...
2025-09-18 14:16:21 | INFO     | Murray.post_analysis:run_geo_evaluation:137 | Calculating metrics...
2025-09-18 14:16:21 | INFO     | Murray.post_analysis:run_geo_evaluation:138 | Data shapes - treatment: (355,), counterfactual: (355,)
2025-09-18 14:16:21 | INFO     | Murray.post_analysis:run_geo_evaluation:148 | Treatment period sum: 132172.0
2025-09-18 14:16:21 | INFO     | Murray.post_analysis:run_geo_evaluation:149 | Counterfactual period sum: 147248.70796556925
2025-09-18 14:16:21 | INFO     | Murray.post_analysis:run_geo_evaluation:150 | Lift difference (treatment - counterfactual): -15076.70796556925
2025-09-18 14:16:21 | INFO     | Murray.post_analysis:run_geo_evaluation:164 | Observed statistic (sum of residuals): -15076.707965569256
2025-09-18 14:16:21 | INFO     | Murray.post_analysis:run_geo_evaluation:165 | Manual verification - observed_stat should equal lift_difference: -15076.70796556925
2025-09-18 14:16:21 | INFO     | Murray.post_analysis:run_geo_evaluation:167 | Starting permutation test with 50000 permutations...
2025-09-18 14:16:21 | INFO     | Murray.post_analysis:run_geo_evaluation:172 | Completed 10000/50000 permutations
2025-09-18 14:16:22 | INFO     | Murray.post_analysis:run_geo_evaluation:172 | Completed 20000/50000 permutations
2025-09-18 14:16:22 | INFO     | Murray.post_analysis:run_geo_evaluation:172 | Completed 30000/50000 permutations
2025-09-18 14:16:22 | INFO     | Murray.post_analysis:run_geo_evaluation:172 | Completed 40000/50000 permutations
2025-09-18 14:16:22 | INFO     | Murray.post_analysis:run_geo_evaluation:178 | Permutation test completed, calculating p-value and power...
2025-09-18 14:16:22 | INFO     | Murray.post_analysis:run_geo_evaluation:184 | Final results:
2025-09-18 14:16:22 | INFO     | Murray.post_analysis:run_geo_evaluation:185 |   MAPE: 20.5188
2025-09-18 14:16:22 | INFO     | Murray.post_analysis:run_geo_evaluation:186 |   SMAPE: 18.4420
2025-09-18 14:16:22 | INFO     | Murray.post_analysis:run_geo_evaluation:187 |   Percentage lift: -10.2389%
2025-09-18 14:16:22 | INFO     | Murray.post_analysis:run_geo_evaluation:188 |   P-value: 0.000140
2025-09-18 14:16:22 | INFO     | Murray.post_analysis:run_geo_evaluation:189 |   Power: 1.0000
2025-09-18 14:16:22 | INFO     | Murray.post_analysis:run_geo_evaluation:216 | run_geo_evaluation completed successfully
2025-09-18 14:16:49 | INFO     | __main__:<module>:153 | user isaac@entropy.tech logged in
2025-09-18 14:16:52 | INFO     | __main__:<module>:153 | user isaac@entropy.tech logged in
2025-09-18 14:16:52 | INFO     | Murray.metrics:update_metrics:59 | New record added: {'timestamp': '2025-09-18 14:16:52', 'section': 'experimental_evaluation', 'date': '2025-09-18', 'day_of_week': 'Thursday', 'hour': 14}
2025-09-18 14:16:52 | INFO     | Murray.post_analysis:run_geo_evaluation:21 | Starting run_geo_evaluation
2025-09-18 14:16:52 | INFO     | Murray.post_analysis:run_geo_evaluation:22 | Input data shape: (11712, 4)
2025-09-18 14:16:52 | INFO     | Murray.post_analysis:run_geo_evaluation:23 | Treatment group: ['aguascalientes', 'campeche', 'chihuahua', 'guanajuato', 'jalisco', 'oaxaca', 'quintana roo', 'tabasco', 'yucatan']
2025-09-18 14:16:52 | INFO     | Murray.post_analysis:run_geo_evaluation:24 | Start treatment: 2025-07-16 00:00:00, End treatment: 2025-09-06 00:00:00
2025-09-18 14:16:52 | INFO     | Murray.post_analysis:run_geo_evaluation:25 | n_permutations: 50000, significance_level: 0.1
2025-09-18 14:16:52 | INFO     | Murray.post_analysis:run_geo_evaluation:40 | Treatment period positions: 302 to 355
2025-09-18 14:16:52 | INFO     | Murray.post_analysis:run_geo_evaluation:49 | Generating correlation matrix...
2025-09-18 14:16:52 | INFO     | Murray.post_analysis:run_geo_evaluation:52 | Selecting control group...
2025-09-18 14:16:52 | INFO     | Murray.post_analysis:run_geo_evaluation:58 | Control group selected: ['mexico city', 'michoacan', 'state of mexico', 'tlaxcala']
2025-09-18 14:16:52 | INFO     | Murray.post_analysis:run_geo_evaluation:68 | Pivot table shape: (366, 32)
2025-09-18 14:16:52 | INFO     | Murray.post_analysis:run_geo_evaluation:81 | Scaling data...
2025-09-18 14:16:52 | INFO     | Murray.post_analysis:run_geo_evaluation:101 | Fitting synthetic control model...
2025-09-18 14:16:52 | INFO     | Murray.post_analysis:run_geo_evaluation:104 | Model fitted successfully
2025-09-18 14:16:52 | INFO     | Murray.post_analysis:run_geo_evaluation:106 | Making predictions...
2025-09-18 14:16:52 | INFO     | Murray.post_analysis:run_geo_evaluation:137 | Calculating metrics...
2025-09-18 14:16:52 | INFO     | Murray.post_analysis:run_geo_evaluation:138 | Data shapes - treatment: (355,), counterfactual: (355,)
2025-09-18 14:16:52 | INFO     | Murray.post_analysis:run_geo_evaluation:148 | Treatment period sum: 261408.0
2025-09-18 14:16:52 | INFO     | Murray.post_analysis:run_geo_evaluation:149 | Counterfactual period sum: 280589.14811033465
2025-09-18 14:16:52 | INFO     | Murray.post_analysis:run_geo_evaluation:150 | Lift difference (treatment - counterfactual): -19181.148110334645
2025-09-18 14:16:52 | INFO     | Murray.post_analysis:run_geo_evaluation:164 | Observed statistic (sum of residuals): -19181.148110334656
2025-09-18 14:16:52 | INFO     | Murray.post_analysis:run_geo_evaluation:165 | Manual verification - observed_stat should equal lift_difference: -19181.148110334645
2025-09-18 14:16:52 | INFO     | Murray.post_analysis:run_geo_evaluation:167 | Starting permutation test with 50000 permutations...
2025-09-18 14:16:52 | INFO     | Murray.post_analysis:run_geo_evaluation:172 | Completed 10000/50000 permutations
2025-09-18 14:16:52 | INFO     | Murray.post_analysis:run_geo_evaluation:172 | Completed 20000/50000 permutations
2025-09-18 14:16:52 | INFO     | Murray.post_analysis:run_geo_evaluation:172 | Completed 30000/50000 permutations
2025-09-18 14:16:52 | INFO     | Murray.post_analysis:run_geo_evaluation:172 | Completed 40000/50000 permutations
2025-09-18 14:16:52 | INFO     | Murray.post_analysis:run_geo_evaluation:178 | Permutation test completed, calculating p-value and power...
2025-09-18 14:16:52 | INFO     | Murray.post_analysis:run_geo_evaluation:184 | Final results:
2025-09-18 14:16:52 | INFO     | Murray.post_analysis:run_geo_evaluation:185 |   MAPE: 26.2421
2025-09-18 14:16:52 | INFO     | Murray.post_analysis:run_geo_evaluation:186 |   SMAPE: 23.9161
2025-09-18 14:16:52 | INFO     | Murray.post_analysis:run_geo_evaluation:187 |   Percentage lift: -6.8360%
2025-09-18 14:16:52 | INFO     | Murray.post_analysis:run_geo_evaluation:188 |   P-value: 0.066700
2025-09-18 14:16:52 | INFO     | Murray.post_analysis:run_geo_evaluation:189 |   Power: 1.0000
2025-09-18 14:16:52 | INFO     | Murray.post_analysis:run_geo_evaluation:216 | run_geo_evaluation completed successfully
2025-09-18 14:50:06 | INFO     | __main__:<module>:153 | user isaac@entropy.tech logged in
2025-09-18 14:50:43 | INFO     | __main__:<module>:153 | user isaac@entropy.tech logged in
2025-09-18 14:56:02 | INFO     | __main__:<module>:153 | user isaac@entropy.tech logged in
2025-09-18 14:56:06 | INFO     | __main__:<module>:153 | user isaac@entropy.tech logged in
2025-09-18 14:56:07 | INFO     | __main__:<module>:153 | user isaac@entropy.tech logged in
2025-09-18 14:56:18 | INFO     | __main__:<module>:153 | user isaac@entropy.tech logged in
2025-09-18 14:56:20 | INFO     | __main__:<module>:153 | user isaac@entropy.tech logged in
2025-09-18 14:56:27 | INFO     | __main__:<module>:153 | user isaac@entropy.tech logged in
2025-09-18 14:56:28 | INFO     | __main__:<module>:153 | user isaac@entropy.tech logged in
2025-09-18 14:56:30 | INFO     | __main__:<module>:153 | user isaac@entropy.tech logged in
2025-09-18 14:56:31 | INFO     | __main__:<module>:153 | user isaac@entropy.tech logged in
2025-09-18 14:56:35 | INFO     | __main__:<module>:153 | user isaac@entropy.tech logged in
2025-09-18 14:56:53 | INFO     | __main__:<module>:153 | user isaac@entropy.tech logged in
2025-09-18 14:56:55 | INFO     | __main__:<module>:153 | user isaac@entropy.tech logged in
2025-09-18 14:56:57 | INFO     | __main__:<module>:153 | user isaac@entropy.tech logged in
2025-09-18 14:56:59 | INFO     | Murray.metrics:update_metrics:59 | New record added: {'timestamp': '2025-09-18 14:56:59', 'section': 'experimental_evaluation', 'date': '2025-09-18', 'day_of_week': 'Thursday', 'hour': 14}
2025-09-18 14:56:59 | INFO     | Murray.post_analysis:run_geo_evaluation:21 | Starting run_geo_evaluation
2025-09-18 14:56:59 | INFO     | Murray.post_analysis:run_geo_evaluation:22 | Input data shape: (11712, 4)
2025-09-18 14:56:59 | INFO     | Murray.post_analysis:run_geo_evaluation:23 | Treatment group: ['aguascalientes', 'campeche', 'chihuahua', 'guanajuato', 'jalisco', 'oaxaca', 'tabasco', 'yucatan']
2025-09-18 14:56:59 | INFO     | Murray.post_analysis:run_geo_evaluation:24 | Start treatment: 2025-07-16 00:00:00, End treatment: 2025-09-17 00:00:00
2025-09-18 14:56:59 | INFO     | Murray.post_analysis:run_geo_evaluation:25 | n_permutations: 50000, significance_level: 0.1
2025-09-18 14:56:59 | INFO     | Murray.post_analysis:run_geo_evaluation:40 | Treatment period positions: 302 to 366
2025-09-18 14:56:59 | INFO     | Murray.post_analysis:run_geo_evaluation:49 | Generating correlation matrix...
2025-09-18 14:56:59 | INFO     | Murray.post_analysis:run_geo_evaluation:52 | Selecting control group...
2025-09-18 14:56:59 | INFO     | Murray.post_analysis:run_geo_evaluation:58 | Control group selected: ['nuevo leon', 'mexico city', 'morelos', 'tamaulipas']
2025-09-18 14:56:59 | INFO     | Murray.post_analysis:run_geo_evaluation:68 | Pivot table shape: (366, 32)
2025-09-18 14:56:59 | INFO     | Murray.post_analysis:run_geo_evaluation:81 | Scaling data...
2025-09-18 14:56:59 | INFO     | Murray.post_analysis:run_geo_evaluation:101 | Fitting synthetic control model...
2025-09-18 14:56:59 | INFO     | Murray.post_analysis:run_geo_evaluation:104 | Model fitted successfully
2025-09-18 14:56:59 | INFO     | Murray.post_analysis:run_geo_evaluation:106 | Making predictions...
2025-09-18 14:56:59 | INFO     | Murray.post_analysis:run_geo_evaluation:137 | Calculating metrics...
2025-09-18 14:56:59 | INFO     | Murray.post_analysis:run_geo_evaluation:138 | Data shapes - treatment: (366,), counterfactual: (366,)
2025-09-18 14:56:59 | INFO     | Murray.post_analysis:run_geo_evaluation:148 | Treatment period sum: 75956.0
2025-09-18 14:56:59 | INFO     | Murray.post_analysis:run_geo_evaluation:149 | Counterfactual period sum: 76093.00161423402
2025-09-18 14:56:59 | INFO     | Murray.post_analysis:run_geo_evaluation:150 | Lift difference (treatment - counterfactual): -137.00161423401732
2025-09-18 14:56:59 | INFO     | Murray.post_analysis:run_geo_evaluation:164 | Observed statistic (sum of residuals): -137.00161423401244
2025-09-18 14:56:59 | INFO     | Murray.post_analysis:run_geo_evaluation:165 | Manual verification - observed_stat should equal lift_difference: -137.00161423401732
2025-09-18 14:56:59 | INFO     | Murray.post_analysis:run_geo_evaluation:167 | Starting permutation test with 50000 permutations...
2025-09-18 14:56:59 | INFO     | Murray.post_analysis:run_geo_evaluation:172 | Completed 10000/50000 permutations
2025-09-18 14:56:59 | INFO     | Murray.post_analysis:run_geo_evaluation:172 | Completed 20000/50000 permutations
2025-09-18 14:56:59 | INFO     | Murray.post_analysis:run_geo_evaluation:172 | Completed 30000/50000 permutations
2025-09-18 14:57:00 | INFO     | Murray.post_analysis:run_geo_evaluation:172 | Completed 40000/50000 permutations
2025-09-18 14:57:00 | INFO     | Murray.post_analysis:run_geo_evaluation:178 | Permutation test completed, calculating p-value and power...
2025-09-18 14:57:00 | INFO     | Murray.post_analysis:run_geo_evaluation:184 | Final results:
2025-09-18 14:57:00 | INFO     | Murray.post_analysis:run_geo_evaluation:185 |   MAPE: 37.4376
2025-09-18 14:57:00 | INFO     | Murray.post_analysis:run_geo_evaluation:186 |   SMAPE: 31.8153
2025-09-18 14:57:00 | INFO     | Murray.post_analysis:run_geo_evaluation:187 |   Percentage lift: -0.1800%
2025-09-18 14:57:00 | INFO     | Murray.post_analysis:run_geo_evaluation:188 |   P-value: 0.973080
2025-09-18 14:57:00 | INFO     | Murray.post_analysis:run_geo_evaluation:189 |   Power: 0.0000
2025-09-18 14:57:00 | INFO     | Murray.post_analysis:run_geo_evaluation:216 | run_geo_evaluation completed successfully
2025-09-18 14:57:06 | INFO     | __main__:<module>:153 | user isaac@entropy.tech logged in
2025-09-18 14:57:08 | INFO     | __main__:<module>:153 | user isaac@entropy.tech logged in
2025-09-18 14:57:08 | INFO     | Murray.metrics:update_metrics:59 | New record added: {'timestamp': '2025-09-18 14:57:08', 'section': 'experimental_evaluation', 'date': '2025-09-18', 'day_of_week': 'Thursday', 'hour': 14}
2025-09-18 14:57:08 | INFO     | Murray.post_analysis:run_geo_evaluation:21 | Starting run_geo_evaluation
2025-09-18 14:57:08 | INFO     | Murray.post_analysis:run_geo_evaluation:22 | Input data shape: (11712, 4)
2025-09-18 14:57:08 | INFO     | Murray.post_analysis:run_geo_evaluation:23 | Treatment group: ['aguascalientes', 'campeche', 'chihuahua', 'guanajuato', 'jalisco', 'oaxaca', 'tabasco', 'yucatan']
2025-09-18 14:57:08 | INFO     | Murray.post_analysis:run_geo_evaluation:24 | Start treatment: 2025-07-16 00:00:00, End treatment: 2025-09-06 00:00:00
2025-09-18 14:57:08 | INFO     | Murray.post_analysis:run_geo_evaluation:25 | n_permutations: 50000, significance_level: 0.1
2025-09-18 14:57:08 | INFO     | Murray.post_analysis:run_geo_evaluation:40 | Treatment period positions: 302 to 355
2025-09-18 14:57:08 | INFO     | Murray.post_analysis:run_geo_evaluation:49 | Generating correlation matrix...
2025-09-18 14:57:08 | INFO     | Murray.post_analysis:run_geo_evaluation:52 | Selecting control group...
2025-09-18 14:57:08 | INFO     | Murray.post_analysis:run_geo_evaluation:58 | Control group selected: ['nuevo leon', 'mexico city', 'morelos', 'tamaulipas']
2025-09-18 14:57:08 | INFO     | Murray.post_analysis:run_geo_evaluation:68 | Pivot table shape: (366, 32)
2025-09-18 14:57:08 | INFO     | Murray.post_analysis:run_geo_evaluation:81 | Scaling data...
2025-09-18 14:57:08 | INFO     | Murray.post_analysis:run_geo_evaluation:101 | Fitting synthetic control model...
2025-09-18 14:57:08 | INFO     | Murray.post_analysis:run_geo_evaluation:104 | Model fitted successfully
2025-09-18 14:57:08 | INFO     | Murray.post_analysis:run_geo_evaluation:106 | Making predictions...
2025-09-18 14:57:09 | INFO     | Murray.post_analysis:run_geo_evaluation:137 | Calculating metrics...
2025-09-18 14:57:09 | INFO     | Murray.post_analysis:run_geo_evaluation:138 | Data shapes - treatment: (355,), counterfactual: (355,)
2025-09-18 14:57:09 | INFO     | Murray.post_analysis:run_geo_evaluation:148 | Treatment period sum: 64946.0
2025-09-18 14:57:09 | INFO     | Murray.post_analysis:run_geo_evaluation:149 | Counterfactual period sum: 66843.95055341058
2025-09-18 14:57:09 | INFO     | Murray.post_analysis:run_geo_evaluation:150 | Lift difference (treatment - counterfactual): -1897.9505534105847
2025-09-18 14:57:09 | INFO     | Murray.post_analysis:run_geo_evaluation:164 | Observed statistic (sum of residuals): -1897.9505534105858
2025-09-18 14:57:09 | INFO     | Murray.post_analysis:run_geo_evaluation:165 | Manual verification - observed_stat should equal lift_difference: -1897.9505534105847
2025-09-18 14:57:09 | INFO     | Murray.post_analysis:run_geo_evaluation:167 | Starting permutation test with 50000 permutations...
2025-09-18 14:57:09 | INFO     | Murray.post_analysis:run_geo_evaluation:172 | Completed 10000/50000 permutations
2025-09-18 14:57:09 | INFO     | Murray.post_analysis:run_geo_evaluation:172 | Completed 20000/50000 permutations
2025-09-18 14:57:09 | INFO     | Murray.post_analysis:run_geo_evaluation:172 | Completed 30000/50000 permutations
2025-09-18 14:57:09 | INFO     | Murray.post_analysis:run_geo_evaluation:172 | Completed 40000/50000 permutations
2025-09-18 14:57:09 | INFO     | Murray.post_analysis:run_geo_evaluation:178 | Permutation test completed, calculating p-value and power...
2025-09-18 14:57:09 | INFO     | Murray.post_analysis:run_geo_evaluation:184 | Final results:
2025-09-18 14:57:09 | INFO     | Murray.post_analysis:run_geo_evaluation:185 |   MAPE: 37.6946
2025-09-18 14:57:09 | INFO     | Murray.post_analysis:run_geo_evaluation:186 |   SMAPE: 31.7589
2025-09-18 14:57:09 | INFO     | Murray.post_analysis:run_geo_evaluation:187 |   Percentage lift: -2.8394%
2025-09-18 14:57:09 | INFO     | Murray.post_analysis:run_geo_evaluation:188 |   P-value: 0.609300
2025-09-18 14:57:09 | INFO     | Murray.post_analysis:run_geo_evaluation:189 |   Power: 0.0000
2025-09-18 14:57:09 | INFO     | Murray.post_analysis:run_geo_evaluation:216 | run_geo_evaluation completed successfully
2025-09-18 15:09:38 | INFO     | __main__:<module>:153 | user isaac@entropy.tech logged in
2025-09-18 15:09:41 | INFO     | __main__:<module>:153 | user isaac@entropy.tech logged in
2025-09-18 15:09:47 | INFO     | __main__:<module>:153 | user isaac@entropy.tech logged in
2025-09-18 15:09:50 | INFO     | __main__:<module>:153 | user isaac@entropy.tech logged in
2025-09-18 15:09:53 | INFO     | __main__:<module>:153 | user isaac@entropy.tech logged in
2025-09-18 15:10:03 | INFO     | __main__:<module>:153 | user isaac@entropy.tech logged in
2025-09-18 15:10:06 | INFO     | __main__:<module>:153 | user isaac@entropy.tech logged in
2025-09-18 15:10:07 | INFO     | __main__:<module>:153 | user isaac@entropy.tech logged in
2025-09-18 15:10:08 | INFO     | __main__:<module>:153 | user isaac@entropy.tech logged in
2025-09-18 15:10:09 | INFO     | __main__:<module>:153 | user isaac@entropy.tech logged in
2025-09-18 15:10:10 | INFO     | __main__:<module>:153 | user isaac@entropy.tech logged in
2025-09-18 15:10:12 | INFO     | __main__:<module>:153 | user isaac@entropy.tech logged in
2025-09-18 15:10:13 | INFO     | __main__:<module>:153 | user isaac@entropy.tech logged in
2025-09-18 15:10:21 | INFO     | __main__:<module>:153 | user isaac@entropy.tech logged in
2025-09-18 15:10:22 | INFO     | __main__:<module>:153 | user isaac@entropy.tech logged in
2025-09-18 15:10:24 | INFO     | __main__:<module>:153 | user isaac@entropy.tech logged in
2025-09-18 15:10:26 | INFO     | __main__:<module>:153 | user isaac@entropy.tech logged in
2025-09-18 15:10:26 | INFO     | Murray.metrics:update_metrics:59 | New record added: {'timestamp': '2025-09-18 15:10:26', 'section': 'experimental_evaluation', 'date': '2025-09-18', 'day_of_week': 'Thursday', 'hour': 15}
2025-09-18 15:10:26 | INFO     | Murray.post_analysis:run_geo_evaluation:21 | Starting run_geo_evaluation
2025-09-18 15:10:26 | INFO     | Murray.post_analysis:run_geo_evaluation:22 | Input data shape: (11712, 4)
2025-09-18 15:10:26 | INFO     | Murray.post_analysis:run_geo_evaluation:23 | Treatment group: ['aguascalientes', 'campeche', 'chihuahua', 'guanajuato', 'jalisco', 'oaxaca', 'tabasco', 'yucatan']
2025-09-18 15:10:26 | INFO     | Murray.post_analysis:run_geo_evaluation:24 | Start treatment: 2025-07-16 00:00:00, End treatment: 2025-09-17 00:00:00
2025-09-18 15:10:26 | INFO     | Murray.post_analysis:run_geo_evaluation:25 | n_permutations: 50000, significance_level: 0.1
2025-09-18 15:10:26 | INFO     | Murray.post_analysis:run_geo_evaluation:40 | Treatment period positions: 302 to 366
2025-09-18 15:10:26 | INFO     | Murray.post_analysis:run_geo_evaluation:49 | Generating correlation matrix...
2025-09-18 15:10:26 | INFO     | Murray.post_analysis:run_geo_evaluation:52 | Selecting control group...
2025-09-18 15:10:26 | INFO     | Murray.post_analysis:run_geo_evaluation:58 | Control group selected: ['queretaro', 'mexico city', 'state of mexico', 'hidalgo']
2025-09-18 15:10:26 | INFO     | Murray.post_analysis:run_geo_evaluation:68 | Pivot table shape: (366, 32)
2025-09-18 15:10:26 | INFO     | Murray.post_analysis:run_geo_evaluation:81 | Scaling data...
2025-09-18 15:10:26 | INFO     | Murray.post_analysis:run_geo_evaluation:101 | Fitting synthetic control model...
2025-09-18 15:10:26 | INFO     | Murray.post_analysis:run_geo_evaluation:104 | Model fitted successfully
2025-09-18 15:10:26 | INFO     | Murray.post_analysis:run_geo_evaluation:106 | Making predictions...
2025-09-18 15:10:26 | INFO     | Murray.post_analysis:run_geo_evaluation:137 | Calculating metrics...
2025-09-18 15:10:26 | INFO     | Murray.post_analysis:run_geo_evaluation:138 | Data shapes - treatment: (366,), counterfactual: (366,)
2025-09-18 15:10:26 | INFO     | Murray.post_analysis:run_geo_evaluation:148 | Treatment period sum: 3161265.0
2025-09-18 15:10:26 | INFO     | Murray.post_analysis:run_geo_evaluation:149 | Counterfactual period sum: 3118908.7027148884
2025-09-18 15:10:26 | INFO     | Murray.post_analysis:run_geo_evaluation:150 | Lift difference (treatment - counterfactual): 42356.29728511162
2025-09-18 15:10:26 | INFO     | Murray.post_analysis:run_geo_evaluation:164 | Observed statistic (sum of residuals): 42356.297285111636
2025-09-18 15:10:26 | INFO     | Murray.post_analysis:run_geo_evaluation:165 | Manual verification - observed_stat should equal lift_difference: 42356.29728511162
2025-09-18 15:10:26 | INFO     | Murray.post_analysis:run_geo_evaluation:167 | Starting permutation test with 50000 permutations...
2025-09-18 15:10:26 | INFO     | Murray.post_analysis:run_geo_evaluation:172 | Completed 10000/50000 permutations
2025-09-18 15:10:26 | INFO     | Murray.post_analysis:run_geo_evaluation:172 | Completed 20000/50000 permutations
2025-09-18 15:10:26 | INFO     | Murray.post_analysis:run_geo_evaluation:172 | Completed 30000/50000 permutations
2025-09-18 15:10:26 | INFO     | Murray.post_analysis:run_geo_evaluation:172 | Completed 40000/50000 permutations
2025-09-18 15:10:27 | INFO     | Murray.post_analysis:run_geo_evaluation:178 | Permutation test completed, calculating p-value and power...
2025-09-18 15:10:27 | INFO     | Murray.post_analysis:run_geo_evaluation:184 | Final results:
2025-09-18 15:10:27 | INFO     | Murray.post_analysis:run_geo_evaluation:185 |   MAPE: 12.1658
2025-09-18 15:10:27 | INFO     | Murray.post_analysis:run_geo_evaluation:186 |   SMAPE: 11.8988
2025-09-18 15:10:27 | INFO     | Murray.post_analysis:run_geo_evaluation:187 |   Percentage lift: 1.3580%
2025-09-18 15:10:27 | INFO     | Murray.post_analysis:run_geo_evaluation:188 |   P-value: 0.442960
2025-09-18 15:10:27 | INFO     | Murray.post_analysis:run_geo_evaluation:189 |   Power: 0.0000
2025-09-18 15:10:27 | INFO     | Murray.post_analysis:run_geo_evaluation:216 | run_geo_evaluation completed successfully
2025-09-18 15:11:21 | INFO     | __main__:<module>:153 | user isaac@entropy.tech logged in
2025-09-18 15:11:23 | INFO     | __main__:<module>:153 | user isaac@entropy.tech logged in
2025-09-18 15:11:23 | INFO     | Murray.metrics:update_metrics:59 | New record added: {'timestamp': '2025-09-18 15:11:23', 'section': 'experimental_evaluation', 'date': '2025-09-18', 'day_of_week': 'Thursday', 'hour': 15}
2025-09-18 15:11:23 | INFO     | Murray.post_analysis:run_geo_evaluation:21 | Starting run_geo_evaluation
2025-09-18 15:11:23 | INFO     | Murray.post_analysis:run_geo_evaluation:22 | Input data shape: (11712, 4)
2025-09-18 15:11:23 | INFO     | Murray.post_analysis:run_geo_evaluation:23 | Treatment group: ['aguascalientes', 'campeche', 'chihuahua', 'guanajuato', 'jalisco', 'oaxaca', 'tabasco', 'yucatan']
2025-09-18 15:11:23 | INFO     | Murray.post_analysis:run_geo_evaluation:24 | Start treatment: 2025-07-16 00:00:00, End treatment: 2025-09-06 00:00:00
2025-09-18 15:11:23 | INFO     | Murray.post_analysis:run_geo_evaluation:25 | n_permutations: 50000, significance_level: 0.1
2025-09-18 15:11:23 | INFO     | Murray.post_analysis:run_geo_evaluation:40 | Treatment period positions: 302 to 355
2025-09-18 15:11:23 | INFO     | Murray.post_analysis:run_geo_evaluation:49 | Generating correlation matrix...
2025-09-18 15:11:23 | INFO     | Murray.post_analysis:run_geo_evaluation:52 | Selecting control group...
2025-09-18 15:11:23 | INFO     | Murray.post_analysis:run_geo_evaluation:58 | Control group selected: ['queretaro', 'mexico city', 'state of mexico', 'hidalgo']
2025-09-18 15:11:23 | INFO     | Murray.post_analysis:run_geo_evaluation:68 | Pivot table shape: (366, 32)
2025-09-18 15:11:23 | INFO     | Murray.post_analysis:run_geo_evaluation:81 | Scaling data...
2025-09-18 15:11:23 | INFO     | Murray.post_analysis:run_geo_evaluation:101 | Fitting synthetic control model...
2025-09-18 15:11:23 | INFO     | Murray.post_analysis:run_geo_evaluation:104 | Model fitted successfully
2025-09-18 15:11:23 | INFO     | Murray.post_analysis:run_geo_evaluation:106 | Making predictions...
2025-09-18 15:11:23 | INFO     | Murray.post_analysis:run_geo_evaluation:137 | Calculating metrics...
2025-09-18 15:11:23 | INFO     | Murray.post_analysis:run_geo_evaluation:138 | Data shapes - treatment: (355,), counterfactual: (355,)
2025-09-18 15:11:23 | INFO     | Murray.post_analysis:run_geo_evaluation:148 | Treatment period sum: 2709316.0
2025-09-18 15:11:23 | INFO     | Murray.post_analysis:run_geo_evaluation:149 | Counterfactual period sum: 2662107.497011776
2025-09-18 15:11:23 | INFO     | Murray.post_analysis:run_geo_evaluation:150 | Lift difference (treatment - counterfactual): 47208.50298822392
2025-09-18 15:11:23 | INFO     | Murray.post_analysis:run_geo_evaluation:164 | Observed statistic (sum of residuals): 47208.5029882238
2025-09-18 15:11:23 | INFO     | Murray.post_analysis:run_geo_evaluation:165 | Manual verification - observed_stat should equal lift_difference: 47208.50298822392
2025-09-18 15:11:23 | INFO     | Murray.post_analysis:run_geo_evaluation:167 | Starting permutation test with 50000 permutations...
2025-09-18 15:11:23 | INFO     | Murray.post_analysis:run_geo_evaluation:172 | Completed 10000/50000 permutations
2025-09-18 15:11:23 | INFO     | Murray.post_analysis:run_geo_evaluation:172 | Completed 20000/50000 permutations
2025-09-18 15:11:24 | INFO     | Murray.post_analysis:run_geo_evaluation:172 | Completed 30000/50000 permutations
2025-09-18 15:11:24 | INFO     | Murray.post_analysis:run_geo_evaluation:172 | Completed 40000/50000 permutations
2025-09-18 15:11:24 | INFO     | Murray.post_analysis:run_geo_evaluation:178 | Permutation test completed, calculating p-value and power...
2025-09-18 15:11:24 | INFO     | Murray.post_analysis:run_geo_evaluation:184 | Final results:
2025-09-18 15:11:24 | INFO     | Murray.post_analysis:run_geo_evaluation:185 |   MAPE: 12.1558
2025-09-18 15:11:24 | INFO     | Murray.post_analysis:run_geo_evaluation:186 |   SMAPE: 11.9044
2025-09-18 15:11:24 | INFO     | Murray.post_analysis:run_geo_evaluation:187 |   Percentage lift: 1.7734%
2025-09-18 15:11:24 | INFO     | Murray.post_analysis:run_geo_evaluation:188 |   P-value: 0.353760
2025-09-18 15:11:24 | INFO     | Murray.post_analysis:run_geo_evaluation:189 |   Power: 0.0000
2025-09-18 15:11:24 | INFO     | Murray.post_analysis:run_geo_evaluation:216 | run_geo_evaluation completed successfully
2025-09-18 15:50:18 | INFO     | __main__:<module>:153 | user isaac@entropy.tech logged in
2025-09-18 15:50:23 | INFO     | __main__:<module>:153 | user isaac@entropy.tech logged in
2025-09-18 15:50:26 | INFO     | __main__:<module>:153 | user isaac@entropy.tech logged in
2025-09-18 15:50:35 | INFO     | __main__:<module>:153 | user isaac@entropy.tech logged in
2025-09-18 15:50:38 | INFO     | __main__:<module>:153 | user isaac@entropy.tech logged in
2025-09-18 15:50:39 | INFO     | __main__:<module>:153 | user isaac@entropy.tech logged in
2025-09-18 15:50:41 | INFO     | __main__:<module>:153 | user isaac@entropy.tech logged in
2025-09-18 15:50:48 | INFO     | __main__:<module>:153 | user isaac@entropy.tech logged in
2025-09-18 15:50:50 | INFO     | __main__:<module>:153 | user isaac@entropy.tech logged in
2025-09-18 15:50:51 | INFO     | __main__:<module>:153 | user isaac@entropy.tech logged in
2025-09-18 15:50:52 | INFO     | __main__:<module>:153 | user isaac@entropy.tech logged in
2025-09-18 15:50:54 | INFO     | __main__:<module>:153 | user isaac@entropy.tech logged in
2025-09-18 15:50:55 | INFO     | __main__:<module>:153 | user isaac@entropy.tech logged in
2025-09-18 15:51:04 | INFO     | __main__:<module>:153 | user isaac@entropy.tech logged in
2025-09-18 15:51:06 | INFO     | __main__:<module>:153 | user isaac@entropy.tech logged in
2025-09-18 15:51:06 | INFO     | Murray.metrics:update_metrics:59 | New record added: {'timestamp': '2025-09-18 15:51:06', 'section': 'experimental_evaluation', 'date': '2025-09-18', 'day_of_week': 'Thursday', 'hour': 15}
2025-09-18 15:51:06 | INFO     | Murray.post_analysis:run_geo_evaluation:21 | Starting run_geo_evaluation
2025-09-18 15:51:06 | INFO     | Murray.post_analysis:run_geo_evaluation:22 | Input data shape: (11712, 4)
2025-09-18 15:51:06 | INFO     | Murray.post_analysis:run_geo_evaluation:23 | Treatment group: ['aguascalientes', 'campeche', 'chihuahua', 'guanajuato', 'jalisco', 'oaxaca', 'tabasco', 'yucatan', 'quintana roo']
2025-09-18 15:51:06 | INFO     | Murray.post_analysis:run_geo_evaluation:24 | Start treatment: 2025-07-16 00:00:00, End treatment: 2025-09-06 00:00:00
2025-09-18 15:51:06 | INFO     | Murray.post_analysis:run_geo_evaluation:25 | n_permutations: 50000, significance_level: 0.1
2025-09-18 15:51:06 | INFO     | Murray.post_analysis:run_geo_evaluation:40 | Treatment period positions: 302 to 355
2025-09-18 15:51:06 | INFO     | Murray.post_analysis:run_geo_evaluation:49 | Generating correlation matrix...
2025-09-18 15:51:06 | INFO     | Murray.post_analysis:run_geo_evaluation:52 | Selecting control group...
2025-09-18 15:51:06 | INFO     | Murray.post_analysis:run_geo_evaluation:58 | Control group selected: ['nuevo leon', 'morelos', 'tamaulipas', 'state of mexico', 'mexico city']
2025-09-18 15:51:06 | INFO     | Murray.post_analysis:run_geo_evaluation:68 | Pivot table shape: (366, 32)
2025-09-18 15:51:06 | INFO     | Murray.post_analysis:run_geo_evaluation:81 | Scaling data...
2025-09-18 15:51:06 | INFO     | Murray.post_analysis:run_geo_evaluation:101 | Fitting synthetic control model...
2025-09-18 15:51:06 | INFO     | Murray.post_analysis:run_geo_evaluation:104 | Model fitted successfully
2025-09-18 15:51:06 | INFO     | Murray.post_analysis:run_geo_evaluation:106 | Making predictions...
2025-09-18 15:51:06 | INFO     | Murray.post_analysis:run_geo_evaluation:137 | Calculating metrics...
2025-09-18 15:51:06 | INFO     | Murray.post_analysis:run_geo_evaluation:138 | Data shapes - treatment: (355,), counterfactual: (355,)
2025-09-18 15:51:06 | INFO     | Murray.post_analysis:run_geo_evaluation:148 | Treatment period sum: 68916.0
2025-09-18 15:51:06 | INFO     | Murray.post_analysis:run_geo_evaluation:149 | Counterfactual period sum: 72494.3603684567
2025-09-18 15:51:06 | INFO     | Murray.post_analysis:run_geo_evaluation:150 | Lift difference (treatment - counterfactual): -3578.360368456706
2025-09-18 15:51:06 | INFO     | Murray.post_analysis:run_geo_evaluation:164 | Observed statistic (sum of residuals): -3578.3603684567283
2025-09-18 15:51:06 | INFO     | Murray.post_analysis:run_geo_evaluation:165 | Manual verification - observed_stat should equal lift_difference: -3578.360368456706
2025-09-18 15:51:06 | INFO     | Murray.post_analysis:run_geo_evaluation:167 | Starting permutation test with 50000 permutations...
2025-09-18 15:51:06 | INFO     | Murray.post_analysis:run_geo_evaluation:172 | Completed 10000/50000 permutations
2025-09-18 15:51:06 | INFO     | Murray.post_analysis:run_geo_evaluation:172 | Completed 20000/50000 permutations
2025-09-18 15:51:07 | INFO     | Murray.post_analysis:run_geo_evaluation:172 | Completed 30000/50000 permutations
2025-09-18 15:51:07 | INFO     | Murray.post_analysis:run_geo_evaluation:172 | Completed 40000/50000 permutations
2025-09-18 15:51:07 | INFO     | Murray.post_analysis:run_geo_evaluation:178 | Permutation test completed, calculating p-value and power...
2025-09-18 15:51:07 | INFO     | Murray.post_analysis:run_geo_evaluation:184 | Final results:
2025-09-18 15:51:07 | INFO     | Murray.post_analysis:run_geo_evaluation:185 |   MAPE: 35.2851
2025-09-18 15:51:07 | INFO     | Murray.post_analysis:run_geo_evaluation:186 |   SMAPE: 29.9994
2025-09-18 15:51:07 | INFO     | Murray.post_analysis:run_geo_evaluation:187 |   Percentage lift: -4.9361%
2025-09-18 15:51:07 | INFO     | Murray.post_analysis:run_geo_evaluation:188 |   P-value: 0.344560
2025-09-18 15:51:07 | INFO     | Murray.post_analysis:run_geo_evaluation:189 |   Power: 0.0000
2025-09-18 15:51:07 | INFO     | Murray.post_analysis:run_geo_evaluation:216 | run_geo_evaluation completed successfully
2025-09-18 15:51:23 | INFO     | __main__:<module>:153 | user isaac@entropy.tech logged in
2025-09-18 15:51:24 | INFO     | __main__:<module>:153 | user isaac@entropy.tech logged in
2025-09-18 15:51:26 | INFO     | __main__:<module>:153 | user isaac@entropy.tech logged in
2025-09-18 15:51:27 | INFO     | Murray.metrics:update_metrics:59 | New record added: {'timestamp': '2025-09-18 15:51:27', 'section': 'experimental_evaluation', 'date': '2025-09-18', 'day_of_week': 'Thursday', 'hour': 15}
2025-09-18 15:51:27 | INFO     | Murray.post_analysis:run_geo_evaluation:21 | Starting run_geo_evaluation
2025-09-18 15:51:27 | INFO     | Murray.post_analysis:run_geo_evaluation:22 | Input data shape: (11712, 4)
2025-09-18 15:51:27 | INFO     | Murray.post_analysis:run_geo_evaluation:23 | Treatment group: ['aguascalientes', 'campeche', 'chihuahua', 'guanajuato', 'jalisco', 'oaxaca', 'quintana roo', 'tabasco', 'yucatan']
2025-09-18 15:51:27 | INFO     | Murray.post_analysis:run_geo_evaluation:24 | Start treatment: 2025-07-16 00:00:00, End treatment: 2025-09-17 00:00:00
2025-09-18 15:51:27 | INFO     | Murray.post_analysis:run_geo_evaluation:25 | n_permutations: 50000, significance_level: 0.1
2025-09-18 15:51:27 | INFO     | Murray.post_analysis:run_geo_evaluation:40 | Treatment period positions: 302 to 366
2025-09-18 15:51:27 | INFO     | Murray.post_analysis:run_geo_evaluation:49 | Generating correlation matrix...
2025-09-18 15:51:27 | INFO     | Murray.post_analysis:run_geo_evaluation:52 | Selecting control group...
2025-09-18 15:51:27 | INFO     | Murray.post_analysis:run_geo_evaluation:58 | Control group selected: ['nuevo leon', 'mexico city', 'morelos', 'state of mexico']
2025-09-18 15:51:27 | INFO     | Murray.post_analysis:run_geo_evaluation:68 | Pivot table shape: (366, 32)
2025-09-18 15:51:27 | INFO     | Murray.post_analysis:run_geo_evaluation:81 | Scaling data...
2025-09-18 15:51:27 | INFO     | Murray.post_analysis:run_geo_evaluation:101 | Fitting synthetic control model...
2025-09-18 15:51:27 | INFO     | Murray.post_analysis:run_geo_evaluation:104 | Model fitted successfully
2025-09-18 15:51:27 | INFO     | Murray.post_analysis:run_geo_evaluation:106 | Making predictions...
2025-09-18 15:51:27 | INFO     | Murray.post_analysis:run_geo_evaluation:137 | Calculating metrics...
2025-09-18 15:51:27 | INFO     | Murray.post_analysis:run_geo_evaluation:138 | Data shapes - treatment: (366,), counterfactual: (366,)
2025-09-18 15:51:27 | INFO     | Murray.post_analysis:run_geo_evaluation:148 | Treatment period sum: 18005046
2025-09-18 15:51:27 | INFO     | Murray.post_analysis:run_geo_evaluation:149 | Counterfactual period sum: 17273141.514483813
2025-09-18 15:51:27 | INFO     | Murray.post_analysis:run_geo_evaluation:150 | Lift difference (treatment - counterfactual): 731904.4855161868
2025-09-18 15:51:27 | INFO     | Murray.post_analysis:run_geo_evaluation:164 | Observed statistic (sum of residuals): 731904.4855161866
2025-09-18 15:51:27 | INFO     | Murray.post_analysis:run_geo_evaluation:165 | Manual verification - observed_stat should equal lift_difference: 731904.4855161868
2025-09-18 15:51:27 | INFO     | Murray.post_analysis:run_geo_evaluation:167 | Starting permutation test with 50000 permutations...
2025-09-18 15:51:27 | INFO     | Murray.post_analysis:run_geo_evaluation:172 | Completed 10000/50000 permutations
2025-09-18 15:51:27 | INFO     | Murray.post_analysis:run_geo_evaluation:172 | Completed 20000/50000 permutations
2025-09-18 15:51:27 | INFO     | Murray.post_analysis:run_geo_evaluation:172 | Completed 30000/50000 permutations
2025-09-18 15:51:27 | INFO     | Murray.post_analysis:run_geo_evaluation:172 | Completed 40000/50000 permutations
2025-09-18 15:51:27 | INFO     | Murray.post_analysis:run_geo_evaluation:178 | Permutation test completed, calculating p-value and power...
2025-09-18 15:51:27 | INFO     | Murray.post_analysis:run_geo_evaluation:184 | Final results:
2025-09-18 15:51:27 | INFO     | Murray.post_analysis:run_geo_evaluation:185 |   MAPE: 10.5710
2025-09-18 15:51:27 | INFO     | Murray.post_analysis:run_geo_evaluation:186 |   SMAPE: 10.4589
2025-09-18 15:51:27 | INFO     | Murray.post_analysis:run_geo_evaluation:187 |   Percentage lift: 4.2372%
2025-09-18 15:51:27 | INFO     | Murray.post_analysis:run_geo_evaluation:188 |   P-value: 0.012140
2025-09-18 15:51:27 | INFO     | Murray.post_analysis:run_geo_evaluation:189 |   Power: 1.0000
2025-09-18 15:51:27 | INFO     | Murray.post_analysis:run_geo_evaluation:216 | run_geo_evaluation completed successfully
2025-09-18 15:51:41 | INFO     | __main__:<module>:153 | user isaac@entropy.tech logged in
2025-09-18 15:51:43 | INFO     | __main__:<module>:153 | user isaac@entropy.tech logged in
2025-09-18 15:51:43 | INFO     | Murray.metrics:update_metrics:59 | New record added: {'timestamp': '2025-09-18 15:51:43', 'section': 'experimental_evaluation', 'date': '2025-09-18', 'day_of_week': 'Thursday', 'hour': 15}
2025-09-18 15:51:43 | INFO     | Murray.post_analysis:run_geo_evaluation:21 | Starting run_geo_evaluation
2025-09-18 15:51:43 | INFO     | Murray.post_analysis:run_geo_evaluation:22 | Input data shape: (11712, 4)
2025-09-18 15:51:43 | INFO     | Murray.post_analysis:run_geo_evaluation:23 | Treatment group: ['aguascalientes', 'campeche', 'chihuahua', 'guanajuato', 'oaxaca', 'quintana roo', 'tabasco', 'yucatan']
2025-09-18 15:51:43 | INFO     | Murray.post_analysis:run_geo_evaluation:24 | Start treatment: 2025-07-16 00:00:00, End treatment: 2025-09-17 00:00:00
2025-09-18 15:51:43 | INFO     | Murray.post_analysis:run_geo_evaluation:25 | n_permutations: 50000, significance_level: 0.1
2025-09-18 15:51:43 | INFO     | Murray.post_analysis:run_geo_evaluation:40 | Treatment period positions: 302 to 366
2025-09-18 15:51:43 | INFO     | Murray.post_analysis:run_geo_evaluation:49 | Generating correlation matrix...
2025-09-18 15:51:43 | INFO     | Murray.post_analysis:run_geo_evaluation:52 | Selecting control group...
2025-09-18 15:51:43 | INFO     | Murray.post_analysis:run_geo_evaluation:58 | Control group selected: ['nuevo leon', 'morelos', 'state of mexico', 'mexico city', 'jalisco']
2025-09-18 15:51:43 | INFO     | Murray.post_analysis:run_geo_evaluation:68 | Pivot table shape: (366, 32)
2025-09-18 15:51:43 | INFO     | Murray.post_analysis:run_geo_evaluation:81 | Scaling data...
2025-09-18 15:51:43 | INFO     | Murray.post_analysis:run_geo_evaluation:101 | Fitting synthetic control model...
2025-09-18 15:51:43 | INFO     | Murray.post_analysis:run_geo_evaluation:104 | Model fitted successfully
2025-09-18 15:51:43 | INFO     | Murray.post_analysis:run_geo_evaluation:106 | Making predictions...
2025-09-18 15:51:43 | INFO     | Murray.post_analysis:run_geo_evaluation:137 | Calculating metrics...
2025-09-18 15:51:43 | INFO     | Murray.post_analysis:run_geo_evaluation:138 | Data shapes - treatment: (366,), counterfactual: (366,)
2025-09-18 15:51:43 | INFO     | Murray.post_analysis:run_geo_evaluation:148 | Treatment period sum: 10049693
2025-09-18 15:51:43 | INFO     | Murray.post_analysis:run_geo_evaluation:149 | Counterfactual period sum: 9957162.634980017
2025-09-18 15:51:43 | INFO     | Murray.post_analysis:run_geo_evaluation:150 | Lift difference (treatment - counterfactual): 92530.36501998268
2025-09-18 15:51:43 | INFO     | Murray.post_analysis:run_geo_evaluation:164 | Observed statistic (sum of residuals): 92530.36501998159
2025-09-18 15:51:43 | INFO     | Murray.post_analysis:run_geo_evaluation:165 | Manual verification - observed_stat should equal lift_difference: 92530.36501998268
2025-09-18 15:51:43 | INFO     | Murray.post_analysis:run_geo_evaluation:167 | Starting permutation test with 50000 permutations...
2025-09-18 15:51:44 | INFO     | Murray.post_analysis:run_geo_evaluation:172 | Completed 10000/50000 permutations
2025-09-18 15:51:44 | INFO     | Murray.post_analysis:run_geo_evaluation:172 | Completed 20000/50000 permutations
2025-09-18 15:51:44 | INFO     | Murray.post_analysis:run_geo_evaluation:172 | Completed 30000/50000 permutations
2025-09-18 15:51:44 | INFO     | Murray.post_analysis:run_geo_evaluation:172 | Completed 40000/50000 permutations
2025-09-18 15:51:44 | INFO     | Murray.post_analysis:run_geo_evaluation:178 | Permutation test completed, calculating p-value and power...
2025-09-18 15:51:44 | INFO     | Murray.post_analysis:run_geo_evaluation:184 | Final results:
2025-09-18 15:51:44 | INFO     | Murray.post_analysis:run_geo_evaluation:185 |   MAPE: 13.2804
2025-09-18 15:51:44 | INFO     | Murray.post_analysis:run_geo_evaluation:186 |   SMAPE: 12.9673
2025-09-18 15:51:44 | INFO     | Murray.post_analysis:run_geo_evaluation:187 |   Percentage lift: 0.9293%
2025-09-18 15:51:44 | INFO     | Murray.post_analysis:run_geo_evaluation:188 |   P-value: 0.619880
2025-09-18 15:51:44 | INFO     | Murray.post_analysis:run_geo_evaluation:189 |   Power: 0.0000
2025-09-18 15:51:44 | INFO     | Murray.post_analysis:run_geo_evaluation:216 | run_geo_evaluation completed successfully
2025-09-18 15:52:15 | INFO     | __main__:<module>:153 | user isaac@entropy.tech logged in
2025-09-18 15:52:17 | INFO     | __main__:<module>:153 | user isaac@entropy.tech logged in
2025-09-18 15:52:17 | INFO     | Murray.metrics:update_metrics:59 | New record added: {'timestamp': '2025-09-18 15:52:17', 'section': 'experimental_evaluation', 'date': '2025-09-18', 'day_of_week': 'Thursday', 'hour': 15}
2025-09-18 15:52:17 | INFO     | Murray.post_analysis:run_geo_evaluation:21 | Starting run_geo_evaluation
2025-09-18 15:52:17 | INFO     | Murray.post_analysis:run_geo_evaluation:22 | Input data shape: (11712, 4)
2025-09-18 15:52:17 | INFO     | Murray.post_analysis:run_geo_evaluation:23 | Treatment group: ['aguascalientes', 'campeche', 'chihuahua', 'guanajuato', 'oaxaca', 'quintana roo', 'tabasco', 'yucatan', 'jalisco']
2025-09-18 15:52:17 | INFO     | Murray.post_analysis:run_geo_evaluation:24 | Start treatment: 2025-07-16 00:00:00, End treatment: 2025-09-17 00:00:00
2025-09-18 15:52:17 | INFO     | Murray.post_analysis:run_geo_evaluation:25 | n_permutations: 50000, significance_level: 0.1
2025-09-18 15:52:17 | INFO     | Murray.post_analysis:run_geo_evaluation:40 | Treatment period positions: 302 to 366
2025-09-18 15:52:17 | INFO     | Murray.post_analysis:run_geo_evaluation:49 | Generating correlation matrix...
2025-09-18 15:52:17 | INFO     | Murray.post_analysis:run_geo_evaluation:52 | Selecting control group...
2025-09-18 15:52:17 | INFO     | Murray.post_analysis:run_geo_evaluation:58 | Control group selected: ['nuevo leon', 'mexico city', 'morelos', 'state of mexico']
2025-09-18 15:52:17 | INFO     | Murray.post_analysis:run_geo_evaluation:68 | Pivot table shape: (366, 32)
2025-09-18 15:52:17 | INFO     | Murray.post_analysis:run_geo_evaluation:81 | Scaling data...
2025-09-18 15:52:17 | INFO     | Murray.post_analysis:run_geo_evaluation:101 | Fitting synthetic control model...
2025-09-18 15:52:17 | INFO     | Murray.post_analysis:run_geo_evaluation:104 | Model fitted successfully
2025-09-18 15:52:17 | INFO     | Murray.post_analysis:run_geo_evaluation:106 | Making predictions...
2025-09-18 15:52:17 | INFO     | Murray.post_analysis:run_geo_evaluation:137 | Calculating metrics...
2025-09-18 15:52:17 | INFO     | Murray.post_analysis:run_geo_evaluation:138 | Data shapes - treatment: (366,), counterfactual: (366,)
2025-09-18 15:52:17 | INFO     | Murray.post_analysis:run_geo_evaluation:148 | Treatment period sum: 18005046
2025-09-18 15:52:17 | INFO     | Murray.post_analysis:run_geo_evaluation:149 | Counterfactual period sum: 17273141.514483813
2025-09-18 15:52:17 | INFO     | Murray.post_analysis:run_geo_evaluation:150 | Lift difference (treatment - counterfactual): 731904.4855161868
2025-09-18 15:52:17 | INFO     | Murray.post_analysis:run_geo_evaluation:164 | Observed statistic (sum of residuals): 731904.4855161866
2025-09-18 15:52:17 | INFO     | Murray.post_analysis:run_geo_evaluation:165 | Manual verification - observed_stat should equal lift_difference: 731904.4855161868
2025-09-18 15:52:17 | INFO     | Murray.post_analysis:run_geo_evaluation:167 | Starting permutation test with 50000 permutations...
2025-09-18 15:52:17 | INFO     | Murray.post_analysis:run_geo_evaluation:172 | Completed 10000/50000 permutations
2025-09-18 15:52:17 | INFO     | Murray.post_analysis:run_geo_evaluation:172 | Completed 20000/50000 permutations
2025-09-18 15:52:17 | INFO     | Murray.post_analysis:run_geo_evaluation:172 | Completed 30000/50000 permutations
2025-09-18 15:52:17 | INFO     | Murray.post_analysis:run_geo_evaluation:172 | Completed 40000/50000 permutations
2025-09-18 15:52:18 | INFO     | Murray.post_analysis:run_geo_evaluation:178 | Permutation test completed, calculating p-value and power...
2025-09-18 15:52:18 | INFO     | Murray.post_analysis:run_geo_evaluation:184 | Final results:
2025-09-18 15:52:18 | INFO     | Murray.post_analysis:run_geo_evaluation:185 |   MAPE: 10.5710
2025-09-18 15:52:18 | INFO     | Murray.post_analysis:run_geo_evaluation:186 |   SMAPE: 10.4589
2025-09-18 15:52:18 | INFO     | Murray.post_analysis:run_geo_evaluation:187 |   Percentage lift: 4.2372%
2025-09-18 15:52:18 | INFO     | Murray.post_analysis:run_geo_evaluation:188 |   P-value: 0.012240
2025-09-18 15:52:18 | INFO     | Murray.post_analysis:run_geo_evaluation:189 |   Power: 1.0000
2025-09-18 15:52:18 | INFO     | Murray.post_analysis:run_geo_evaluation:216 | run_geo_evaluation completed successfully
2025-09-18 15:52:26 | INFO     | __main__:<module>:153 | user isaac@entropy.tech logged in
2025-09-18 15:52:30 | INFO     | __main__:<module>:153 | user isaac@entropy.tech logged in
2025-09-18 15:52:40 | INFO     | __main__:<module>:153 | user isaac@entropy.tech logged in
2025-09-18 15:52:43 | INFO     | __main__:<module>:153 | user isaac@entropy.tech logged in
2025-09-18 15:52:45 | INFO     | __main__:<module>:153 | user isaac@entropy.tech logged in
2025-09-18 15:52:46 | INFO     | __main__:<module>:153 | user isaac@entropy.tech logged in
2025-09-18 15:52:48 | INFO     | __main__:<module>:153 | user isaac@entropy.tech logged in
2025-09-18 15:52:49 | INFO     | __main__:<module>:153 | user isaac@entropy.tech logged in
2025-09-18 15:52:50 | INFO     | __main__:<module>:153 | user isaac@entropy.tech logged in
2025-09-18 15:52:54 | INFO     | __main__:<module>:153 | user isaac@entropy.tech logged in
2025-09-18 15:52:55 | INFO     | __main__:<module>:153 | user isaac@entropy.tech logged in
2025-09-18 15:52:56 | INFO     | __main__:<module>:153 | user isaac@entropy.tech logged in
2025-09-18 15:52:58 | INFO     | __main__:<module>:153 | user isaac@entropy.tech logged in
2025-09-18 15:52:59 | INFO     | __main__:<module>:153 | user isaac@entropy.tech logged in
2025-09-18 15:53:00 | INFO     | Murray.metrics:update_metrics:59 | New record added: {'timestamp': '2025-09-18 15:53:00', 'section': 'experimental_evaluation', 'date': '2025-09-18', 'day_of_week': 'Thursday', 'hour': 15}
2025-09-18 15:53:00 | INFO     | Murray.post_analysis:run_geo_evaluation:21 | Starting run_geo_evaluation
2025-09-18 15:53:00 | INFO     | Murray.post_analysis:run_geo_evaluation:22 | Input data shape: (11712, 4)
2025-09-18 15:53:00 | INFO     | Murray.post_analysis:run_geo_evaluation:23 | Treatment group: ['aguascalientes', 'campeche', 'chihuahua', 'guanajuato', 'jalisco', 'oaxaca', 'quintana roo', 'tabasco', 'yucatan']
2025-09-18 15:53:00 | INFO     | Murray.post_analysis:run_geo_evaluation:24 | Start treatment: 2025-07-16 00:00:00, End treatment: 2025-09-06 00:00:00
2025-09-18 15:53:00 | INFO     | Murray.post_analysis:run_geo_evaluation:25 | n_permutations: 50000, significance_level: 0.1
2025-09-18 15:53:00 | INFO     | Murray.post_analysis:run_geo_evaluation:40 | Treatment period positions: 302 to 355
2025-09-18 15:53:00 | INFO     | Murray.post_analysis:run_geo_evaluation:49 | Generating correlation matrix...
2025-09-18 15:53:00 | INFO     | Murray.post_analysis:run_geo_evaluation:52 | Selecting control group...
2025-09-18 15:53:00 | INFO     | Murray.post_analysis:run_geo_evaluation:58 | Control group selected: ['nuevo leon', 'mexico city', 'state of mexico']
2025-09-18 15:53:00 | INFO     | Murray.post_analysis:run_geo_evaluation:68 | Pivot table shape: (366, 32)
2025-09-18 15:53:00 | INFO     | Murray.post_analysis:run_geo_evaluation:81 | Scaling data...
2025-09-18 15:53:00 | INFO     | Murray.post_analysis:run_geo_evaluation:101 | Fitting synthetic control model...
2025-09-18 15:53:00 | INFO     | Murray.post_analysis:run_geo_evaluation:104 | Model fitted successfully
2025-09-18 15:53:00 | INFO     | Murray.post_analysis:run_geo_evaluation:106 | Making predictions...
2025-09-18 15:53:00 | INFO     | Murray.post_analysis:run_geo_evaluation:137 | Calculating metrics...
2025-09-18 15:53:00 | INFO     | Murray.post_analysis:run_geo_evaluation:138 | Data shapes - treatment: (355,), counterfactual: (355,)
2025-09-18 15:53:00 | INFO     | Murray.post_analysis:run_geo_evaluation:148 | Treatment period sum: 54995.0
2025-09-18 15:53:00 | INFO     | Murray.post_analysis:run_geo_evaluation:149 | Counterfactual period sum: 63679.87234768481
2025-09-18 15:53:00 | INFO     | Murray.post_analysis:run_geo_evaluation:150 | Lift difference (treatment - counterfactual): -8684.87234768481
2025-09-18 15:53:00 | INFO     | Murray.post_analysis:run_geo_evaluation:164 | Observed statistic (sum of residuals): -8684.872347684808
2025-09-18 15:53:00 | INFO     | Murray.post_analysis:run_geo_evaluation:165 | Manual verification - observed_stat should equal lift_difference: -8684.87234768481
2025-09-18 15:53:00 | INFO     | Murray.post_analysis:run_geo_evaluation:167 | Starting permutation test with 50000 permutations...
2025-09-18 15:53:00 | INFO     | Murray.post_analysis:run_geo_evaluation:172 | Completed 10000/50000 permutations
2025-09-18 15:53:00 | INFO     | Murray.post_analysis:run_geo_evaluation:172 | Completed 20000/50000 permutations
2025-09-18 15:53:00 | INFO     | Murray.post_analysis:run_geo_evaluation:172 | Completed 30000/50000 permutations
2025-09-18 15:53:00 | INFO     | Murray.post_analysis:run_geo_evaluation:172 | Completed 40000/50000 permutations
2025-09-18 15:53:00 | INFO     | Murray.post_analysis:run_geo_evaluation:178 | Permutation test completed, calculating p-value and power...
2025-09-18 15:53:00 | INFO     | Murray.post_analysis:run_geo_evaluation:184 | Final results:
2025-09-18 15:53:00 | INFO     | Murray.post_analysis:run_geo_evaluation:185 |   MAPE: 29.9613
2025-09-18 15:53:00 | INFO     | Murray.post_analysis:run_geo_evaluation:186 |   SMAPE: 26.6312
2025-09-18 15:53:00 | INFO     | Murray.post_analysis:run_geo_evaluation:187 |   Percentage lift: -13.6383%
2025-09-18 15:53:00 | INFO     | Murray.post_analysis:run_geo_evaluation:188 |   P-value: 0.001060
2025-09-18 15:53:00 | INFO     | Murray.post_analysis:run_geo_evaluation:189 |   Power: 1.0000
2025-09-18 15:53:00 | INFO     | Murray.post_analysis:run_geo_evaluation:216 | run_geo_evaluation completed successfully
2025-09-18 15:53:33 | INFO     | __main__:<module>:153 | user isaac@entropy.tech logged in
2025-09-18 15:53:35 | INFO     | __main__:<module>:153 | user isaac@entropy.tech logged in
2025-09-18 15:53:35 | INFO     | Murray.metrics:update_metrics:59 | New record added: {'timestamp': '2025-09-18 15:53:35', 'section': 'experimental_evaluation', 'date': '2025-09-18', 'day_of_week': 'Thursday', 'hour': 15}
2025-09-18 15:53:35 | INFO     | Murray.post_analysis:run_geo_evaluation:21 | Starting run_geo_evaluation
2025-09-18 15:53:35 | INFO     | Murray.post_analysis:run_geo_evaluation:22 | Input data shape: (11712, 4)
2025-09-18 15:53:35 | INFO     | Murray.post_analysis:run_geo_evaluation:23 | Treatment group: ['aguascalientes', 'campeche', 'chihuahua', 'guanajuato', 'jalisco', 'oaxaca', 'quintana roo', 'tabasco', 'yucatan']
2025-09-18 15:53:35 | INFO     | Murray.post_analysis:run_geo_evaluation:24 | Start treatment: 2025-07-16 00:00:00, End treatment: 2025-09-17 00:00:00
2025-09-18 15:53:35 | INFO     | Murray.post_analysis:run_geo_evaluation:25 | n_permutations: 50000, significance_level: 0.1
2025-09-18 15:53:35 | INFO     | Murray.post_analysis:run_geo_evaluation:40 | Treatment period positions: 302 to 366
2025-09-18 15:53:35 | INFO     | Murray.post_analysis:run_geo_evaluation:49 | Generating correlation matrix...
2025-09-18 15:53:35 | INFO     | Murray.post_analysis:run_geo_evaluation:52 | Selecting control group...
2025-09-18 15:53:35 | INFO     | Murray.post_analysis:run_geo_evaluation:58 | Control group selected: ['nuevo leon', 'mexico city', 'state of mexico']
2025-09-18 15:53:35 | INFO     | Murray.post_analysis:run_geo_evaluation:68 | Pivot table shape: (366, 32)
2025-09-18 15:53:35 | INFO     | Murray.post_analysis:run_geo_evaluation:81 | Scaling data...
2025-09-18 15:53:35 | INFO     | Murray.post_analysis:run_geo_evaluation:101 | Fitting synthetic control model...
2025-09-18 15:53:35 | INFO     | Murray.post_analysis:run_geo_evaluation:104 | Model fitted successfully
2025-09-18 15:53:35 | INFO     | Murray.post_analysis:run_geo_evaluation:106 | Making predictions...
2025-09-18 15:53:35 | INFO     | Murray.post_analysis:run_geo_evaluation:137 | Calculating metrics...
2025-09-18 15:53:35 | INFO     | Murray.post_analysis:run_geo_evaluation:138 | Data shapes - treatment: (366,), counterfactual: (366,)
2025-09-18 15:53:35 | INFO     | Murray.post_analysis:run_geo_evaluation:148 | Treatment period sum: 64619.0
2025-09-18 15:53:35 | INFO     | Murray.post_analysis:run_geo_evaluation:149 | Counterfactual period sum: 73845.49768907875
2025-09-18 15:53:35 | INFO     | Murray.post_analysis:run_geo_evaluation:150 | Lift difference (treatment - counterfactual): -9226.497689078751
2025-09-18 15:53:35 | INFO     | Murray.post_analysis:run_geo_evaluation:164 | Observed statistic (sum of residuals): -9226.497689078757
2025-09-18 15:53:35 | INFO     | Murray.post_analysis:run_geo_evaluation:165 | Manual verification - observed_stat should equal lift_difference: -9226.497689078751
2025-09-18 15:53:35 | INFO     | Murray.post_analysis:run_geo_evaluation:167 | Starting permutation test with 50000 permutations...
2025-09-18 15:53:35 | INFO     | Murray.post_analysis:run_geo_evaluation:172 | Completed 10000/50000 permutations
2025-09-18 15:53:35 | INFO     | Murray.post_analysis:run_geo_evaluation:172 | Completed 20000/50000 permutations
2025-09-18 15:53:35 | INFO     | Murray.post_analysis:run_geo_evaluation:172 | Completed 30000/50000 permutations
2025-09-18 15:53:36 | INFO     | Murray.post_analysis:run_geo_evaluation:172 | Completed 40000/50000 permutations
2025-09-18 15:53:36 | INFO     | Murray.post_analysis:run_geo_evaluation:178 | Permutation test completed, calculating p-value and power...
2025-09-18 15:53:36 | INFO     | Murray.post_analysis:run_geo_evaluation:184 | Final results:
2025-09-18 15:53:36 | INFO     | Murray.post_analysis:run_geo_evaluation:185 |   MAPE: 30.0190
2025-09-18 15:53:36 | INFO     | Murray.post_analysis:run_geo_evaluation:186 |   SMAPE: 26.6119
2025-09-18 15:53:36 | INFO     | Murray.post_analysis:run_geo_evaluation:187 |   Percentage lift: -12.4943%
2025-09-18 15:53:36 | INFO     | Murray.post_analysis:run_geo_evaluation:188 |   P-value: 0.001160
2025-09-18 15:53:36 | INFO     | Murray.post_analysis:run_geo_evaluation:189 |   Power: 1.0000
2025-09-18 15:53:36 | INFO     | Murray.post_analysis:run_geo_evaluation:216 | run_geo_evaluation completed successfully
2025-09-18 15:53:41 | INFO     | __main__:<module>:153 | user isaac@entropy.tech logged in
2025-09-18 15:53:43 | INFO     | __main__:<module>:153 | user isaac@entropy.tech logged in
2025-09-18 15:53:43 | INFO     | Murray.metrics:update_metrics:59 | New record added: {'timestamp': '2025-09-18 15:53:43', 'section': 'experimental_evaluation', 'date': '2025-09-18', 'day_of_week': 'Thursday', 'hour': 15}
2025-09-18 15:53:43 | INFO     | Murray.post_analysis:run_geo_evaluation:21 | Starting run_geo_evaluation
2025-09-18 15:53:43 | INFO     | Murray.post_analysis:run_geo_evaluation:22 | Input data shape: (11712, 4)
2025-09-18 15:53:43 | INFO     | Murray.post_analysis:run_geo_evaluation:23 | Treatment group: ['aguascalientes', 'campeche', 'chihuahua', 'guanajuato', 'jalisco', 'oaxaca', 'quintana roo', 'tabasco', 'yucatan']
2025-09-18 15:53:43 | INFO     | Murray.post_analysis:run_geo_evaluation:24 | Start treatment: 2025-07-16 00:00:00, End treatment: 2025-09-06 00:00:00
2025-09-18 15:53:43 | INFO     | Murray.post_analysis:run_geo_evaluation:25 | n_permutations: 50000, significance_level: 0.1
2025-09-18 15:53:43 | INFO     | Murray.post_analysis:run_geo_evaluation:40 | Treatment period positions: 302 to 355
2025-09-18 15:53:43 | INFO     | Murray.post_analysis:run_geo_evaluation:49 | Generating correlation matrix...
2025-09-18 15:53:43 | INFO     | Murray.post_analysis:run_geo_evaluation:52 | Selecting control group...
2025-09-18 15:53:43 | INFO     | Murray.post_analysis:run_geo_evaluation:58 | Control group selected: ['nuevo leon', 'mexico city', 'state of mexico']
2025-09-18 15:53:43 | INFO     | Murray.post_analysis:run_geo_evaluation:68 | Pivot table shape: (366, 32)
2025-09-18 15:53:43 | INFO     | Murray.post_analysis:run_geo_evaluation:81 | Scaling data...
2025-09-18 15:53:43 | INFO     | Murray.post_analysis:run_geo_evaluation:101 | Fitting synthetic control model...
2025-09-18 15:53:43 | INFO     | Murray.post_analysis:run_geo_evaluation:104 | Model fitted successfully
2025-09-18 15:53:43 | INFO     | Murray.post_analysis:run_geo_evaluation:106 | Making predictions...
2025-09-18 15:53:43 | INFO     | Murray.post_analysis:run_geo_evaluation:137 | Calculating metrics...
2025-09-18 15:53:43 | INFO     | Murray.post_analysis:run_geo_evaluation:138 | Data shapes - treatment: (355,), counterfactual: (355,)
2025-09-18 15:53:43 | INFO     | Murray.post_analysis:run_geo_evaluation:148 | Treatment period sum: 54995.0
2025-09-18 15:53:43 | INFO     | Murray.post_analysis:run_geo_evaluation:149 | Counterfactual period sum: 63679.87234768481
2025-09-18 15:53:43 | INFO     | Murray.post_analysis:run_geo_evaluation:150 | Lift difference (treatment - counterfactual): -8684.87234768481
2025-09-18 15:53:43 | INFO     | Murray.post_analysis:run_geo_evaluation:164 | Observed statistic (sum of residuals): -8684.872347684808
2025-09-18 15:53:43 | INFO     | Murray.post_analysis:run_geo_evaluation:165 | Manual verification - observed_stat should equal lift_difference: -8684.87234768481
2025-09-18 15:53:43 | INFO     | Murray.post_analysis:run_geo_evaluation:167 | Starting permutation test with 50000 permutations...
2025-09-18 15:53:43 | INFO     | Murray.post_analysis:run_geo_evaluation:172 | Completed 10000/50000 permutations
2025-09-18 15:53:43 | INFO     | Murray.post_analysis:run_geo_evaluation:172 | Completed 20000/50000 permutations
2025-09-18 15:53:44 | INFO     | Murray.post_analysis:run_geo_evaluation:172 | Completed 30000/50000 permutations
2025-09-18 15:53:44 | INFO     | Murray.post_analysis:run_geo_evaluation:172 | Completed 40000/50000 permutations
2025-09-18 15:53:44 | INFO     | Murray.post_analysis:run_geo_evaluation:178 | Permutation test completed, calculating p-value and power...
2025-09-18 15:53:44 | INFO     | Murray.post_analysis:run_geo_evaluation:184 | Final results:
2025-09-18 15:53:44 | INFO     | Murray.post_analysis:run_geo_evaluation:185 |   MAPE: 29.9613
2025-09-18 15:53:44 | INFO     | Murray.post_analysis:run_geo_evaluation:186 |   SMAPE: 26.6312
2025-09-18 15:53:44 | INFO     | Murray.post_analysis:run_geo_evaluation:187 |   Percentage lift: -13.6383%
2025-09-18 15:53:44 | INFO     | Murray.post_analysis:run_geo_evaluation:188 |   P-value: 0.001060
2025-09-18 15:53:44 | INFO     | Murray.post_analysis:run_geo_evaluation:189 |   Power: 1.0000
2025-09-18 15:53:44 | INFO     | Murray.post_analysis:run_geo_evaluation:216 | run_geo_evaluation completed successfully
2025-09-18 15:53:55 | INFO     | __main__:<module>:153 | user isaac@entropy.tech logged in
2025-09-18 15:54:01 | INFO     | __main__:<module>:153 | user isaac@entropy.tech logged in
2025-09-18 15:54:04 | INFO     | __main__:<module>:153 | user isaac@entropy.tech logged in
2025-09-18 15:54:05 | INFO     | __main__:<module>:153 | user isaac@entropy.tech logged in
2025-09-18 15:54:06 | INFO     | Murray.metrics:update_metrics:59 | New record added: {'timestamp': '2025-09-18 15:54:06', 'section': 'experimental_evaluation', 'date': '2025-09-18', 'day_of_week': 'Thursday', 'hour': 15}
2025-09-18 15:54:06 | INFO     | Murray.post_analysis:run_geo_evaluation:21 | Starting run_geo_evaluation
2025-09-18 15:54:06 | INFO     | Murray.post_analysis:run_geo_evaluation:22 | Input data shape: (11712, 4)
2025-09-18 15:54:06 | INFO     | Murray.post_analysis:run_geo_evaluation:23 | Treatment group: ['aguascalientes', 'campeche', 'chihuahua', 'guanajuato', 'jalisco', 'oaxaca', 'quintana roo', 'tabasco', 'yucatan']
2025-09-18 15:54:06 | INFO     | Murray.post_analysis:run_geo_evaluation:24 | Start treatment: 2025-07-16 00:00:00, End treatment: 2025-09-06 00:00:00
2025-09-18 15:54:06 | INFO     | Murray.post_analysis:run_geo_evaluation:25 | n_permutations: 50000, significance_level: 0.1
2025-09-18 15:54:06 | INFO     | Murray.post_analysis:run_geo_evaluation:40 | Treatment period positions: 302 to 355
2025-09-18 15:54:06 | INFO     | Murray.post_analysis:run_geo_evaluation:49 | Generating correlation matrix...
2025-09-18 15:54:06 | INFO     | Murray.post_analysis:run_geo_evaluation:52 | Selecting control group...
2025-09-18 15:54:06 | INFO     | Murray.post_analysis:run_geo_evaluation:58 | Control group selected: ['nuevo leon', 'morelos', 'tamaulipas', 'state of mexico', 'mexico city']
2025-09-18 15:54:06 | INFO     | Murray.post_analysis:run_geo_evaluation:68 | Pivot table shape: (366, 32)
2025-09-18 15:54:06 | INFO     | Murray.post_analysis:run_geo_evaluation:81 | Scaling data...
2025-09-18 15:54:06 | INFO     | Murray.post_analysis:run_geo_evaluation:101 | Fitting synthetic control model...
2025-09-18 15:54:06 | INFO     | Murray.post_analysis:run_geo_evaluation:104 | Model fitted successfully
2025-09-18 15:54:06 | INFO     | Murray.post_analysis:run_geo_evaluation:106 | Making predictions...
2025-09-18 15:54:06 | INFO     | Murray.post_analysis:run_geo_evaluation:137 | Calculating metrics...
2025-09-18 15:54:06 | INFO     | Murray.post_analysis:run_geo_evaluation:138 | Data shapes - treatment: (355,), counterfactual: (355,)
2025-09-18 15:54:06 | INFO     | Murray.post_analysis:run_geo_evaluation:148 | Treatment period sum: 68916.0
2025-09-18 15:54:06 | INFO     | Murray.post_analysis:run_geo_evaluation:149 | Counterfactual period sum: 72494.3603684567
2025-09-18 15:54:06 | INFO     | Murray.post_analysis:run_geo_evaluation:150 | Lift difference (treatment - counterfactual): -3578.360368456706
2025-09-18 15:54:06 | INFO     | Murray.post_analysis:run_geo_evaluation:164 | Observed statistic (sum of residuals): -3578.3603684567283
2025-09-18 15:54:06 | INFO     | Murray.post_analysis:run_geo_evaluation:165 | Manual verification - observed_stat should equal lift_difference: -3578.360368456706
2025-09-18 15:54:06 | INFO     | Murray.post_analysis:run_geo_evaluation:167 | Starting permutation test with 50000 permutations...
2025-09-18 15:54:06 | INFO     | Murray.post_analysis:run_geo_evaluation:172 | Completed 10000/50000 permutations
2025-09-18 15:54:06 | INFO     | Murray.post_analysis:run_geo_evaluation:172 | Completed 20000/50000 permutations
2025-09-18 15:54:06 | INFO     | Murray.post_analysis:run_geo_evaluation:172 | Completed 30000/50000 permutations
2025-09-18 15:54:06 | INFO     | Murray.post_analysis:run_geo_evaluation:172 | Completed 40000/50000 permutations
2025-09-18 15:54:06 | INFO     | Murray.post_analysis:run_geo_evaluation:178 | Permutation test completed, calculating p-value and power...
2025-09-18 15:54:06 | INFO     | Murray.post_analysis:run_geo_evaluation:184 | Final results:
2025-09-18 15:54:06 | INFO     | Murray.post_analysis:run_geo_evaluation:185 |   MAPE: 35.2851
2025-09-18 15:54:06 | INFO     | Murray.post_analysis:run_geo_evaluation:186 |   SMAPE: 29.9994
2025-09-18 15:54:06 | INFO     | Murray.post_analysis:run_geo_evaluation:187 |   Percentage lift: -4.9361%
2025-09-18 15:54:06 | INFO     | Murray.post_analysis:run_geo_evaluation:188 |   P-value: 0.344560
2025-09-18 15:54:06 | INFO     | Murray.post_analysis:run_geo_evaluation:189 |   Power: 0.0000
2025-09-18 15:54:06 | INFO     | Murray.post_analysis:run_geo_evaluation:216 | run_geo_evaluation completed successfully
2025-09-18 15:58:14 | INFO     | __main__:<module>:153 | user isaac@entropy.tech logged in
2025-09-18 15:58:20 | INFO     | __main__:<module>:153 | user isaac@entropy.tech logged in
2025-09-18 15:58:26 | INFO     | __main__:<module>:153 | user isaac@entropy.tech logged in
2025-09-18 15:58:27 | INFO     | __main__:<module>:153 | user isaac@entropy.tech logged in
2025-09-18 15:58:29 | INFO     | __main__:<module>:153 | user isaac@entropy.tech logged in
2025-09-18 15:58:31 | INFO     | __main__:<module>:153 | user isaac@entropy.tech logged in
2025-09-18 15:58:33 | INFO     | __main__:<module>:153 | user isaac@entropy.tech logged in
2025-09-18 15:58:34 | INFO     | __main__:<module>:153 | user isaac@entropy.tech logged in
2025-09-18 15:58:35 | INFO     | __main__:<module>:153 | user isaac@entropy.tech logged in
2025-09-18 15:58:36 | INFO     | __main__:<module>:153 | user isaac@entropy.tech logged in
2025-09-18 15:58:38 | INFO     | __main__:<module>:153 | user isaac@entropy.tech logged in
2025-09-18 15:58:40 | INFO     | __main__:<module>:153 | user isaac@entropy.tech logged in
2025-09-18 15:58:40 | INFO     | Murray.metrics:update_metrics:59 | New record added: {'timestamp': '2025-09-18 15:58:40', 'section': 'experimental_evaluation', 'date': '2025-09-18', 'day_of_week': 'Thursday', 'hour': 15}
2025-09-18 15:58:40 | INFO     | Murray.post_analysis:run_geo_evaluation:21 | Starting run_geo_evaluation
2025-09-18 15:58:40 | INFO     | Murray.post_analysis:run_geo_evaluation:22 | Input data shape: (8320, 4)
2025-09-18 15:58:40 | INFO     | Murray.post_analysis:run_geo_evaluation:23 | Treatment group: ['aguascalientes', 'campeche', 'chihuahua', 'guanajuato', 'jalisco', 'oaxaca', 'quintana roo', 'tabasco', 'yucatan']
2025-09-18 15:58:40 | INFO     | Murray.post_analysis:run_geo_evaluation:24 | Start treatment: 2025-01-01 00:00:00, End treatment: 2025-09-17 00:00:00
2025-09-18 15:58:40 | INFO     | Murray.post_analysis:run_geo_evaluation:25 | n_permutations: 50000, significance_level: 0.1
2025-09-18 15:58:40 | INFO     | Murray.post_analysis:run_geo_evaluation:40 | Treatment period positions: 0 to 260
2025-09-18 15:58:40 | INFO     | Murray.post_analysis:run_geo_evaluation:49 | Generating correlation matrix...
2025-09-18 15:58:40 | INFO     | Murray.post_analysis:run_geo_evaluation:52 | Selecting control group...
2025-09-18 15:58:40 | INFO     | Murray.post_analysis:run_geo_evaluation:58 | Control group selected: ['nuevo leon', 'mexico city', 'state of mexico', 'coahuila']
2025-09-18 15:58:40 | INFO     | Murray.post_analysis:run_geo_evaluation:68 | Pivot table shape: (260, 32)
2025-09-18 15:58:40 | INFO     | Murray.post_analysis:run_geo_evaluation:81 | Scaling data...
2025-09-18 15:58:40 | INFO     | Murray.post_analysis:run_geo_evaluation:101 | Fitting synthetic control model...
2025-09-18 15:58:48 | INFO     | __main__:<module>:153 | user isaac@entropy.tech logged in
2025-09-18 15:58:57 | INFO     | __main__:<module>:153 | user isaac@entropy.tech logged in
2025-09-18 15:58:59 | INFO     | __main__:<module>:153 | user isaac@entropy.tech logged in
2025-09-18 15:58:59 | INFO     | Murray.metrics:update_metrics:59 | New record added: {'timestamp': '2025-09-18 15:58:59', 'section': 'experimental_evaluation', 'date': '2025-09-18', 'day_of_week': 'Thursday', 'hour': 15}
2025-09-18 15:58:59 | INFO     | Murray.post_analysis:run_geo_evaluation:21 | Starting run_geo_evaluation
2025-09-18 15:58:59 | INFO     | Murray.post_analysis:run_geo_evaluation:22 | Input data shape: (8320, 4)
2025-09-18 15:58:59 | INFO     | Murray.post_analysis:run_geo_evaluation:23 | Treatment group: ['aguascalientes', 'campeche', 'chihuahua', 'guanajuato', 'jalisco', 'oaxaca', 'quintana roo', 'tabasco', 'yucatan']
2025-09-18 15:58:59 | INFO     | Murray.post_analysis:run_geo_evaluation:24 | Start treatment: 2025-07-16 00:00:00, End treatment: 2025-09-17 00:00:00
2025-09-18 15:58:59 | INFO     | Murray.post_analysis:run_geo_evaluation:25 | n_permutations: 50000, significance_level: 0.1
2025-09-18 15:58:59 | INFO     | Murray.post_analysis:run_geo_evaluation:40 | Treatment period positions: 196 to 260
2025-09-18 15:58:59 | INFO     | Murray.post_analysis:run_geo_evaluation:49 | Generating correlation matrix...
2025-09-18 15:58:59 | INFO     | Murray.post_analysis:run_geo_evaluation:52 | Selecting control group...
2025-09-18 15:58:59 | INFO     | Murray.post_analysis:run_geo_evaluation:58 | Control group selected: ['nuevo leon', 'coahuila', 'tamaulipas', 'state of mexico', 'mexico city']
2025-09-18 15:58:59 | INFO     | Murray.post_analysis:run_geo_evaluation:68 | Pivot table shape: (260, 32)
2025-09-18 15:58:59 | INFO     | Murray.post_analysis:run_geo_evaluation:81 | Scaling data...
2025-09-18 15:58:59 | INFO     | Murray.post_analysis:run_geo_evaluation:101 | Fitting synthetic control model...
2025-09-18 15:58:59 | INFO     | Murray.post_analysis:run_geo_evaluation:104 | Model fitted successfully
2025-09-18 15:58:59 | INFO     | Murray.post_analysis:run_geo_evaluation:106 | Making predictions...
2025-09-18 15:58:59 | INFO     | Murray.post_analysis:run_geo_evaluation:137 | Calculating metrics...
2025-09-18 15:58:59 | INFO     | Murray.post_analysis:run_geo_evaluation:138 | Data shapes - treatment: (260,), counterfactual: (260,)
2025-09-18 15:58:59 | INFO     | Murray.post_analysis:run_geo_evaluation:148 | Treatment period sum: 80587.0
2025-09-18 15:58:59 | INFO     | Murray.post_analysis:run_geo_evaluation:149 | Counterfactual period sum: 92793.26012930674
2025-09-18 15:58:59 | INFO     | Murray.post_analysis:run_geo_evaluation:150 | Lift difference (treatment - counterfactual): -12206.260129306742
2025-09-18 15:58:59 | INFO     | Murray.post_analysis:run_geo_evaluation:164 | Observed statistic (sum of residuals): -12206.26012930674
2025-09-18 15:58:59 | INFO     | Murray.post_analysis:run_geo_evaluation:165 | Manual verification - observed_stat should equal lift_difference: -12206.260129306742
2025-09-18 15:58:59 | INFO     | Murray.post_analysis:run_geo_evaluation:167 | Starting permutation test with 50000 permutations...
2025-09-18 15:58:59 | INFO     | Murray.post_analysis:run_geo_evaluation:172 | Completed 10000/50000 permutations
2025-09-18 15:58:59 | INFO     | Murray.post_analysis:run_geo_evaluation:172 | Completed 20000/50000 permutations
2025-09-18 15:58:59 | INFO     | Murray.post_analysis:run_geo_evaluation:172 | Completed 30000/50000 permutations
2025-09-18 15:58:59 | INFO     | Murray.post_analysis:run_geo_evaluation:172 | Completed 40000/50000 permutations
2025-09-18 15:59:00 | INFO     | Murray.post_analysis:run_geo_evaluation:178 | Permutation test completed, calculating p-value and power...
2025-09-18 15:59:00 | INFO     | Murray.post_analysis:run_geo_evaluation:184 | Final results:
2025-09-18 15:59:00 | INFO     | Murray.post_analysis:run_geo_evaluation:185 |   MAPE: 38.1009
2025-09-18 15:59:00 | INFO     | Murray.post_analysis:run_geo_evaluation:186 |   SMAPE: 30.9372
2025-09-18 15:59:00 | INFO     | Murray.post_analysis:run_geo_evaluation:187 |   Percentage lift: -13.1543%
2025-09-18 15:59:00 | INFO     | Murray.post_analysis:run_geo_evaluation:188 |   P-value: 0.004440
2025-09-18 15:59:00 | INFO     | Murray.post_analysis:run_geo_evaluation:189 |   Power: 1.0000
2025-09-18 15:59:00 | INFO     | Murray.post_analysis:run_geo_evaluation:216 | run_geo_evaluation completed successfully
2025-09-18 15:59:09 | INFO     | __main__:<module>:153 | user isaac@entropy.tech logged in
2025-09-18 15:59:11 | INFO     | __main__:<module>:153 | user isaac@entropy.tech logged in
2025-09-18 15:59:11 | INFO     | Murray.metrics:update_metrics:59 | New record added: {'timestamp': '2025-09-18 15:59:11', 'section': 'experimental_evaluation', 'date': '2025-09-18', 'day_of_week': 'Thursday', 'hour': 15}
2025-09-18 15:59:11 | INFO     | Murray.post_analysis:run_geo_evaluation:21 | Starting run_geo_evaluation
2025-09-18 15:59:11 | INFO     | Murray.post_analysis:run_geo_evaluation:22 | Input data shape: (8320, 4)
2025-09-18 15:59:11 | INFO     | Murray.post_analysis:run_geo_evaluation:23 | Treatment group: ['aguascalientes', 'campeche', 'chihuahua', 'guanajuato', 'jalisco', 'oaxaca', 'quintana roo', 'tabasco', 'yucatan']
2025-09-18 15:59:11 | INFO     | Murray.post_analysis:run_geo_evaluation:24 | Start treatment: 2025-07-16 00:00:00, End treatment: 2025-09-06 00:00:00
2025-09-18 15:59:11 | INFO     | Murray.post_analysis:run_geo_evaluation:25 | n_permutations: 50000, significance_level: 0.1
2025-09-18 15:59:11 | INFO     | Murray.post_analysis:run_geo_evaluation:40 | Treatment period positions: 196 to 249
2025-09-18 15:59:11 | INFO     | Murray.post_analysis:run_geo_evaluation:49 | Generating correlation matrix...
2025-09-18 15:59:11 | INFO     | Murray.post_analysis:run_geo_evaluation:52 | Selecting control group...
2025-09-18 15:59:11 | INFO     | Murray.post_analysis:run_geo_evaluation:58 | Control group selected: ['nuevo leon', 'coahuila', 'tamaulipas', 'state of mexico', 'mexico city']
2025-09-18 15:59:11 | INFO     | Murray.post_analysis:run_geo_evaluation:68 | Pivot table shape: (260, 32)
2025-09-18 15:59:11 | INFO     | Murray.post_analysis:run_geo_evaluation:81 | Scaling data...
2025-09-18 15:59:11 | INFO     | Murray.post_analysis:run_geo_evaluation:101 | Fitting synthetic control model...
2025-09-18 15:59:11 | INFO     | Murray.post_analysis:run_geo_evaluation:104 | Model fitted successfully
2025-09-18 15:59:11 | INFO     | Murray.post_analysis:run_geo_evaluation:106 | Making predictions...
2025-09-18 15:59:11 | INFO     | Murray.post_analysis:run_geo_evaluation:137 | Calculating metrics...
2025-09-18 15:59:11 | INFO     | Murray.post_analysis:run_geo_evaluation:138 | Data shapes - treatment: (249,), counterfactual: (249,)
2025-09-18 15:59:11 | INFO     | Murray.post_analysis:run_geo_evaluation:148 | Treatment period sum: 68916.0
2025-09-18 15:59:11 | INFO     | Murray.post_analysis:run_geo_evaluation:149 | Counterfactual period sum: 79265.13100961599
2025-09-18 15:59:11 | INFO     | Murray.post_analysis:run_geo_evaluation:150 | Lift difference (treatment - counterfactual): -10349.131009615987
2025-09-18 15:59:11 | INFO     | Murray.post_analysis:run_geo_evaluation:164 | Observed statistic (sum of residuals): -10349.13100961599
2025-09-18 15:59:11 | INFO     | Murray.post_analysis:run_geo_evaluation:165 | Manual verification - observed_stat should equal lift_difference: -10349.131009615987
2025-09-18 15:59:11 | INFO     | Murray.post_analysis:run_geo_evaluation:167 | Starting permutation test with 50000 permutations...
2025-09-18 15:59:11 | INFO     | Murray.post_analysis:run_geo_evaluation:172 | Completed 10000/50000 permutations
2025-09-18 15:59:11 | INFO     | Murray.post_analysis:run_geo_evaluation:172 | Completed 20000/50000 permutations
2025-09-18 15:59:12 | INFO     | Murray.post_analysis:run_geo_evaluation:172 | Completed 30000/50000 permutations
2025-09-18 15:59:12 | INFO     | Murray.post_analysis:run_geo_evaluation:172 | Completed 40000/50000 permutations
2025-09-18 15:59:12 | INFO     | Murray.post_analysis:run_geo_evaluation:178 | Permutation test completed, calculating p-value and power...
2025-09-18 15:59:12 | INFO     | Murray.post_analysis:run_geo_evaluation:184 | Final results:
2025-09-18 15:59:12 | INFO     | Murray.post_analysis:run_geo_evaluation:185 |   MAPE: 38.5917
2025-09-18 15:59:12 | INFO     | Murray.post_analysis:run_geo_evaluation:186 |   SMAPE: 31.4019
2025-09-18 15:59:12 | INFO     | Murray.post_analysis:run_geo_evaluation:187 |   Percentage lift: -13.0563%
2025-09-18 15:59:12 | INFO     | Murray.post_analysis:run_geo_evaluation:188 |   P-value: 0.008200
2025-09-18 15:59:12 | INFO     | Murray.post_analysis:run_geo_evaluation:189 |   Power: 1.0000
2025-09-18 15:59:12 | INFO     | Murray.post_analysis:run_geo_evaluation:216 | run_geo_evaluation completed successfully
2025-09-18 16:00:46 | INFO     | __main__:<module>:153 | user isaac@entropy.tech logged in
2025-09-18 16:00:51 | INFO     | __main__:<module>:153 | user isaac@entropy.tech logged in
2025-09-18 16:00:56 | INFO     | __main__:<module>:153 | user isaac@entropy.tech logged in
2025-09-18 16:01:03 | INFO     | __main__:<module>:153 | user isaac@entropy.tech logged in
2025-09-18 16:01:05 | INFO     | __main__:<module>:153 | user isaac@entropy.tech logged in
2025-09-18 16:01:06 | INFO     | __main__:<module>:153 | user isaac@entropy.tech logged in
2025-09-18 16:01:07 | INFO     | __main__:<module>:153 | user isaac@entropy.tech logged in
2025-09-18 16:01:12 | INFO     | __main__:<module>:153 | user isaac@entropy.tech logged in
2025-09-18 16:01:13 | INFO     | __main__:<module>:153 | user isaac@entropy.tech logged in
2025-09-18 16:01:15 | INFO     | __main__:<module>:153 | user isaac@entropy.tech logged in
2025-09-18 16:01:17 | INFO     | __main__:<module>:153 | user isaac@entropy.tech logged in
2025-09-18 16:01:34 | INFO     | __main__:<module>:153 | user isaac@entropy.tech logged in
2025-09-18 16:01:35 | INFO     | __main__:<module>:153 | user isaac@entropy.tech logged in
2025-09-18 16:01:37 | INFO     | __main__:<module>:153 | user isaac@entropy.tech logged in
2025-09-18 16:01:37 | INFO     | Murray.metrics:update_metrics:59 | New record added: {'timestamp': '2025-09-18 16:01:37', 'section': 'experimental_evaluation', 'date': '2025-09-18', 'day_of_week': 'Thursday', 'hour': 16}
2025-09-18 16:01:37 | INFO     | Murray.post_analysis:run_geo_evaluation:21 | Starting run_geo_evaluation
2025-09-18 16:01:37 | INFO     | Murray.post_analysis:run_geo_evaluation:22 | Input data shape: (8320, 4)
2025-09-18 16:01:37 | INFO     | Murray.post_analysis:run_geo_evaluation:23 | Treatment group: ['aguascalientes', 'campeche', 'chihuahua', 'guanajuato', 'jalisco', 'oaxaca', 'quintana roo', 'tabasco', 'yucatan']
2025-09-18 16:01:37 | INFO     | Murray.post_analysis:run_geo_evaluation:24 | Start treatment: 2025-07-16 00:00:00, End treatment: 2025-09-17 00:00:00
2025-09-18 16:01:37 | INFO     | Murray.post_analysis:run_geo_evaluation:25 | n_permutations: 50000, significance_level: 0.1
2025-09-18 16:01:37 | INFO     | Murray.post_analysis:run_geo_evaluation:40 | Treatment period positions: 196 to 260
2025-09-18 16:01:37 | INFO     | Murray.post_analysis:run_geo_evaluation:49 | Generating correlation matrix...
2025-09-18 16:01:37 | INFO     | Murray.post_analysis:run_geo_evaluation:52 | Selecting control group...
2025-09-18 16:01:37 | INFO     | Murray.post_analysis:run_geo_evaluation:58 | Control group selected: ['hidalgo', 'zacatecas', 'morelos', 'state of mexico', 'mexico city', 'queretaro']
2025-09-18 16:01:37 | INFO     | Murray.post_analysis:run_geo_evaluation:68 | Pivot table shape: (260, 32)
2025-09-18 16:01:37 | INFO     | Murray.post_analysis:run_geo_evaluation:81 | Scaling data...
2025-09-18 16:01:37 | INFO     | Murray.post_analysis:run_geo_evaluation:101 | Fitting synthetic control model...
2025-09-18 16:01:37 | INFO     | Murray.post_analysis:run_geo_evaluation:104 | Model fitted successfully
2025-09-18 16:01:37 | INFO     | Murray.post_analysis:run_geo_evaluation:106 | Making predictions...
2025-09-18 16:01:37 | INFO     | Murray.post_analysis:run_geo_evaluation:137 | Calculating metrics...
2025-09-18 16:01:37 | INFO     | Murray.post_analysis:run_geo_evaluation:138 | Data shapes - treatment: (260,), counterfactual: (260,)
2025-09-18 16:01:37 | INFO     | Murray.post_analysis:run_geo_evaluation:148 | Treatment period sum: 3343882.0
2025-09-18 16:01:37 | INFO     | Murray.post_analysis:run_geo_evaluation:149 | Counterfactual period sum: 3264717.101199709
2025-09-18 16:01:37 | INFO     | Murray.post_analysis:run_geo_evaluation:150 | Lift difference (treatment - counterfactual): 79164.89880029112
2025-09-18 16:01:37 | INFO     | Murray.post_analysis:run_geo_evaluation:164 | Observed statistic (sum of residuals): 79164.89880029144
2025-09-18 16:01:37 | INFO     | Murray.post_analysis:run_geo_evaluation:165 | Manual verification - observed_stat should equal lift_difference: 79164.89880029112
2025-09-18 16:01:37 | INFO     | Murray.post_analysis:run_geo_evaluation:167 | Starting permutation test with 50000 permutations...
2025-09-18 16:01:37 | INFO     | Murray.post_analysis:run_geo_evaluation:172 | Completed 10000/50000 permutations
2025-09-18 16:01:37 | INFO     | Murray.post_analysis:run_geo_evaluation:172 | Completed 20000/50000 permutations
2025-09-18 16:01:37 | INFO     | Murray.post_analysis:run_geo_evaluation:172 | Completed 30000/50000 permutations
2025-09-18 16:01:37 | INFO     | Murray.post_analysis:run_geo_evaluation:172 | Completed 40000/50000 permutations
2025-09-18 16:01:37 | INFO     | Murray.post_analysis:run_geo_evaluation:178 | Permutation test completed, calculating p-value and power...
2025-09-18 16:01:37 | INFO     | Murray.post_analysis:run_geo_evaluation:184 | Final results:
2025-09-18 16:01:37 | INFO     | Murray.post_analysis:run_geo_evaluation:185 |   MAPE: 12.4980
2025-09-18 16:01:37 | INFO     | Murray.post_analysis:run_geo_evaluation:186 |   SMAPE: 12.2145
2025-09-18 16:01:37 | INFO     | Murray.post_analysis:run_geo_evaluation:187 |   Percentage lift: 2.4249%
2025-09-18 16:01:37 | INFO     | Murray.post_analysis:run_geo_evaluation:188 |   P-value: 0.166820
2025-09-18 16:01:37 | INFO     | Murray.post_analysis:run_geo_evaluation:189 |   Power: 0.0000
2025-09-18 16:01:37 | INFO     | Murray.post_analysis:run_geo_evaluation:216 | run_geo_evaluation completed successfully
2025-09-18 16:03:13 | INFO     | __main__:<module>:153 | user isaac@entropy.tech logged in
2025-09-18 16:03:34 | INFO     | __main__:<module>:153 | user isaac@entropy.tech logged in
2025-09-18 16:03:37 | INFO     | __main__:<module>:153 | user isaac@entropy.tech logged in
2025-09-18 16:03:42 | INFO     | __main__:<module>:153 | user isaac@entropy.tech logged in
2025-09-18 16:03:44 | INFO     | __main__:<module>:153 | user isaac@entropy.tech logged in
2025-09-18 16:03:45 | INFO     | __main__:<module>:153 | user isaac@entropy.tech logged in
2025-09-18 16:03:48 | INFO     | __main__:<module>:153 | user isaac@entropy.tech logged in
2025-09-18 16:04:01 | INFO     | __main__:<module>:153 | user isaac@entropy.tech logged in
2025-09-18 16:04:02 | INFO     | __main__:<module>:153 | user isaac@entropy.tech logged in
2025-09-18 16:04:13 | INFO     | __main__:<module>:153 | user isaac@entropy.tech logged in
2025-09-18 16:04:15 | INFO     | __main__:<module>:153 | user isaac@entropy.tech logged in
2025-09-18 16:04:16 | INFO     | __main__:<module>:153 | user isaac@entropy.tech logged in
2025-09-18 16:04:17 | INFO     | __main__:<module>:153 | user isaac@entropy.tech logged in
2025-09-18 16:04:18 | INFO     | Murray.metrics:update_metrics:59 | New record added: {'timestamp': '2025-09-18 16:04:18', 'section': 'experimental_evaluation', 'date': '2025-09-18', 'day_of_week': 'Thursday', 'hour': 16}
2025-09-18 16:04:18 | INFO     | Murray.post_analysis:run_geo_evaluation:21 | Starting run_geo_evaluation
2025-09-18 16:04:18 | INFO     | Murray.post_analysis:run_geo_evaluation:22 | Input data shape: (8320, 4)
2025-09-18 16:04:18 | INFO     | Murray.post_analysis:run_geo_evaluation:23 | Treatment group: ['aguascalientes', 'campeche', 'chihuahua', 'guanajuato', 'jalisco', 'oaxaca', 'quintana roo', 'tabasco']
2025-09-18 16:04:18 | INFO     | Murray.post_analysis:run_geo_evaluation:24 | Start treatment: 2025-07-16 00:00:00, End treatment: 2025-09-17 00:00:00
2025-09-18 16:04:18 | INFO     | Murray.post_analysis:run_geo_evaluation:25 | n_permutations: 50000, significance_level: 0.1
2025-09-18 16:04:18 | INFO     | Murray.post_analysis:run_geo_evaluation:40 | Treatment period positions: 196 to 260
2025-09-18 16:04:18 | INFO     | Murray.post_analysis:run_geo_evaluation:49 | Generating correlation matrix...
2025-09-18 16:04:18 | INFO     | Murray.post_analysis:run_geo_evaluation:52 | Selecting control group...
2025-09-18 16:04:18 | INFO     | Murray.post_analysis:run_geo_evaluation:58 | Control group selected: ['nuevo leon', 'mexico city', 'morelos', 'state of mexico']
2025-09-18 16:04:18 | INFO     | Murray.post_analysis:run_geo_evaluation:68 | Pivot table shape: (260, 32)
2025-09-18 16:04:18 | INFO     | Murray.post_analysis:run_geo_evaluation:81 | Scaling data...
2025-09-18 16:04:18 | INFO     | Murray.post_analysis:run_geo_evaluation:101 | Fitting synthetic control model...
2025-09-18 16:04:18 | INFO     | Murray.post_analysis:run_geo_evaluation:104 | Model fitted successfully
2025-09-18 16:04:18 | INFO     | Murray.post_analysis:run_geo_evaluation:106 | Making predictions...
2025-09-18 16:04:18 | INFO     | Murray.post_analysis:run_geo_evaluation:137 | Calculating metrics...
2025-09-18 16:04:18 | INFO     | Murray.post_analysis:run_geo_evaluation:138 | Data shapes - treatment: (260,), counterfactual: (260,)
2025-09-18 16:04:18 | INFO     | Murray.post_analysis:run_geo_evaluation:148 | Treatment period sum: 17061025
2025-09-18 16:04:18 | INFO     | Murray.post_analysis:run_geo_evaluation:149 | Counterfactual period sum: 16395975.090621889
2025-09-18 16:04:18 | INFO     | Murray.post_analysis:run_geo_evaluation:150 | Lift difference (treatment - counterfactual): 665049.9093781114
2025-09-18 16:04:18 | INFO     | Murray.post_analysis:run_geo_evaluation:164 | Observed statistic (sum of residuals): 665049.9093781111
2025-09-18 16:04:18 | INFO     | Murray.post_analysis:run_geo_evaluation:165 | Manual verification - observed_stat should equal lift_difference: 665049.9093781114
2025-09-18 16:04:18 | INFO     | Murray.post_analysis:run_geo_evaluation:167 | Starting permutation test with 50000 permutations...
2025-09-18 16:04:18 | INFO     | Murray.post_analysis:run_geo_evaluation:172 | Completed 10000/50000 permutations
2025-09-18 16:04:18 | INFO     | Murray.post_analysis:run_geo_evaluation:172 | Completed 20000/50000 permutations
2025-09-18 16:04:18 | INFO     | Murray.post_analysis:run_geo_evaluation:172 | Completed 30000/50000 permutations
2025-09-18 16:04:18 | INFO     | Murray.post_analysis:run_geo_evaluation:172 | Completed 40000/50000 permutations
2025-09-18 16:04:18 | INFO     | Murray.post_analysis:run_geo_evaluation:178 | Permutation test completed, calculating p-value and power...
2025-09-18 16:04:18 | INFO     | Murray.post_analysis:run_geo_evaluation:184 | Final results:
2025-09-18 16:04:18 | INFO     | Murray.post_analysis:run_geo_evaluation:185 |   MAPE: 12.1167
2025-09-18 16:04:18 | INFO     | Murray.post_analysis:run_geo_evaluation:186 |   SMAPE: 11.9717
2025-09-18 16:04:18 | INFO     | Murray.post_analysis:run_geo_evaluation:187 |   Percentage lift: 4.0562%
2025-09-18 16:04:18 | INFO     | Murray.post_analysis:run_geo_evaluation:188 |   P-value: 0.024080
2025-09-18 16:04:18 | INFO     | Murray.post_analysis:run_geo_evaluation:189 |   Power: 1.0000
2025-09-18 16:04:18 | INFO     | Murray.post_analysis:run_geo_evaluation:216 | run_geo_evaluation completed successfully
2025-09-18 16:05:15 | INFO     | __main__:<module>:153 | user isaac@entropy.tech logged in
2025-09-18 16:05:26 | INFO     | __main__:<module>:153 | user isaac@entropy.tech logged in
2025-09-18 16:05:30 | INFO     | __main__:<module>:153 | user isaac@entropy.tech logged in
2025-09-18 16:05:35 | INFO     | __main__:<module>:153 | user isaac@entropy.tech logged in
2025-09-18 16:05:44 | INFO     | __main__:<module>:153 | user isaac@entropy.tech logged in
2025-09-18 16:05:46 | INFO     | __main__:<module>:153 | user isaac@entropy.tech logged in
2025-09-18 16:05:48 | INFO     | __main__:<module>:153 | user isaac@entropy.tech logged in
2025-09-18 16:05:50 | INFO     | __main__:<module>:153 | user isaac@entropy.tech logged in
2025-09-18 16:05:52 | INFO     | __main__:<module>:153 | user isaac@entropy.tech logged in
2025-09-18 16:05:54 | INFO     | __main__:<module>:153 | user isaac@entropy.tech logged in
2025-09-18 16:05:55 | INFO     | __main__:<module>:153 | user isaac@entropy.tech logged in
2025-09-18 16:05:56 | INFO     | __main__:<module>:153 | user isaac@entropy.tech logged in
2025-09-18 16:05:58 | INFO     | __main__:<module>:153 | user isaac@entropy.tech logged in
2025-09-18 16:05:58 | INFO     | Murray.metrics:update_metrics:59 | New record added: {'timestamp': '2025-09-18 16:05:58', 'section': 'experimental_evaluation', 'date': '2025-09-18', 'day_of_week': 'Thursday', 'hour': 16}
2025-09-18 16:05:58 | INFO     | Murray.post_analysis:run_geo_evaluation:21 | Starting run_geo_evaluation
2025-09-18 16:05:58 | INFO     | Murray.post_analysis:run_geo_evaluation:22 | Input data shape: (7968, 6)
2025-09-18 16:05:58 | INFO     | Murray.post_analysis:run_geo_evaluation:23 | Treatment group: ['aguascalientes', 'campeche', 'guanajuato', 'jalisco', 'oaxaca', 'quintana roo', 'tabasco', 'yucatan']
2025-09-18 16:05:58 | INFO     | Murray.post_analysis:run_geo_evaluation:24 | Start treatment: 2025-07-16 00:00:00, End treatment: 2025-09-06 00:00:00
2025-09-18 16:05:58 | INFO     | Murray.post_analysis:run_geo_evaluation:25 | n_permutations: 50000, significance_level: 0.1
2025-09-18 16:05:58 | INFO     | Murray.post_analysis:run_geo_evaluation:40 | Treatment period positions: 196 to 249
2025-09-18 16:05:58 | INFO     | Murray.post_analysis:run_geo_evaluation:49 | Generating correlation matrix...
2025-09-18 16:05:58 | INFO     | Murray.post_analysis:run_geo_evaluation:52 | Selecting control group...
2025-09-18 16:05:58 | INFO     | Murray.post_analysis:run_geo_evaluation:58 | Control group selected: ['chiapas', 'state of mexico', 'mexico city', 'queretaro', 'nayarit']
2025-09-18 16:05:58 | INFO     | Murray.post_analysis:run_geo_evaluation:68 | Pivot table shape: (249, 32)
2025-09-18 16:05:58 | INFO     | Murray.post_analysis:run_geo_evaluation:81 | Scaling data...
2025-09-18 16:05:58 | INFO     | Murray.post_analysis:run_geo_evaluation:101 | Fitting synthetic control model...
2025-09-18 16:05:58 | INFO     | Murray.post_analysis:run_geo_evaluation:104 | Model fitted successfully
2025-09-18 16:05:58 | INFO     | Murray.post_analysis:run_geo_evaluation:106 | Making predictions...
2025-09-18 16:05:58 | INFO     | Murray.post_analysis:run_geo_evaluation:137 | Calculating metrics...
2025-09-18 16:05:58 | INFO     | Murray.post_analysis:run_geo_evaluation:138 | Data shapes - treatment: (249,), counterfactual: (249,)
2025-09-18 16:05:58 | INFO     | Murray.post_analysis:run_geo_evaluation:148 | Treatment period sum: 369066
2025-09-18 16:05:58 | INFO     | Murray.post_analysis:run_geo_evaluation:149 | Counterfactual period sum: 384818.51480799203
2025-09-18 16:05:58 | INFO     | Murray.post_analysis:run_geo_evaluation:150 | Lift difference (treatment - counterfactual): -15752.514807992033
2025-09-18 16:05:58 | INFO     | Murray.post_analysis:run_geo_evaluation:164 | Observed statistic (sum of residuals): -15752.514807991993
2025-09-18 16:05:58 | INFO     | Murray.post_analysis:run_geo_evaluation:165 | Manual verification - observed_stat should equal lift_difference: -15752.514807992033
2025-09-18 16:05:58 | INFO     | Murray.post_analysis:run_geo_evaluation:167 | Starting permutation test with 50000 permutations...
2025-09-18 16:05:58 | INFO     | Murray.post_analysis:run_geo_evaluation:172 | Completed 10000/50000 permutations
2025-09-18 16:05:58 | INFO     | Murray.post_analysis:run_geo_evaluation:172 | Completed 20000/50000 permutations
2025-09-18 16:05:59 | INFO     | Murray.post_analysis:run_geo_evaluation:172 | Completed 30000/50000 permutations
2025-09-18 16:05:59 | INFO     | Murray.post_analysis:run_geo_evaluation:172 | Completed 40000/50000 permutations
2025-09-18 16:05:59 | INFO     | Murray.post_analysis:run_geo_evaluation:178 | Permutation test completed, calculating p-value and power...
2025-09-18 16:05:59 | INFO     | Murray.post_analysis:run_geo_evaluation:184 | Final results:
2025-09-18 16:05:59 | INFO     | Murray.post_analysis:run_geo_evaluation:185 |   MAPE: 19.9769
2025-09-18 16:05:59 | INFO     | Murray.post_analysis:run_geo_evaluation:186 |   SMAPE: 18.9980
2025-09-18 16:05:59 | INFO     | Murray.post_analysis:run_geo_evaluation:187 |   Percentage lift: -4.0935%
2025-09-18 16:05:59 | INFO     | Murray.post_analysis:run_geo_evaluation:188 |   P-value: 0.153360
2025-09-18 16:05:59 | INFO     | Murray.post_analysis:run_geo_evaluation:189 |   Power: 0.0000
2025-09-18 16:05:59 | INFO     | Murray.post_analysis:run_geo_evaluation:216 | run_geo_evaluation completed successfully
